TimeQuest Timing Analyzer report for Ejercicio_11
Thu Sep 24 13:34:26 2026
Quartus II 64-Bit Version 13.1.0 Build 162 10/23/2013 SJ Web Edition


---------------------
; Table of Contents ;
---------------------
  1. Legal Notice
  2. TimeQuest Timing Analyzer Summary
  3. Parallel Compilation
  4. Clocks
  5. Slow 1100mV 85C Model Fmax Summary
  6. Timing Closure Recommendations
  7. Slow 1100mV 85C Model Setup Summary
  8. Slow 1100mV 85C Model Hold Summary
  9. Slow 1100mV 85C Model Recovery Summary
 10. Slow 1100mV 85C Model Removal Summary
 11. Slow 1100mV 85C Model Minimum Pulse Width Summary
 12. Propagation Delay
 13. Minimum Propagation Delay
 14. Slow 1100mV 85C Model Metastability Report
 15. Slow 1100mV 0C Model Fmax Summary
 16. Slow 1100mV 0C Model Setup Summary
 17. Slow 1100mV 0C Model Hold Summary
 18. Slow 1100mV 0C Model Recovery Summary
 19. Slow 1100mV 0C Model Removal Summary
 20. Slow 1100mV 0C Model Minimum Pulse Width Summary
 21. Propagation Delay
 22. Minimum Propagation Delay
 23. Slow 1100mV 0C Model Metastability Report
 24. Fast 1100mV 85C Model Setup Summary
 25. Fast 1100mV 85C Model Hold Summary
 26. Fast 1100mV 85C Model Recovery Summary
 27. Fast 1100mV 85C Model Removal Summary
 28. Fast 1100mV 85C Model Minimum Pulse Width Summary
 29. Propagation Delay
 30. Minimum Propagation Delay
 31. Fast 1100mV 85C Model Metastability Report
 32. Fast 1100mV 0C Model Setup Summary
 33. Fast 1100mV 0C Model Hold Summary
 34. Fast 1100mV 0C Model Recovery Summary
 35. Fast 1100mV 0C Model Removal Summary
 36. Fast 1100mV 0C Model Minimum Pulse Width Summary
 37. Propagation Delay
 38. Minimum Propagation Delay
 39. Fast 1100mV 0C Model Metastability Report
 40. Multicorner Timing Analysis Summary
 41. Propagation Delay
 42. Minimum Propagation Delay
 43. Board Trace Model Assignments
 44. Input Transition Times
 45. Signal Integrity Metrics (Slow 1100mv 0c Model)
 46. Signal Integrity Metrics (Slow 1100mv 85c Model)
 47. Signal Integrity Metrics (Fast 1100mv 0c Model)
 48. Signal Integrity Metrics (Fast 1100mv 85c Model)
 49. Clock Transfers
 50. Report TCCS
 51. Report RSKM
 52. Unconstrained Paths
 53. TimeQuest Timing Analyzer Messages



----------------
; Legal Notice ;
----------------
Copyright (C) 1991-2013 Altera Corporation
Your use of Altera Corporation's design tools, logic functions 
and other software and tools, and its AMPP partner logic 
functions, and any output files from any of the foregoing 
(including device programming or simulation files), and any 
associated documentation or information are expressly subject 
to the terms and conditions of the Altera Program License 
Subscription Agreement, Altera MegaCore Function License 
Agreement, or other applicable license agreement, including, 
without limitation, that your use is for the sole purpose of 
programming logic devices manufactured by Altera and sold by 
Altera or its authorized distributors.  Please refer to the 
applicable agreement for further details.



+-------------------------------------------------------------------------+
; TimeQuest Timing Analyzer Summary                                       ;
+--------------------+----------------------------------------------------+
; Quartus II Version ; Version 13.1.0 Build 162 10/23/2013 SJ Web Edition ;
; Revision Name      ; Ejercicio_11                                       ;
; Device Family      ; Cyclone V                                          ;
; Device Name        ; 5CEBA4F23C7                                        ;
; Timing Models      ; Final                                              ;
; Delay Model        ; Combined                                           ;
; Rise/Fall Delays   ; Enabled                                            ;
+--------------------+----------------------------------------------------+


Parallel compilation was disabled, but you have multiple processors available. Enable parallel compilation to reduce compilation time.
+-------------------------------------+
; Parallel Compilation                ;
+----------------------------+--------+
; Processors                 ; Number ;
+----------------------------+--------+
; Number detected on machine ; 8      ;
; Maximum allowed            ; 1      ;
+----------------------------+--------+


----------
; Clocks ;
----------
No clocks to report.


--------------------------------------
; Slow 1100mV 85C Model Fmax Summary ;
--------------------------------------
No paths to report.


----------------------------------
; Timing Closure Recommendations ;
----------------------------------
HTML report is unavailable in plain text report export.


---------------------------------------
; Slow 1100mV 85C Model Setup Summary ;
---------------------------------------
No paths to report.


--------------------------------------
; Slow 1100mV 85C Model Hold Summary ;
--------------------------------------
No paths to report.


------------------------------------------
; Slow 1100mV 85C Model Recovery Summary ;
------------------------------------------
No paths to report.


-----------------------------------------
; Slow 1100mV 85C Model Removal Summary ;
-----------------------------------------
No paths to report.


-----------------------------------------------------
; Slow 1100mV 85C Model Minimum Pulse Width Summary ;
-----------------------------------------------------
No paths to report.


+-------------------------------------------------------------+
; Propagation Delay                                           ;
+------------+-------------+--------+--------+--------+-------+
; Input Port ; Output Port ; RR     ; RF     ; FR     ; FF    ;
+------------+-------------+--------+--------+--------+-------+
; SW0        ; LED0        ; 8.244  ;        ;        ; 8.390 ;
; SW0        ; LED1        ; 8.406  ;        ;        ; 8.500 ;
; SW0        ; LED3        ; 8.729  ;        ;        ; 8.765 ;
; SW0        ; LED4        ; 8.376  ;        ;        ; 8.479 ;
; SW0        ; LED6        ; 8.396  ;        ;        ; 8.496 ;
; SW0        ; LED7        ;        ; 8.167  ; 8.595  ;       ;
; SW0        ; LED8        ;        ; 7.837  ; 8.151  ;       ;
; SW0        ; LED10       ;        ; 8.034  ; 8.433  ;       ;
; SW0        ; LED11       ;        ; 7.760  ; 8.045  ;       ;
; SW0        ; LED13       ;        ; 8.628  ; 9.179  ;       ;
; SW0        ; LED14       ; 8.286  ;        ;        ; 8.326 ;
; SW0        ; LED15       ; 8.488  ;        ;        ; 8.437 ;
; SW0        ; LED17       ; 8.140  ;        ;        ; 8.164 ;
; SW0        ; LED18       ; 7.680  ;        ;        ; 7.782 ;
; SW0        ; LED20       ; 8.181  ;        ;        ; 8.219 ;
; SW0        ; LED21       ;        ; 7.716  ; 8.026  ;       ;
; SW0        ; LED22       ;        ; 8.133  ; 8.608  ;       ;
; SW0        ; LED24       ;        ; 8.143  ; 8.610  ;       ;
; SW0        ; LED25       ;        ; 8.151  ; 8.474  ;       ;
; SW0        ; LED27       ;        ; 8.220  ; 8.541  ;       ;
; SW0        ; LED28       ; 8.744  ;        ;        ; 8.621 ;
; SW0        ; LED29       ; 8.292  ;        ;        ; 8.347 ;
; SW0        ; LED31       ; 8.576  ;        ;        ; 8.463 ;
; SW0        ; LED32       ; 8.204  ;        ;        ; 8.263 ;
; SW0        ; LED34       ; 8.196  ;        ;        ; 8.252 ;
; SW0        ; LED35       ;        ; 8.410  ; 8.791  ;       ;
; SW0        ; LED36       ;        ; 8.396  ; 8.778  ;       ;
; SW0        ; LED38       ;        ; 8.763  ; 9.091  ;       ;
; SW0        ; LED39       ;        ; 10.362 ; 11.283 ;       ;
; SW0        ; LED41       ;        ; 8.495  ; 8.879  ;       ;
; SW1        ; LED0        ; 7.606  ;        ;        ; 7.746 ;
; SW1        ; LED1        ; 7.768  ;        ;        ; 7.856 ;
; SW1        ; LED3        ; 8.091  ;        ;        ; 8.121 ;
; SW1        ; LED4        ; 7.738  ;        ;        ; 7.835 ;
; SW1        ; LED6        ; 7.758  ;        ;        ; 7.852 ;
; SW1        ; LED7        ; 7.783  ;        ;        ; 7.726 ;
; SW1        ; LED8        ; 7.339  ;        ;        ; 7.396 ;
; SW1        ; LED10       ; 7.621  ;        ;        ; 7.593 ;
; SW1        ; LED11       ; 7.233  ;        ;        ; 7.319 ;
; SW1        ; LED13       ; 8.367  ;        ;        ; 8.187 ;
; SW1        ; LED14       ;        ; 7.482  ; 7.831  ;       ;
; SW1        ; LED15       ;        ; 7.593  ; 8.033  ;       ;
; SW1        ; LED17       ;        ; 7.320  ; 7.685  ;       ;
; SW1        ; LED18       ;        ; 6.938  ; 7.225  ;       ;
; SW1        ; LED20       ;        ; 7.375  ; 7.726  ;       ;
; SW1        ; LED21       ;        ; 7.071  ; 7.397  ;       ;
; SW1        ; LED22       ;        ; 7.488  ; 7.979  ;       ;
; SW1        ; LED24       ;        ; 7.498  ; 7.981  ;       ;
; SW1        ; LED25       ;        ; 7.506  ; 7.845  ;       ;
; SW1        ; LED27       ;        ; 7.575  ; 7.912  ;       ;
; SW1        ; LED28       ; 8.127  ;        ;        ; 8.000 ;
; SW1        ; LED29       ; 7.675  ;        ;        ; 7.726 ;
; SW1        ; LED31       ; 7.959  ;        ;        ; 7.842 ;
; SW1        ; LED32       ; 7.587  ;        ;        ; 7.642 ;
; SW1        ; LED34       ; 7.579  ;        ;        ; 7.631 ;
; SW1        ; LED35       ; 8.000  ;        ;        ; 7.992 ;
; SW1        ; LED36       ; 7.987  ;        ;        ; 7.978 ;
; SW1        ; LED38       ; 8.300  ;        ;        ; 8.345 ;
; SW1        ; LED39       ; 10.492 ;        ;        ; 9.944 ;
; SW1        ; LED41       ; 8.088  ;        ;        ; 8.077 ;
; SW2        ; LED0        ; 8.358  ;        ;        ; 8.503 ;
; SW2        ; LED1        ; 8.520  ;        ;        ; 8.613 ;
; SW2        ; LED3        ; 8.843  ;        ;        ; 8.878 ;
; SW2        ; LED4        ; 8.490  ;        ;        ; 8.592 ;
; SW2        ; LED6        ; 8.510  ;        ;        ; 8.609 ;
; SW2        ; LED7        ; 8.526  ;        ;        ; 8.475 ;
; SW2        ; LED8        ; 8.082  ;        ;        ; 8.145 ;
; SW2        ; LED10       ; 8.364  ;        ;        ; 8.342 ;
; SW2        ; LED11       ; 7.976  ;        ;        ; 8.068 ;
; SW2        ; LED13       ; 9.110  ;        ;        ; 8.936 ;
; SW2        ; LED14       ; 8.343  ;        ;        ; 8.297 ;
; SW2        ; LED15       ; 8.545  ;        ;        ; 8.408 ;
; SW2        ; LED17       ; 8.197  ;        ;        ; 8.135 ;
; SW2        ; LED18       ; 7.737  ;        ;        ; 7.753 ;
; SW2        ; LED20       ; 8.238  ;        ;        ; 8.190 ;
; SW2        ; LED21       ; 7.958  ;        ;        ; 8.025 ;
; SW2        ; LED22       ; 8.540  ;        ;        ; 8.442 ;
; SW2        ; LED24       ; 8.542  ;        ;        ; 8.452 ;
; SW2        ; LED25       ; 8.406  ;        ;        ; 8.460 ;
; SW2        ; LED27       ; 8.473  ;        ;        ; 8.529 ;
; SW2        ; LED28       ;        ; 8.401  ; 9.012  ;       ;
; SW2        ; LED29       ;        ; 8.127  ; 8.560  ;       ;
; SW2        ; LED31       ;        ; 8.243  ; 8.844  ;       ;
; SW2        ; LED32       ;        ; 8.043  ; 8.472  ;       ;
; SW2        ; LED34       ;        ; 8.032  ; 8.464  ;       ;
; SW2        ; LED35       ;        ; 8.519  ; 8.895  ;       ;
; SW2        ; LED36       ;        ; 8.505  ; 8.882  ;       ;
; SW2        ; LED38       ;        ; 8.872  ; 9.195  ;       ;
; SW2        ; LED39       ;        ; 10.471 ; 11.387 ;       ;
; SW2        ; LED41       ;        ; 8.604  ; 8.983  ;       ;
+------------+-------------+--------+--------+--------+-------+


+-----------------------------------------------------------+
; Minimum Propagation Delay                                 ;
+------------+-------------+-------+-------+--------+-------+
; Input Port ; Output Port ; RR    ; RF    ; FR     ; FF    ;
+------------+-------------+-------+-------+--------+-------+
; SW0        ; LED0        ; 7.516 ;       ;        ; 7.606 ;
; SW0        ; LED1        ; 7.654 ;       ;        ; 7.701 ;
; SW0        ; LED3        ; 7.912 ;       ;        ; 7.931 ;
; SW0        ; LED4        ; 7.625 ;       ;        ; 7.680 ;
; SW0        ; LED6        ; 7.646 ;       ;        ; 7.699 ;
; SW0        ; LED7        ;       ; 7.428 ; 7.768  ;       ;
; SW0        ; LED8        ;       ; 7.146 ; 7.415  ;       ;
; SW0        ; LED10       ;       ; 7.305 ; 7.619  ;       ;
; SW0        ; LED11       ;       ; 7.079 ; 7.324  ;       ;
; SW0        ; LED13       ;       ; 7.820 ; 8.211  ;       ;
; SW0        ; LED14       ; 7.508 ;       ;        ; 7.523 ;
; SW0        ; LED15       ; 7.711 ;       ;        ; 7.641 ;
; SW0        ; LED17       ; 7.387 ;       ;        ; 7.381 ;
; SW0        ; LED18       ; 7.016 ;       ;        ; 7.048 ;
; SW0        ; LED20       ; 7.479 ;       ;        ; 7.460 ;
; SW0        ; LED21       ;       ; 7.024 ; 7.289  ;       ;
; SW0        ; LED22       ;       ; 7.373 ; 7.727  ;       ;
; SW0        ; LED24       ;       ; 7.383 ; 7.728  ;       ;
; SW0        ; LED25       ;       ; 7.407 ; 7.649  ;       ;
; SW0        ; LED27       ;       ; 7.472 ; 7.711  ;       ;
; SW0        ; LED28       ; 7.871 ;       ;        ; 7.783 ;
; SW0        ; LED29       ; 7.541 ;       ;        ; 7.557 ;
; SW0        ; LED31       ; 7.702 ;       ;        ; 7.625 ;
; SW0        ; LED32       ; 7.460 ;       ;        ; 7.478 ;
; SW0        ; LED34       ; 7.464 ;       ;        ; 7.476 ;
; SW0        ; LED35       ;       ; 7.642 ; 7.928  ;       ;
; SW0        ; LED36       ;       ; 7.628 ; 7.914  ;       ;
; SW0        ; LED38       ;       ; 7.964 ; 8.193  ;       ;
; SW0        ; LED39       ;       ; 9.404 ; 10.078 ;       ;
; SW0        ; LED41       ;       ; 7.721 ; 8.010  ;       ;
; SW1        ; LED0        ; 6.934 ;       ;        ; 7.044 ;
; SW1        ; LED1        ; 7.072 ;       ;        ; 7.139 ;
; SW1        ; LED3        ; 7.330 ;       ;        ; 7.369 ;
; SW1        ; LED4        ; 7.043 ;       ;        ; 7.118 ;
; SW1        ; LED6        ; 7.064 ;       ;        ; 7.137 ;
; SW1        ; LED7        ; 7.066 ;       ;        ; 7.012 ;
; SW1        ; LED8        ; 6.713 ;       ;        ; 6.730 ;
; SW1        ; LED10       ; 6.917 ;       ;        ; 6.889 ;
; SW1        ; LED11       ; 6.622 ;       ;        ; 6.663 ;
; SW1        ; LED13       ; 7.509 ;       ;        ; 7.404 ;
; SW1        ; LED14       ;       ; 6.815 ; 7.059  ;       ;
; SW1        ; LED15       ;       ; 6.933 ; 7.262  ;       ;
; SW1        ; LED17       ;       ; 6.673 ; 6.938  ;       ;
; SW1        ; LED18       ;       ; 6.340 ; 6.567  ;       ;
; SW1        ; LED20       ;       ; 6.752 ; 7.030  ;       ;
; SW1        ; LED21       ;       ; 6.459 ; 6.721  ;       ;
; SW1        ; LED22       ;       ; 6.808 ; 7.159  ;       ;
; SW1        ; LED24       ;       ; 6.818 ; 7.160  ;       ;
; SW1        ; LED25       ;       ; 6.842 ; 7.081  ;       ;
; SW1        ; LED27       ;       ; 6.907 ; 7.143  ;       ;
; SW1        ; LED28       ; 7.307 ;       ;        ; 7.242 ;
; SW1        ; LED29       ; 6.977 ;       ;        ; 7.016 ;
; SW1        ; LED31       ; 7.138 ;       ;        ; 7.084 ;
; SW1        ; LED32       ; 6.896 ;       ;        ; 6.937 ;
; SW1        ; LED34       ; 6.900 ;       ;        ; 6.935 ;
; SW1        ; LED35       ; 7.246 ;       ;        ; 7.247 ;
; SW1        ; LED36       ; 7.232 ;       ;        ; 7.233 ;
; SW1        ; LED38       ; 7.511 ;       ;        ; 7.569 ;
; SW1        ; LED39       ; 9.396 ;       ;        ; 9.009 ;
; SW1        ; LED41       ; 7.328 ;       ;        ; 7.326 ;
; SW2        ; LED0        ; 7.622 ;       ;        ; 7.718 ;
; SW2        ; LED1        ; 7.760 ;       ;        ; 7.813 ;
; SW2        ; LED3        ; 8.018 ;       ;        ; 8.043 ;
; SW2        ; LED4        ; 7.731 ;       ;        ; 7.792 ;
; SW2        ; LED6        ; 7.752 ;       ;        ; 7.811 ;
; SW2        ; LED7        ; 7.739 ;       ;        ; 7.679 ;
; SW2        ; LED8        ; 7.386 ;       ;        ; 7.397 ;
; SW2        ; LED10       ; 7.590 ;       ;        ; 7.556 ;
; SW2        ; LED11       ; 7.295 ;       ;        ; 7.330 ;
; SW2        ; LED13       ; 8.182 ;       ;        ; 8.071 ;
; SW2        ; LED14       ; 7.508 ;       ;        ; 7.541 ;
; SW2        ; LED15       ; 7.711 ;       ;        ; 7.659 ;
; SW2        ; LED17       ; 7.387 ;       ;        ; 7.399 ;
; SW2        ; LED18       ; 7.016 ;       ;        ; 7.066 ;
; SW2        ; LED20       ; 7.479 ;       ;        ; 7.478 ;
; SW2        ; LED21       ; 7.261 ;       ;        ; 7.275 ;
; SW2        ; LED22       ; 7.699 ;       ;        ; 7.624 ;
; SW2        ; LED24       ; 7.700 ;       ;        ; 7.634 ;
; SW2        ; LED25       ; 7.621 ;       ;        ; 7.658 ;
; SW2        ; LED27       ; 7.683 ;       ;        ; 7.723 ;
; SW2        ; LED28       ;       ; 7.650 ; 8.025  ;       ;
; SW2        ; LED29       ;       ; 7.424 ; 7.695  ;       ;
; SW2        ; LED31       ;       ; 7.492 ; 7.856  ;       ;
; SW2        ; LED32       ;       ; 7.345 ; 7.614  ;       ;
; SW2        ; LED34       ;       ; 7.343 ; 7.618  ;       ;
; SW2        ; LED35       ;       ; 7.734 ; 8.020  ;       ;
; SW2        ; LED36       ;       ; 7.720 ; 8.006  ;       ;
; SW2        ; LED38       ;       ; 8.056 ; 8.285  ;       ;
; SW2        ; LED39       ;       ; 9.496 ; 10.170 ;       ;
; SW2        ; LED41       ;       ; 7.813 ; 8.102  ;       ;
+------------+-------------+-------+-------+--------+-------+


----------------------------------------------
; Slow 1100mV 85C Model Metastability Report ;
----------------------------------------------
No synchronizer chains to report.


-------------------------------------
; Slow 1100mV 0C Model Fmax Summary ;
-------------------------------------
No paths to report.


--------------------------------------
; Slow 1100mV 0C Model Setup Summary ;
--------------------------------------
No paths to report.


-------------------------------------
; Slow 1100mV 0C Model Hold Summary ;
-------------------------------------
No paths to report.


-----------------------------------------
; Slow 1100mV 0C Model Recovery Summary ;
-----------------------------------------
No paths to report.


----------------------------------------
; Slow 1100mV 0C Model Removal Summary ;
----------------------------------------
No paths to report.


----------------------------------------------------
; Slow 1100mV 0C Model Minimum Pulse Width Summary ;
----------------------------------------------------
No paths to report.


+-------------------------------------------------------------+
; Propagation Delay                                           ;
+------------+-------------+--------+--------+--------+-------+
; Input Port ; Output Port ; RR     ; RF     ; FR     ; FF    ;
+------------+-------------+--------+--------+--------+-------+
; SW0        ; LED0        ; 8.144  ;        ;        ; 8.260 ;
; SW0        ; LED1        ; 8.307  ;        ;        ; 8.378 ;
; SW0        ; LED3        ; 8.621  ;        ;        ; 8.614 ;
; SW0        ; LED4        ; 8.277  ;        ;        ; 8.354 ;
; SW0        ; LED6        ; 8.296  ;        ;        ; 8.374 ;
; SW0        ; LED7        ;        ; 8.052  ; 8.506  ;       ;
; SW0        ; LED8        ;        ; 7.737  ; 8.063  ;       ;
; SW0        ; LED10       ;        ; 7.931  ; 8.347  ;       ;
; SW0        ; LED11       ;        ; 7.654  ; 7.950  ;       ;
; SW0        ; LED13       ;        ; 8.499  ; 9.087  ;       ;
; SW0        ; LED14       ; 8.189  ;        ;        ; 8.246 ;
; SW0        ; LED15       ; 8.382  ;        ;        ; 8.313 ;
; SW0        ; LED17       ; 8.025  ;        ;        ; 8.058 ;
; SW0        ; LED18       ; 7.574  ;        ;        ; 7.698 ;
; SW0        ; LED20       ; 8.087  ;        ;        ; 8.120 ;
; SW0        ; LED21       ;        ; 7.635  ; 7.936  ;       ;
; SW0        ; LED22       ;        ; 8.047  ; 8.522  ;       ;
; SW0        ; LED24       ;        ; 8.052  ; 8.524  ;       ;
; SW0        ; LED25       ;        ; 8.049  ; 8.381  ;       ;
; SW0        ; LED27       ;        ; 8.112  ; 8.445  ;       ;
; SW0        ; LED28       ; 8.658  ;        ;        ; 8.507 ;
; SW0        ; LED29       ; 8.175  ;        ;        ; 8.233 ;
; SW0        ; LED31       ; 8.483  ;        ;        ; 8.366 ;
; SW0        ; LED32       ; 8.087  ;        ;        ; 8.153 ;
; SW0        ; LED34       ; 8.086  ;        ;        ; 8.139 ;
; SW0        ; LED35       ;        ; 8.282  ; 8.690  ;       ;
; SW0        ; LED36       ;        ; 8.263  ; 8.671  ;       ;
; SW0        ; LED38       ;        ; 8.597  ; 8.976  ;       ;
; SW0        ; LED39       ;        ; 10.190 ; 11.223 ;       ;
; SW0        ; LED41       ;        ; 8.369  ; 8.777  ;       ;
; SW1        ; LED0        ; 7.405  ;        ;        ; 7.529 ;
; SW1        ; LED1        ; 7.568  ;        ;        ; 7.647 ;
; SW1        ; LED3        ; 7.882  ;        ;        ; 7.883 ;
; SW1        ; LED4        ; 7.538  ;        ;        ; 7.623 ;
; SW1        ; LED6        ; 7.557  ;        ;        ; 7.643 ;
; SW1        ; LED7        ; 7.581  ;        ;        ; 7.532 ;
; SW1        ; LED8        ; 7.138  ;        ;        ; 7.217 ;
; SW1        ; LED10       ; 7.422  ;        ;        ; 7.411 ;
; SW1        ; LED11       ; 7.025  ;        ;        ; 7.134 ;
; SW1        ; LED13       ; 8.162  ;        ;        ; 7.979 ;
; SW1        ; LED14       ;        ; 7.284  ; 7.658  ;       ;
; SW1        ; LED15       ;        ; 7.351  ; 7.851  ;       ;
; SW1        ; LED17       ;        ; 7.096  ; 7.494  ;       ;
; SW1        ; LED18       ;        ; 6.736  ; 7.043  ;       ;
; SW1        ; LED20       ;        ; 7.158  ; 7.556  ;       ;
; SW1        ; LED21       ;        ; 6.877  ; 7.222  ;       ;
; SW1        ; LED22       ;        ; 7.289  ; 7.808  ;       ;
; SW1        ; LED24       ;        ; 7.294  ; 7.810  ;       ;
; SW1        ; LED25       ;        ; 7.291  ; 7.667  ;       ;
; SW1        ; LED27       ;        ; 7.354  ; 7.731  ;       ;
; SW1        ; LED28       ; 7.945  ;        ;        ; 7.804 ;
; SW1        ; LED29       ; 7.462  ;        ;        ; 7.530 ;
; SW1        ; LED31       ; 7.770  ;        ;        ; 7.663 ;
; SW1        ; LED32       ; 7.374  ;        ;        ; 7.450 ;
; SW1        ; LED34       ; 7.373  ;        ;        ; 7.436 ;
; SW1        ; LED35       ; 7.792  ;        ;        ; 7.790 ;
; SW1        ; LED36       ; 7.773  ;        ;        ; 7.771 ;
; SW1        ; LED38       ; 8.078  ;        ;        ; 8.105 ;
; SW1        ; LED39       ; 10.325 ;        ;        ; 9.698 ;
; SW1        ; LED41       ; 7.879  ;        ;        ; 7.877 ;
; SW2        ; LED0        ; 8.261  ;        ;        ; 8.370 ;
; SW2        ; LED1        ; 8.424  ;        ;        ; 8.488 ;
; SW2        ; LED3        ; 8.738  ;        ;        ; 8.724 ;
; SW2        ; LED4        ; 8.394  ;        ;        ; 8.464 ;
; SW2        ; LED6        ; 8.413  ;        ;        ; 8.484 ;
; SW2        ; LED7        ; 8.432  ;        ;        ; 8.367 ;
; SW2        ; LED8        ; 7.989  ;        ;        ; 8.052 ;
; SW2        ; LED10       ; 8.273  ;        ;        ; 8.246 ;
; SW2        ; LED11       ; 7.876  ;        ;        ; 7.969 ;
; SW2        ; LED13       ; 9.013  ;        ;        ; 8.814 ;
; SW2        ; LED14       ; 8.234  ;        ;        ; 8.190 ;
; SW2        ; LED15       ; 8.427  ;        ;        ; 8.257 ;
; SW2        ; LED17       ; 8.070  ;        ;        ; 8.002 ;
; SW2        ; LED18       ; 7.619  ;        ;        ; 7.642 ;
; SW2        ; LED20       ; 8.132  ;        ;        ; 8.064 ;
; SW2        ; LED21       ; 7.862  ;        ;        ; 7.950 ;
; SW2        ; LED22       ; 8.448  ;        ;        ; 8.362 ;
; SW2        ; LED24       ; 8.450  ;        ;        ; 8.367 ;
; SW2        ; LED25       ; 8.307  ;        ;        ; 8.364 ;
; SW2        ; LED27       ; 8.371  ;        ;        ; 8.427 ;
; SW2        ; LED28       ;        ; 8.250  ; 8.934  ;       ;
; SW2        ; LED29       ;        ; 7.976  ; 8.451  ;       ;
; SW2        ; LED31       ;        ; 8.109  ; 8.759  ;       ;
; SW2        ; LED32       ;        ; 7.896  ; 8.363  ;       ;
; SW2        ; LED34       ;        ; 7.882  ; 8.362  ;       ;
; SW2        ; LED35       ;        ; 8.394  ; 8.795  ;       ;
; SW2        ; LED36       ;        ; 8.375  ; 8.776  ;       ;
; SW2        ; LED38       ;        ; 8.709  ; 9.081  ;       ;
; SW2        ; LED39       ;        ; 10.302 ; 11.328 ;       ;
; SW2        ; LED41       ;        ; 8.481  ; 8.882  ;       ;
+------------+-------------+--------+--------+--------+-------+


+-----------------------------------------------------------+
; Minimum Propagation Delay                                 ;
+------------+-------------+-------+-------+--------+-------+
; Input Port ; Output Port ; RR    ; RF    ; FR     ; FF    ;
+------------+-------------+-------+-------+--------+-------+
; SW0        ; LED0        ; 7.425 ;       ;        ; 7.470 ;
; SW0        ; LED1        ; 7.563 ;       ;        ; 7.571 ;
; SW0        ; LED3        ; 7.816 ;       ;        ; 7.772 ;
; SW0        ; LED4        ; 7.533 ;       ;        ; 7.547 ;
; SW0        ; LED6        ; 7.555 ;       ;        ; 7.569 ;
; SW0        ; LED7        ;       ; 7.312 ; 7.684  ;       ;
; SW0        ; LED8        ;       ; 7.041 ; 7.329  ;       ;
; SW0        ; LED10       ;       ; 7.200 ; 7.538  ;       ;
; SW0        ; LED11       ;       ; 6.970 ; 7.231  ;       ;
; SW0        ; LED13       ;       ; 7.690 ; 8.129  ;       ;
; SW0        ; LED14       ; 7.422 ;       ;        ; 7.434 ;
; SW0        ; LED15       ; 7.616 ;       ;        ; 7.506 ;
; SW0        ; LED17       ; 7.285 ;       ;        ; 7.264 ;
; SW0        ; LED18       ; 6.914 ;       ;        ; 6.954 ;
; SW0        ; LED20       ; 7.393 ;       ;        ; 7.353 ;
; SW0        ; LED21       ;       ; 6.938 ; 7.200  ;       ;
; SW0        ; LED22       ;       ; 7.283 ; 7.650  ;       ;
; SW0        ; LED24       ;       ; 7.287 ; 7.651  ;       ;
; SW0        ; LED25       ;       ; 7.304 ; 7.562  ;       ;
; SW0        ; LED27       ;       ; 7.363 ; 7.623  ;       ;
; SW0        ; LED28       ; 7.798 ;       ;        ; 7.664 ;
; SW0        ; LED29       ; 7.437 ;       ;        ; 7.433 ;
; SW0        ; LED31       ; 7.623 ;       ;        ; 7.522 ;
; SW0        ; LED32       ; 7.355 ;       ;        ; 7.359 ;
; SW0        ; LED34       ; 7.366 ;       ;        ; 7.354 ;
; SW0        ; LED35       ;       ; 7.509 ; 7.838  ;       ;
; SW0        ; LED36       ;       ; 7.490 ; 7.819  ;       ;
; SW0        ; LED38       ;       ; 7.793 ; 8.091  ;       ;
; SW0        ; LED39       ;       ; 9.232 ; 10.024 ;       ;
; SW0        ; LED41       ;       ; 7.589 ; 7.918  ;       ;
; SW1        ; LED0        ; 6.751 ;       ;        ; 6.835 ;
; SW1        ; LED1        ; 6.889 ;       ;        ; 6.936 ;
; SW1        ; LED3        ; 7.142 ;       ;        ; 7.137 ;
; SW1        ; LED4        ; 6.859 ;       ;        ; 6.912 ;
; SW1        ; LED6        ; 6.881 ;       ;        ; 6.934 ;
; SW1        ; LED7        ; 6.880 ;       ;        ; 6.824 ;
; SW1        ; LED8        ; 6.525 ;       ;        ; 6.553 ;
; SW1        ; LED10       ; 6.734 ;       ;        ; 6.712 ;
; SW1        ; LED11       ; 6.427 ;       ;        ; 6.482 ;
; SW1        ; LED13       ; 7.325 ;       ;        ; 7.202 ;
; SW1        ; LED14       ;       ; 6.628 ; 6.903  ;       ;
; SW1        ; LED15       ;       ; 6.700 ; 7.097  ;       ;
; SW1        ; LED17       ;       ; 6.458 ; 6.766  ;       ;
; SW1        ; LED18       ;       ; 6.148 ; 6.395  ;       ;
; SW1        ; LED20       ;       ; 6.547 ; 6.874  ;       ;
; SW1        ; LED21       ;       ; 6.273 ; 6.556  ;       ;
; SW1        ; LED22       ;       ; 6.618 ; 7.006  ;       ;
; SW1        ; LED24       ;       ; 6.622 ; 7.007  ;       ;
; SW1        ; LED25       ;       ; 6.639 ; 6.918  ;       ;
; SW1        ; LED27       ;       ; 6.698 ; 6.979  ;       ;
; SW1        ; LED28       ; 7.145 ;       ;        ; 7.053 ;
; SW1        ; LED29       ; 6.784 ;       ;        ; 6.822 ;
; SW1        ; LED31       ; 6.970 ;       ;        ; 6.911 ;
; SW1        ; LED32       ; 6.702 ;       ;        ; 6.748 ;
; SW1        ; LED34       ; 6.713 ;       ;        ; 6.743 ;
; SW1        ; LED35       ; 7.059 ;       ;        ; 7.046 ;
; SW1        ; LED36       ; 7.040 ;       ;        ; 7.027 ;
; SW1        ; LED38       ; 7.312 ;       ;        ; 7.330 ;
; SW1        ; LED39       ; 9.245 ;       ;        ; 8.769 ;
; SW1        ; LED41       ; 7.139 ;       ;        ; 7.126 ;
; SW2        ; LED0        ; 7.533 ;       ;        ; 7.579 ;
; SW2        ; LED1        ; 7.671 ;       ;        ; 7.680 ;
; SW2        ; LED3        ; 7.924 ;       ;        ; 7.881 ;
; SW2        ; LED4        ; 7.641 ;       ;        ; 7.656 ;
; SW2        ; LED6        ; 7.663 ;       ;        ; 7.678 ;
; SW2        ; LED7        ; 7.652 ;       ;        ; 7.566 ;
; SW2        ; LED8        ; 7.297 ;       ;        ; 7.295 ;
; SW2        ; LED10       ; 7.506 ;       ;        ; 7.454 ;
; SW2        ; LED11       ; 7.199 ;       ;        ; 7.224 ;
; SW2        ; LED13       ; 8.097 ;       ;        ; 7.944 ;
; SW2        ; LED14       ; 7.406 ;       ;        ; 7.434 ;
; SW2        ; LED15       ; 7.600 ;       ;        ; 7.506 ;
; SW2        ; LED17       ; 7.269 ;       ;        ; 7.264 ;
; SW2        ; LED18       ; 6.898 ;       ;        ; 6.954 ;
; SW2        ; LED20       ; 7.377 ;       ;        ; 7.353 ;
; SW2        ; LED21       ; 7.169 ;       ;        ; 7.192 ;
; SW2        ; LED22       ; 7.619 ;       ;        ; 7.537 ;
; SW2        ; LED24       ; 7.620 ;       ;        ; 7.541 ;
; SW2        ; LED25       ; 7.531 ;       ;        ; 7.558 ;
; SW2        ; LED27       ; 7.592 ;       ;        ; 7.617 ;
; SW2        ; LED28       ;       ; 7.505 ; 7.951  ;       ;
; SW2        ; LED29       ;       ; 7.274 ; 7.590  ;       ;
; SW2        ; LED31       ;       ; 7.363 ; 7.776  ;       ;
; SW2        ; LED32       ;       ; 7.200 ; 7.508  ;       ;
; SW2        ; LED34       ;       ; 7.195 ; 7.519  ;       ;
; SW2        ; LED35       ;       ; 7.602 ; 7.928  ;       ;
; SW2        ; LED36       ;       ; 7.583 ; 7.909  ;       ;
; SW2        ; LED38       ;       ; 7.886 ; 8.181  ;       ;
; SW2        ; LED39       ;       ; 9.325 ; 10.114 ;       ;
; SW2        ; LED41       ;       ; 7.682 ; 8.008  ;       ;
+------------+-------------+-------+-------+--------+-------+


---------------------------------------------
; Slow 1100mV 0C Model Metastability Report ;
---------------------------------------------
No synchronizer chains to report.


---------------------------------------
; Fast 1100mV 85C Model Setup Summary ;
---------------------------------------
No paths to report.


--------------------------------------
; Fast 1100mV 85C Model Hold Summary ;
--------------------------------------
No paths to report.


------------------------------------------
; Fast 1100mV 85C Model Recovery Summary ;
------------------------------------------
No paths to report.


-----------------------------------------
; Fast 1100mV 85C Model Removal Summary ;
-----------------------------------------
No paths to report.


-----------------------------------------------------
; Fast 1100mV 85C Model Minimum Pulse Width Summary ;
-----------------------------------------------------
No paths to report.


+----------------------------------------------------------+
; Propagation Delay                                        ;
+------------+-------------+-------+-------+-------+-------+
; Input Port ; Output Port ; RR    ; RF    ; FR    ; FF    ;
+------------+-------------+-------+-------+-------+-------+
; SW0        ; LED0        ; 4.405 ;       ;       ; 4.775 ;
; SW0        ; LED1        ; 4.489 ;       ;       ; 4.822 ;
; SW0        ; LED3        ; 4.665 ;       ;       ; 4.939 ;
; SW0        ; LED4        ; 4.487 ;       ;       ; 4.830 ;
; SW0        ; LED6        ; 4.485 ;       ;       ; 4.822 ;
; SW0        ; LED7        ;       ; 4.259 ; 5.058 ;       ;
; SW0        ; LED8        ;       ; 4.092 ; 4.794 ;       ;
; SW0        ; LED10       ;       ; 4.195 ; 4.963 ;       ;
; SW0        ; LED11       ;       ; 4.019 ; 4.696 ;       ;
; SW0        ; LED13       ;       ; 4.553 ; 5.458 ;       ;
; SW0        ; LED14       ; 4.488 ;       ;       ; 4.785 ;
; SW0        ; LED15       ; 4.554 ;       ;       ; 4.788 ;
; SW0        ; LED17       ; 4.362 ;       ;       ; 4.670 ;
; SW0        ; LED18       ; 4.083 ;       ;       ; 4.468 ;
; SW0        ; LED20       ; 4.376 ;       ;       ; 4.689 ;
; SW0        ; LED21       ;       ; 4.028 ; 4.718 ;       ;
; SW0        ; LED22       ;       ; 4.269 ; 5.111 ;       ;
; SW0        ; LED24       ;       ; 4.288 ; 5.106 ;       ;
; SW0        ; LED25       ;       ; 4.269 ; 5.011 ;       ;
; SW0        ; LED27       ;       ; 4.324 ; 5.045 ;       ;
; SW0        ; LED28       ; 4.766 ;       ;       ; 4.945 ;
; SW0        ; LED29       ; 4.461 ;       ;       ; 4.778 ;
; SW0        ; LED31       ; 4.679 ;       ;       ; 4.878 ;
; SW0        ; LED32       ; 4.409 ;       ;       ; 4.709 ;
; SW0        ; LED34       ; 4.401 ;       ;       ; 4.719 ;
; SW0        ; LED35       ;       ; 4.379 ; 5.180 ;       ;
; SW0        ; LED36       ;       ; 4.392 ; 5.178 ;       ;
; SW0        ; LED38       ;       ; 4.546 ; 5.322 ;       ;
; SW0        ; LED39       ;       ; 5.600 ; 6.874 ;       ;
; SW0        ; LED41       ;       ; 4.438 ; 5.243 ;       ;
; SW1        ; LED0        ; 4.134 ;       ;       ; 4.502 ;
; SW1        ; LED1        ; 4.218 ;       ;       ; 4.549 ;
; SW1        ; LED3        ; 4.394 ;       ;       ; 4.666 ;
; SW1        ; LED4        ; 4.216 ;       ;       ; 4.557 ;
; SW1        ; LED6        ; 4.214 ;       ;       ; 4.549 ;
; SW1        ; LED7        ; 4.270 ;       ;       ; 4.517 ;
; SW1        ; LED8        ; 4.006 ;       ;       ; 4.350 ;
; SW1        ; LED10       ; 4.175 ;       ;       ; 4.453 ;
; SW1        ; LED11       ; 3.908 ;       ;       ; 4.277 ;
; SW1        ; LED13       ; 4.670 ;       ;       ; 4.811 ;
; SW1        ; LED14       ;       ; 3.996 ; 4.730 ;       ;
; SW1        ; LED15       ;       ; 3.999 ; 4.796 ;       ;
; SW1        ; LED17       ;       ; 3.881 ; 4.604 ;       ;
; SW1        ; LED18       ;       ; 3.679 ; 4.325 ;       ;
; SW1        ; LED20       ;       ; 3.900 ; 4.618 ;       ;
; SW1        ; LED21       ;       ; 3.766 ; 4.446 ;       ;
; SW1        ; LED22       ;       ; 4.007 ; 4.839 ;       ;
; SW1        ; LED24       ;       ; 4.026 ; 4.834 ;       ;
; SW1        ; LED25       ;       ; 4.007 ; 4.739 ;       ;
; SW1        ; LED27       ;       ; 4.062 ; 4.773 ;       ;
; SW1        ; LED28       ; 4.518 ;       ;       ; 4.697 ;
; SW1        ; LED29       ; 4.213 ;       ;       ; 4.530 ;
; SW1        ; LED31       ; 4.431 ;       ;       ; 4.630 ;
; SW1        ; LED32       ; 4.161 ;       ;       ; 4.461 ;
; SW1        ; LED34       ; 4.153 ;       ;       ; 4.471 ;
; SW1        ; LED35       ; 4.415 ;       ;       ; 4.662 ;
; SW1        ; LED36       ; 4.413 ;       ;       ; 4.675 ;
; SW1        ; LED38       ; 4.557 ;       ;       ; 4.829 ;
; SW1        ; LED39       ; 6.109 ;       ;       ; 5.883 ;
; SW1        ; LED41       ; 4.478 ;       ;       ; 4.721 ;
; SW2        ; LED0        ; 4.470 ;       ;       ; 4.840 ;
; SW2        ; LED1        ; 4.554 ;       ;       ; 4.887 ;
; SW2        ; LED3        ; 4.730 ;       ;       ; 5.004 ;
; SW2        ; LED4        ; 4.552 ;       ;       ; 4.895 ;
; SW2        ; LED6        ; 4.550 ;       ;       ; 4.887 ;
; SW2        ; LED7        ; 4.601 ;       ;       ; 4.847 ;
; SW2        ; LED8        ; 4.337 ;       ;       ; 4.680 ;
; SW2        ; LED10       ; 4.506 ;       ;       ; 4.783 ;
; SW2        ; LED11       ; 4.239 ;       ;       ; 4.607 ;
; SW2        ; LED13       ; 5.001 ;       ;       ; 5.141 ;
; SW2        ; LED14       ; 4.535 ;       ;       ; 4.812 ;
; SW2        ; LED15       ; 4.601 ;       ;       ; 4.815 ;
; SW2        ; LED17       ; 4.409 ;       ;       ; 4.697 ;
; SW2        ; LED18       ; 4.130 ;       ;       ; 4.495 ;
; SW2        ; LED20       ; 4.423 ;       ;       ; 4.716 ;
; SW2        ; LED21       ; 4.261 ;       ;       ; 4.616 ;
; SW2        ; LED22       ; 4.654 ;       ;       ; 4.857 ;
; SW2        ; LED24       ; 4.649 ;       ;       ; 4.876 ;
; SW2        ; LED25       ; 4.554 ;       ;       ; 4.857 ;
; SW2        ; LED27       ; 4.588 ;       ;       ; 4.912 ;
; SW2        ; LED28       ;       ; 4.438 ; 5.337 ;       ;
; SW2        ; LED29       ;       ; 4.271 ; 5.032 ;       ;
; SW2        ; LED31       ;       ; 4.371 ; 5.250 ;       ;
; SW2        ; LED32       ;       ; 4.202 ; 4.980 ;       ;
; SW2        ; LED34       ;       ; 4.212 ; 4.972 ;       ;
; SW2        ; LED35       ;       ; 4.430 ; 5.230 ;       ;
; SW2        ; LED36       ;       ; 4.443 ; 5.228 ;       ;
; SW2        ; LED38       ;       ; 4.597 ; 5.372 ;       ;
; SW2        ; LED39       ;       ; 5.651 ; 6.924 ;       ;
; SW2        ; LED41       ;       ; 4.489 ; 5.293 ;       ;
+------------+-------------+-------+-------+-------+-------+


+----------------------------------------------------------+
; Minimum Propagation Delay                                ;
+------------+-------------+-------+-------+-------+-------+
; Input Port ; Output Port ; RR    ; RF    ; FR    ; FF    ;
+------------+-------------+-------+-------+-------+-------+
; SW0        ; LED0        ; 4.092 ;       ;       ; 4.425 ;
; SW0        ; LED1        ; 4.161 ;       ;       ; 4.462 ;
; SW0        ; LED3        ; 4.301 ;       ;       ; 4.562 ;
; SW0        ; LED4        ; 4.160 ;       ;       ; 4.470 ;
; SW0        ; LED6        ; 4.158 ;       ;       ; 4.463 ;
; SW0        ; LED7        ;       ; 3.937 ; 4.661 ;       ;
; SW0        ; LED8        ;       ; 3.796 ; 4.453 ;       ;
; SW0        ; LED10       ;       ; 3.876 ; 4.571 ;       ;
; SW0        ; LED11       ;       ; 3.731 ; 4.366 ;       ;
; SW0        ; LED13       ;       ; 4.191 ; 4.973 ;       ;
; SW0        ; LED14       ; 4.132 ;       ;       ; 4.420 ;
; SW0        ; LED15       ; 4.203 ;       ;       ; 4.432 ;
; SW0        ; LED17       ; 4.021 ;       ;       ; 4.317 ;
; SW0        ; LED18       ; 3.796 ;       ;       ; 4.141 ;
; SW0        ; LED20       ; 4.069 ;       ;       ; 4.352 ;
; SW0        ; LED21       ;       ; 3.732 ; 4.377 ;       ;
; SW0        ; LED22       ;       ; 3.931 ; 4.676 ;       ;
; SW0        ; LED24       ;       ; 3.951 ; 4.671 ;       ;
; SW0        ; LED25       ;       ; 3.944 ; 4.619 ;       ;
; SW0        ; LED27       ;       ; 3.996 ; 4.651 ;       ;
; SW0        ; LED28       ; 4.348 ;       ;       ; 4.558 ;
; SW0        ; LED29       ; 4.129 ;       ;       ; 4.422 ;
; SW0        ; LED31       ; 4.261 ;       ;       ; 4.491 ;
; SW0        ; LED32       ; 4.081 ;       ;       ; 4.356 ;
; SW0        ; LED34       ; 4.080 ;       ;       ; 4.372 ;
; SW0        ; LED35       ;       ; 4.046 ; 4.771 ;       ;
; SW0        ; LED36       ;       ; 4.059 ; 4.768 ;       ;
; SW0        ; LED38       ;       ; 4.199 ; 4.899 ;       ;
; SW0        ; LED39       ;       ; 5.158 ; 6.259 ;       ;
; SW0        ; LED41       ;       ; 4.102 ; 4.830 ;       ;
; SW1        ; LED0        ; 3.844 ;       ;       ; 4.180 ;
; SW1        ; LED1        ; 3.913 ;       ;       ; 4.217 ;
; SW1        ; LED3        ; 4.053 ;       ;       ; 4.317 ;
; SW1        ; LED4        ; 3.912 ;       ;       ; 4.225 ;
; SW1        ; LED6        ; 3.910 ;       ;       ; 4.218 ;
; SW1        ; LED7        ; 3.937 ;       ;       ; 4.180 ;
; SW1        ; LED8        ; 3.729 ;       ;       ; 4.039 ;
; SW1        ; LED10       ; 3.847 ;       ;       ; 4.119 ;
; SW1        ; LED11       ; 3.642 ;       ;       ; 3.974 ;
; SW1        ; LED13       ; 4.249 ;       ;       ; 4.434 ;
; SW1        ; LED14       ;       ; 3.699 ; 4.355 ;       ;
; SW1        ; LED15       ;       ; 3.711 ; 4.426 ;       ;
; SW1        ; LED17       ;       ; 3.596 ; 4.244 ;       ;
; SW1        ; LED18       ;       ; 3.420 ; 4.019 ;       ;
; SW1        ; LED20       ;       ; 3.631 ; 4.292 ;       ;
; SW1        ; LED21       ;       ; 3.497 ; 4.126 ;       ;
; SW1        ; LED22       ;       ; 3.696 ; 4.425 ;       ;
; SW1        ; LED24       ;       ; 3.716 ; 4.420 ;       ;
; SW1        ; LED25       ;       ; 3.709 ; 4.368 ;       ;
; SW1        ; LED27       ;       ; 3.761 ; 4.400 ;       ;
; SW1        ; LED28       ; 4.118 ;       ;       ; 4.333 ;
; SW1        ; LED29       ; 3.899 ;       ;       ; 4.197 ;
; SW1        ; LED31       ; 4.031 ;       ;       ; 4.266 ;
; SW1        ; LED32       ; 3.851 ;       ;       ; 4.131 ;
; SW1        ; LED34       ; 3.850 ;       ;       ; 4.147 ;
; SW1        ; LED35       ; 4.067 ;       ;       ; 4.310 ;
; SW1        ; LED36       ; 4.064 ;       ;       ; 4.323 ;
; SW1        ; LED38       ; 4.195 ;       ;       ; 4.463 ;
; SW1        ; LED39       ; 5.555 ;       ;       ; 5.422 ;
; SW1        ; LED41       ; 4.126 ;       ;       ; 4.366 ;
; SW2        ; LED0        ; 4.157 ;       ;       ; 4.492 ;
; SW2        ; LED1        ; 4.226 ;       ;       ; 4.529 ;
; SW2        ; LED3        ; 4.366 ;       ;       ; 4.629 ;
; SW2        ; LED4        ; 4.225 ;       ;       ; 4.537 ;
; SW2        ; LED6        ; 4.223 ;       ;       ; 4.530 ;
; SW2        ; LED7        ; 4.246 ;       ;       ; 4.486 ;
; SW2        ; LED8        ; 4.038 ;       ;       ; 4.345 ;
; SW2        ; LED10       ; 4.156 ;       ;       ; 4.425 ;
; SW2        ; LED11       ; 3.951 ;       ;       ; 4.280 ;
; SW2        ; LED13       ; 4.558 ;       ;       ; 4.740 ;
; SW2        ; LED14       ; 4.159 ;       ;       ; 4.463 ;
; SW2        ; LED15       ; 4.230 ;       ;       ; 4.475 ;
; SW2        ; LED17       ; 4.048 ;       ;       ; 4.360 ;
; SW2        ; LED18       ; 3.823 ;       ;       ; 4.184 ;
; SW2        ; LED20       ; 4.096 ;       ;       ; 4.395 ;
; SW2        ; LED21       ; 3.962 ;       ;       ; 4.281 ;
; SW2        ; LED22       ; 4.261 ;       ;       ; 4.480 ;
; SW2        ; LED24       ; 4.256 ;       ;       ; 4.500 ;
; SW2        ; LED25       ; 4.204 ;       ;       ; 4.493 ;
; SW2        ; LED27       ; 4.236 ;       ;       ; 4.545 ;
; SW2        ; LED28       ;       ; 4.102 ; 4.853 ;       ;
; SW2        ; LED29       ;       ; 3.966 ; 4.634 ;       ;
; SW2        ; LED31       ;       ; 4.035 ; 4.766 ;       ;
; SW2        ; LED32       ;       ; 3.900 ; 4.586 ;       ;
; SW2        ; LED34       ;       ; 3.916 ; 4.585 ;       ;
; SW2        ; LED35       ;       ; 4.096 ; 4.821 ;       ;
; SW2        ; LED36       ;       ; 4.109 ; 4.818 ;       ;
; SW2        ; LED38       ;       ; 4.249 ; 4.949 ;       ;
; SW2        ; LED39       ;       ; 5.208 ; 6.309 ;       ;
; SW2        ; LED41       ;       ; 4.152 ; 4.880 ;       ;
+------------+-------------+-------+-------+-------+-------+


----------------------------------------------
; Fast 1100mV 85C Model Metastability Report ;
----------------------------------------------
No synchronizer chains to report.


--------------------------------------
; Fast 1100mV 0C Model Setup Summary ;
--------------------------------------
No paths to report.


-------------------------------------
; Fast 1100mV 0C Model Hold Summary ;
-------------------------------------
No paths to report.


-----------------------------------------
; Fast 1100mV 0C Model Recovery Summary ;
-----------------------------------------
No paths to report.


----------------------------------------
; Fast 1100mV 0C Model Removal Summary ;
----------------------------------------
No paths to report.


----------------------------------------------------
; Fast 1100mV 0C Model Minimum Pulse Width Summary ;
----------------------------------------------------
No paths to report.


+----------------------------------------------------------+
; Propagation Delay                                        ;
+------------+-------------+-------+-------+-------+-------+
; Input Port ; Output Port ; RR    ; RF    ; FR    ; FF    ;
+------------+-------------+-------+-------+-------+-------+
; SW0        ; LED0        ; 4.151 ;       ;       ; 4.553 ;
; SW0        ; LED1        ; 4.243 ;       ;       ; 4.617 ;
; SW0        ; LED3        ; 4.401 ;       ;       ; 4.717 ;
; SW0        ; LED4        ; 4.233 ;       ;       ; 4.611 ;
; SW0        ; LED6        ; 4.240 ;       ;       ; 4.617 ;
; SW0        ; LED7        ;       ; 4.078 ; 4.799 ;       ;
; SW0        ; LED8        ;       ; 3.911 ; 4.551 ;       ;
; SW0        ; LED10       ;       ; 4.022 ; 4.716 ;       ;
; SW0        ; LED11       ;       ; 3.848 ; 4.465 ;       ;
; SW0        ; LED13       ;       ; 4.345 ; 5.162 ;       ;
; SW0        ; LED14       ; 4.238 ;       ;       ; 4.566 ;
; SW0        ; LED15       ; 4.280 ;       ;       ; 4.575 ;
; SW0        ; LED17       ; 4.107 ;       ;       ; 4.452 ;
; SW0        ; LED18       ; 3.853 ;       ;       ; 4.264 ;
; SW0        ; LED20       ; 4.136 ;       ;       ; 4.504 ;
; SW0        ; LED21       ;       ; 3.835 ; 4.479 ;       ;
; SW0        ; LED22       ;       ; 4.059 ; 4.842 ;       ;
; SW0        ; LED24       ;       ; 4.083 ; 4.837 ;       ;
; SW0        ; LED25       ;       ; 4.041 ; 4.744 ;       ;
; SW0        ; LED27       ;       ; 4.098 ; 4.776 ;       ;
; SW0        ; LED28       ; 4.499 ;       ;       ; 4.750 ;
; SW0        ; LED29       ; 4.203 ;       ;       ; 4.547 ;
; SW0        ; LED31       ; 4.406 ;       ;       ; 4.656 ;
; SW0        ; LED32       ; 4.152 ;       ;       ; 4.474 ;
; SW0        ; LED34       ; 4.140 ;       ;       ; 4.486 ;
; SW0        ; LED35       ;       ; 4.139 ; 4.895 ;       ;
; SW0        ; LED36       ;       ; 4.156 ; 4.890 ;       ;
; SW0        ; LED38       ;       ; 4.287 ; 5.023 ;       ;
; SW0        ; LED39       ;       ; 5.332 ; 6.479 ;       ;
; SW0        ; LED41       ;       ; 4.199 ; 4.959 ;       ;
; SW1        ; LED0        ; 3.872 ;       ;       ; 4.273 ;
; SW1        ; LED1        ; 3.964 ;       ;       ; 4.337 ;
; SW1        ; LED3        ; 4.122 ;       ;       ; 4.437 ;
; SW1        ; LED4        ; 3.954 ;       ;       ; 4.331 ;
; SW1        ; LED6        ; 3.961 ;       ;       ; 4.337 ;
; SW1        ; LED7        ; 4.010 ;       ;       ; 4.322 ;
; SW1        ; LED8        ; 3.762 ;       ;       ; 4.155 ;
; SW1        ; LED10       ; 3.927 ;       ;       ; 4.266 ;
; SW1        ; LED11       ; 3.676 ;       ;       ; 4.092 ;
; SW1        ; LED13       ; 4.373 ;       ;       ; 4.589 ;
; SW1        ; LED14       ;       ; 3.774 ; 4.468 ;       ;
; SW1        ; LED15       ;       ; 3.783 ; 4.510 ;       ;
; SW1        ; LED17       ;       ; 3.660 ; 4.337 ;       ;
; SW1        ; LED18       ;       ; 3.472 ; 4.083 ;       ;
; SW1        ; LED20       ;       ; 3.712 ; 4.366 ;       ;
; SW1        ; LED21       ;       ; 3.561 ; 4.201 ;       ;
; SW1        ; LED22       ;       ; 3.785 ; 4.564 ;       ;
; SW1        ; LED24       ;       ; 3.809 ; 4.559 ;       ;
; SW1        ; LED25       ;       ; 3.767 ; 4.466 ;       ;
; SW1        ; LED27       ;       ; 3.824 ; 4.498 ;       ;
; SW1        ; LED28       ; 4.242 ;       ;       ; 4.495 ;
; SW1        ; LED29       ; 3.946 ;       ;       ; 4.292 ;
; SW1        ; LED31       ; 4.149 ;       ;       ; 4.401 ;
; SW1        ; LED32       ; 3.895 ;       ;       ; 4.219 ;
; SW1        ; LED34       ; 3.883 ;       ;       ; 4.231 ;
; SW1        ; LED35       ; 4.130 ;       ;       ; 4.406 ;
; SW1        ; LED36       ; 4.125 ;       ;       ; 4.423 ;
; SW1        ; LED38       ; 4.258 ;       ;       ; 4.554 ;
; SW1        ; LED39       ; 5.714 ;       ;       ; 5.599 ;
; SW1        ; LED41       ; 4.194 ;       ;       ; 4.466 ;
; SW2        ; LED0        ; 4.216 ;       ;       ; 4.613 ;
; SW2        ; LED1        ; 4.308 ;       ;       ; 4.677 ;
; SW2        ; LED3        ; 4.466 ;       ;       ; 4.777 ;
; SW2        ; LED4        ; 4.298 ;       ;       ; 4.671 ;
; SW2        ; LED6        ; 4.305 ;       ;       ; 4.677 ;
; SW2        ; LED7        ; 4.350 ;       ;       ; 4.655 ;
; SW2        ; LED8        ; 4.102 ;       ;       ; 4.488 ;
; SW2        ; LED10       ; 4.267 ;       ;       ; 4.599 ;
; SW2        ; LED11       ; 4.016 ;       ;       ; 4.425 ;
; SW2        ; LED13       ; 4.713 ;       ;       ; 4.922 ;
; SW2        ; LED14       ; 4.286 ;       ;       ; 4.590 ;
; SW2        ; LED15       ; 4.328 ;       ;       ; 4.599 ;
; SW2        ; LED17       ; 4.155 ;       ;       ; 4.476 ;
; SW2        ; LED18       ; 3.901 ;       ;       ; 4.288 ;
; SW2        ; LED20       ; 4.184 ;       ;       ; 4.528 ;
; SW2        ; LED21       ; 4.030 ;       ;       ; 4.412 ;
; SW2        ; LED22       ; 4.393 ;       ;       ; 4.636 ;
; SW2        ; LED24       ; 4.388 ;       ;       ; 4.660 ;
; SW2        ; LED25       ; 4.295 ;       ;       ; 4.618 ;
; SW2        ; LED27       ; 4.327 ;       ;       ; 4.675 ;
; SW2        ; LED28       ;       ; 4.248 ; 5.061 ;       ;
; SW2        ; LED29       ;       ; 4.045 ; 4.765 ;       ;
; SW2        ; LED31       ;       ; 4.154 ; 4.968 ;       ;
; SW2        ; LED32       ;       ; 3.972 ; 4.714 ;       ;
; SW2        ; LED34       ;       ; 3.984 ; 4.702 ;       ;
; SW2        ; LED35       ;       ; 4.189 ; 4.941 ;       ;
; SW2        ; LED36       ;       ; 4.206 ; 4.936 ;       ;
; SW2        ; LED38       ;       ; 4.337 ; 5.069 ;       ;
; SW2        ; LED39       ;       ; 5.382 ; 6.525 ;       ;
; SW2        ; LED41       ;       ; 4.249 ; 5.005 ;       ;
+------------+-------------+-------+-------+-------+-------+


+----------------------------------------------------------+
; Minimum Propagation Delay                                ;
+------------+-------------+-------+-------+-------+-------+
; Input Port ; Output Port ; RR    ; RF    ; FR    ; FF    ;
+------------+-------------+-------+-------+-------+-------+
; SW0        ; LED0        ; 3.846 ;       ;       ; 4.215 ;
; SW0        ; LED1        ; 3.924 ;       ;       ; 4.270 ;
; SW0        ; LED3        ; 4.054 ;       ;       ; 4.355 ;
; SW0        ; LED4        ; 3.915 ;       ;       ; 4.265 ;
; SW0        ; LED6        ; 3.923 ;       ;       ; 4.271 ;
; SW0        ; LED7        ;       ; 3.763 ; 4.419 ;       ;
; SW0        ; LED8        ;       ; 3.623 ; 4.222 ;       ;
; SW0        ; LED10       ;       ; 3.710 ; 4.341 ;       ;
; SW0        ; LED11       ;       ; 3.566 ; 4.146 ;       ;
; SW0        ; LED13       ;       ; 3.992 ; 4.706 ;       ;
; SW0        ; LED14       ; 3.899 ;       ;       ; 4.211 ;
; SW0        ; LED15       ; 3.950 ;       ;       ; 4.231 ;
; SW0        ; LED17       ; 3.787 ;       ;       ; 4.110 ;
; SW0        ; LED18       ; 3.573 ;       ;       ; 3.945 ;
; SW0        ; LED20       ; 3.840 ;       ;       ; 4.176 ;
; SW0        ; LED21       ;       ; 3.545 ; 4.149 ;       ;
; SW0        ; LED22       ;       ; 3.730 ; 4.434 ;       ;
; SW0        ; LED24       ;       ; 3.753 ; 4.428 ;       ;
; SW0        ; LED25       ;       ; 3.723 ; 4.368 ;       ;
; SW0        ; LED27       ;       ; 3.778 ; 4.397 ;       ;
; SW0        ; LED28       ; 4.104 ;       ;       ; 4.373 ;
; SW0        ; LED29       ; 3.886 ;       ;       ; 4.204 ;
; SW0        ; LED31       ; 4.011 ;       ;       ; 4.279 ;
; SW0        ; LED32       ; 3.839 ;       ;       ; 4.134 ;
; SW0        ; LED34       ; 3.833 ;       ;       ; 4.150 ;
; SW0        ; LED35       ;       ; 3.815 ; 4.512 ;       ;
; SW0        ; LED36       ;       ; 3.831 ; 4.506 ;       ;
; SW0        ; LED38       ;       ; 3.950 ; 4.627 ;       ;
; SW0        ; LED39       ;       ; 4.901 ; 5.896 ;       ;
; SW0        ; LED41       ;       ; 3.871 ; 4.571 ;       ;
; SW1        ; LED0        ; 3.588 ;       ;       ; 3.963 ;
; SW1        ; LED1        ; 3.666 ;       ;       ; 4.018 ;
; SW1        ; LED3        ; 3.796 ;       ;       ; 4.103 ;
; SW1        ; LED4        ; 3.657 ;       ;       ; 4.013 ;
; SW1        ; LED6        ; 3.665 ;       ;       ; 4.019 ;
; SW1        ; LED7        ; 3.688 ;       ;       ; 3.995 ;
; SW1        ; LED8        ; 3.491 ;       ;       ; 3.855 ;
; SW1        ; LED10       ; 3.610 ;       ;       ; 3.942 ;
; SW1        ; LED11       ; 3.415 ;       ;       ; 3.798 ;
; SW1        ; LED13       ; 3.975 ;       ;       ; 4.224 ;
; SW1        ; LED14       ;       ; 3.483 ; 4.113 ;       ;
; SW1        ; LED15       ;       ; 3.503 ; 4.164 ;       ;
; SW1        ; LED17       ;       ; 3.382 ; 4.001 ;       ;
; SW1        ; LED18       ;       ; 3.217 ; 3.787 ;       ;
; SW1        ; LED20       ;       ; 3.448 ; 4.054 ;       ;
; SW1        ; LED21       ;       ; 3.297 ; 3.893 ;       ;
; SW1        ; LED22       ;       ; 3.482 ; 4.178 ;       ;
; SW1        ; LED24       ;       ; 3.505 ; 4.172 ;       ;
; SW1        ; LED25       ;       ; 3.475 ; 4.112 ;       ;
; SW1        ; LED27       ;       ; 3.530 ; 4.141 ;       ;
; SW1        ; LED28       ; 3.864 ;       ;       ; 4.142 ;
; SW1        ; LED29       ; 3.646 ;       ;       ; 3.973 ;
; SW1        ; LED31       ; 3.771 ;       ;       ; 4.048 ;
; SW1        ; LED32       ; 3.599 ;       ;       ; 3.903 ;
; SW1        ; LED34       ; 3.593 ;       ;       ; 3.919 ;
; SW1        ; LED35       ; 3.802 ;       ;       ; 4.070 ;
; SW1        ; LED36       ; 3.796 ;       ;       ; 4.086 ;
; SW1        ; LED38       ; 3.917 ;       ;       ; 4.205 ;
; SW1        ; LED39       ; 5.186 ;       ;       ; 5.156 ;
; SW1        ; LED41       ; 3.861 ;       ;       ; 4.126 ;
; SW2        ; LED0        ; 3.912 ;       ;       ; 4.279 ;
; SW2        ; LED1        ; 3.990 ;       ;       ; 4.334 ;
; SW2        ; LED3        ; 4.120 ;       ;       ; 4.419 ;
; SW2        ; LED4        ; 3.981 ;       ;       ; 4.329 ;
; SW2        ; LED6        ; 3.989 ;       ;       ; 4.335 ;
; SW2        ; LED7        ; 4.008 ;       ;       ; 4.305 ;
; SW2        ; LED8        ; 3.811 ;       ;       ; 4.165 ;
; SW2        ; LED10       ; 3.930 ;       ;       ; 4.252 ;
; SW2        ; LED11       ; 3.735 ;       ;       ; 4.108 ;
; SW2        ; LED13       ; 4.295 ;       ;       ; 4.534 ;
; SW2        ; LED14       ; 3.926 ;       ;       ; 4.252 ;
; SW2        ; LED15       ; 3.977 ;       ;       ; 4.272 ;
; SW2        ; LED17       ; 3.814 ;       ;       ; 4.151 ;
; SW2        ; LED18       ; 3.600 ;       ;       ; 3.986 ;
; SW2        ; LED20       ; 3.867 ;       ;       ; 4.217 ;
; SW2        ; LED21       ; 3.738 ;       ;       ; 4.087 ;
; SW2        ; LED22       ; 4.023 ;       ;       ; 4.272 ;
; SW2        ; LED24       ; 4.017 ;       ;       ; 4.295 ;
; SW2        ; LED25       ; 3.957 ;       ;       ; 4.265 ;
; SW2        ; LED27       ; 3.986 ;       ;       ; 4.320 ;
; SW2        ; LED28       ;       ; 3.918 ; 4.605 ;       ;
; SW2        ; LED29       ;       ; 3.749 ; 4.387 ;       ;
; SW2        ; LED31       ;       ; 3.824 ; 4.512 ;       ;
; SW2        ; LED32       ;       ; 3.679 ; 4.340 ;       ;
; SW2        ; LED34       ;       ; 3.695 ; 4.334 ;       ;
; SW2        ; LED35       ;       ; 3.865 ; 4.559 ;       ;
; SW2        ; LED36       ;       ; 3.881 ; 4.553 ;       ;
; SW2        ; LED38       ;       ; 4.000 ; 4.674 ;       ;
; SW2        ; LED39       ;       ; 4.951 ; 5.943 ;       ;
; SW2        ; LED41       ;       ; 3.921 ; 4.618 ;       ;
+------------+-------------+-------+-------+-------+-------+


---------------------------------------------
; Fast 1100mV 0C Model Metastability Report ;
---------------------------------------------
No synchronizer chains to report.


+----------------------------------------------------------------------------+
; Multicorner Timing Analysis Summary                                        ;
+------------------+-------+------+----------+---------+---------------------+
; Clock            ; Setup ; Hold ; Recovery ; Removal ; Minimum Pulse Width ;
+------------------+-------+------+----------+---------+---------------------+
; Worst-case Slack ; N/A   ; N/A  ; N/A      ; N/A     ; N/A                 ;
; Design-wide TNS  ; 0.0   ; 0.0  ; 0.0      ; 0.0     ; 0.0                 ;
+------------------+-------+------+----------+---------+---------------------+


+-------------------------------------------------------------+
; Propagation Delay                                           ;
+------------+-------------+--------+--------+--------+-------+
; Input Port ; Output Port ; RR     ; RF     ; FR     ; FF    ;
+------------+-------------+--------+--------+--------+-------+
; SW0        ; LED0        ; 8.244  ;        ;        ; 8.390 ;
; SW0        ; LED1        ; 8.406  ;        ;        ; 8.500 ;
; SW0        ; LED3        ; 8.729  ;        ;        ; 8.765 ;
; SW0        ; LED4        ; 8.376  ;        ;        ; 8.479 ;
; SW0        ; LED6        ; 8.396  ;        ;        ; 8.496 ;
; SW0        ; LED7        ;        ; 8.167  ; 8.595  ;       ;
; SW0        ; LED8        ;        ; 7.837  ; 8.151  ;       ;
; SW0        ; LED10       ;        ; 8.034  ; 8.433  ;       ;
; SW0        ; LED11       ;        ; 7.760  ; 8.045  ;       ;
; SW0        ; LED13       ;        ; 8.628  ; 9.179  ;       ;
; SW0        ; LED14       ; 8.286  ;        ;        ; 8.326 ;
; SW0        ; LED15       ; 8.488  ;        ;        ; 8.437 ;
; SW0        ; LED17       ; 8.140  ;        ;        ; 8.164 ;
; SW0        ; LED18       ; 7.680  ;        ;        ; 7.782 ;
; SW0        ; LED20       ; 8.181  ;        ;        ; 8.219 ;
; SW0        ; LED21       ;        ; 7.716  ; 8.026  ;       ;
; SW0        ; LED22       ;        ; 8.133  ; 8.608  ;       ;
; SW0        ; LED24       ;        ; 8.143  ; 8.610  ;       ;
; SW0        ; LED25       ;        ; 8.151  ; 8.474  ;       ;
; SW0        ; LED27       ;        ; 8.220  ; 8.541  ;       ;
; SW0        ; LED28       ; 8.744  ;        ;        ; 8.621 ;
; SW0        ; LED29       ; 8.292  ;        ;        ; 8.347 ;
; SW0        ; LED31       ; 8.576  ;        ;        ; 8.463 ;
; SW0        ; LED32       ; 8.204  ;        ;        ; 8.263 ;
; SW0        ; LED34       ; 8.196  ;        ;        ; 8.252 ;
; SW0        ; LED35       ;        ; 8.410  ; 8.791  ;       ;
; SW0        ; LED36       ;        ; 8.396  ; 8.778  ;       ;
; SW0        ; LED38       ;        ; 8.763  ; 9.091  ;       ;
; SW0        ; LED39       ;        ; 10.362 ; 11.283 ;       ;
; SW0        ; LED41       ;        ; 8.495  ; 8.879  ;       ;
; SW1        ; LED0        ; 7.606  ;        ;        ; 7.746 ;
; SW1        ; LED1        ; 7.768  ;        ;        ; 7.856 ;
; SW1        ; LED3        ; 8.091  ;        ;        ; 8.121 ;
; SW1        ; LED4        ; 7.738  ;        ;        ; 7.835 ;
; SW1        ; LED6        ; 7.758  ;        ;        ; 7.852 ;
; SW1        ; LED7        ; 7.783  ;        ;        ; 7.726 ;
; SW1        ; LED8        ; 7.339  ;        ;        ; 7.396 ;
; SW1        ; LED10       ; 7.621  ;        ;        ; 7.593 ;
; SW1        ; LED11       ; 7.233  ;        ;        ; 7.319 ;
; SW1        ; LED13       ; 8.367  ;        ;        ; 8.187 ;
; SW1        ; LED14       ;        ; 7.482  ; 7.831  ;       ;
; SW1        ; LED15       ;        ; 7.593  ; 8.033  ;       ;
; SW1        ; LED17       ;        ; 7.320  ; 7.685  ;       ;
; SW1        ; LED18       ;        ; 6.938  ; 7.225  ;       ;
; SW1        ; LED20       ;        ; 7.375  ; 7.726  ;       ;
; SW1        ; LED21       ;        ; 7.071  ; 7.397  ;       ;
; SW1        ; LED22       ;        ; 7.488  ; 7.979  ;       ;
; SW1        ; LED24       ;        ; 7.498  ; 7.981  ;       ;
; SW1        ; LED25       ;        ; 7.506  ; 7.845  ;       ;
; SW1        ; LED27       ;        ; 7.575  ; 7.912  ;       ;
; SW1        ; LED28       ; 8.127  ;        ;        ; 8.000 ;
; SW1        ; LED29       ; 7.675  ;        ;        ; 7.726 ;
; SW1        ; LED31       ; 7.959  ;        ;        ; 7.842 ;
; SW1        ; LED32       ; 7.587  ;        ;        ; 7.642 ;
; SW1        ; LED34       ; 7.579  ;        ;        ; 7.631 ;
; SW1        ; LED35       ; 8.000  ;        ;        ; 7.992 ;
; SW1        ; LED36       ; 7.987  ;        ;        ; 7.978 ;
; SW1        ; LED38       ; 8.300  ;        ;        ; 8.345 ;
; SW1        ; LED39       ; 10.492 ;        ;        ; 9.944 ;
; SW1        ; LED41       ; 8.088  ;        ;        ; 8.077 ;
; SW2        ; LED0        ; 8.358  ;        ;        ; 8.503 ;
; SW2        ; LED1        ; 8.520  ;        ;        ; 8.613 ;
; SW2        ; LED3        ; 8.843  ;        ;        ; 8.878 ;
; SW2        ; LED4        ; 8.490  ;        ;        ; 8.592 ;
; SW2        ; LED6        ; 8.510  ;        ;        ; 8.609 ;
; SW2        ; LED7        ; 8.526  ;        ;        ; 8.475 ;
; SW2        ; LED8        ; 8.082  ;        ;        ; 8.145 ;
; SW2        ; LED10       ; 8.364  ;        ;        ; 8.342 ;
; SW2        ; LED11       ; 7.976  ;        ;        ; 8.068 ;
; SW2        ; LED13       ; 9.110  ;        ;        ; 8.936 ;
; SW2        ; LED14       ; 8.343  ;        ;        ; 8.297 ;
; SW2        ; LED15       ; 8.545  ;        ;        ; 8.408 ;
; SW2        ; LED17       ; 8.197  ;        ;        ; 8.135 ;
; SW2        ; LED18       ; 7.737  ;        ;        ; 7.753 ;
; SW2        ; LED20       ; 8.238  ;        ;        ; 8.190 ;
; SW2        ; LED21       ; 7.958  ;        ;        ; 8.025 ;
; SW2        ; LED22       ; 8.540  ;        ;        ; 8.442 ;
; SW2        ; LED24       ; 8.542  ;        ;        ; 8.452 ;
; SW2        ; LED25       ; 8.406  ;        ;        ; 8.460 ;
; SW2        ; LED27       ; 8.473  ;        ;        ; 8.529 ;
; SW2        ; LED28       ;        ; 8.401  ; 9.012  ;       ;
; SW2        ; LED29       ;        ; 8.127  ; 8.560  ;       ;
; SW2        ; LED31       ;        ; 8.243  ; 8.844  ;       ;
; SW2        ; LED32       ;        ; 8.043  ; 8.472  ;       ;
; SW2        ; LED34       ;        ; 8.032  ; 8.464  ;       ;
; SW2        ; LED35       ;        ; 8.519  ; 8.895  ;       ;
; SW2        ; LED36       ;        ; 8.505  ; 8.882  ;       ;
; SW2        ; LED38       ;        ; 8.872  ; 9.195  ;       ;
; SW2        ; LED39       ;        ; 10.471 ; 11.387 ;       ;
; SW2        ; LED41       ;        ; 8.604  ; 8.983  ;       ;
+------------+-------------+--------+--------+--------+-------+


+----------------------------------------------------------+
; Minimum Propagation Delay                                ;
+------------+-------------+-------+-------+-------+-------+
; Input Port ; Output Port ; RR    ; RF    ; FR    ; FF    ;
+------------+-------------+-------+-------+-------+-------+
; SW0        ; LED0        ; 3.846 ;       ;       ; 4.215 ;
; SW0        ; LED1        ; 3.924 ;       ;       ; 4.270 ;
; SW0        ; LED3        ; 4.054 ;       ;       ; 4.355 ;
; SW0        ; LED4        ; 3.915 ;       ;       ; 4.265 ;
; SW0        ; LED6        ; 3.923 ;       ;       ; 4.271 ;
; SW0        ; LED7        ;       ; 3.763 ; 4.419 ;       ;
; SW0        ; LED8        ;       ; 3.623 ; 4.222 ;       ;
; SW0        ; LED10       ;       ; 3.710 ; 4.341 ;       ;
; SW0        ; LED11       ;       ; 3.566 ; 4.146 ;       ;
; SW0        ; LED13       ;       ; 3.992 ; 4.706 ;       ;
; SW0        ; LED14       ; 3.899 ;       ;       ; 4.211 ;
; SW0        ; LED15       ; 3.950 ;       ;       ; 4.231 ;
; SW0        ; LED17       ; 3.787 ;       ;       ; 4.110 ;
; SW0        ; LED18       ; 3.573 ;       ;       ; 3.945 ;
; SW0        ; LED20       ; 3.840 ;       ;       ; 4.176 ;
; SW0        ; LED21       ;       ; 3.545 ; 4.149 ;       ;
; SW0        ; LED22       ;       ; 3.730 ; 4.434 ;       ;
; SW0        ; LED24       ;       ; 3.753 ; 4.428 ;       ;
; SW0        ; LED25       ;       ; 3.723 ; 4.368 ;       ;
; SW0        ; LED27       ;       ; 3.778 ; 4.397 ;       ;
; SW0        ; LED28       ; 4.104 ;       ;       ; 4.373 ;
; SW0        ; LED29       ; 3.886 ;       ;       ; 4.204 ;
; SW0        ; LED31       ; 4.011 ;       ;       ; 4.279 ;
; SW0        ; LED32       ; 3.839 ;       ;       ; 4.134 ;
; SW0        ; LED34       ; 3.833 ;       ;       ; 4.150 ;
; SW0        ; LED35       ;       ; 3.815 ; 4.512 ;       ;
; SW0        ; LED36       ;       ; 3.831 ; 4.506 ;       ;
; SW0        ; LED38       ;       ; 3.950 ; 4.627 ;       ;
; SW0        ; LED39       ;       ; 4.901 ; 5.896 ;       ;
; SW0        ; LED41       ;       ; 3.871 ; 4.571 ;       ;
; SW1        ; LED0        ; 3.588 ;       ;       ; 3.963 ;
; SW1        ; LED1        ; 3.666 ;       ;       ; 4.018 ;
; SW1        ; LED3        ; 3.796 ;       ;       ; 4.103 ;
; SW1        ; LED4        ; 3.657 ;       ;       ; 4.013 ;
; SW1        ; LED6        ; 3.665 ;       ;       ; 4.019 ;
; SW1        ; LED7        ; 3.688 ;       ;       ; 3.995 ;
; SW1        ; LED8        ; 3.491 ;       ;       ; 3.855 ;
; SW1        ; LED10       ; 3.610 ;       ;       ; 3.942 ;
; SW1        ; LED11       ; 3.415 ;       ;       ; 3.798 ;
; SW1        ; LED13       ; 3.975 ;       ;       ; 4.224 ;
; SW1        ; LED14       ;       ; 3.483 ; 4.113 ;       ;
; SW1        ; LED15       ;       ; 3.503 ; 4.164 ;       ;
; SW1        ; LED17       ;       ; 3.382 ; 4.001 ;       ;
; SW1        ; LED18       ;       ; 3.217 ; 3.787 ;       ;
; SW1        ; LED20       ;       ; 3.448 ; 4.054 ;       ;
; SW1        ; LED21       ;       ; 3.297 ; 3.893 ;       ;
; SW1        ; LED22       ;       ; 3.482 ; 4.178 ;       ;
; SW1        ; LED24       ;       ; 3.505 ; 4.172 ;       ;
; SW1        ; LED25       ;       ; 3.475 ; 4.112 ;       ;
; SW1        ; LED27       ;       ; 3.530 ; 4.141 ;       ;
; SW1        ; LED28       ; 3.864 ;       ;       ; 4.142 ;
; SW1        ; LED29       ; 3.646 ;       ;       ; 3.973 ;
; SW1        ; LED31       ; 3.771 ;       ;       ; 4.048 ;
; SW1        ; LED32       ; 3.599 ;       ;       ; 3.903 ;
; SW1        ; LED34       ; 3.593 ;       ;       ; 3.919 ;
; SW1        ; LED35       ; 3.802 ;       ;       ; 4.070 ;
; SW1        ; LED36       ; 3.796 ;       ;       ; 4.086 ;
; SW1        ; LED38       ; 3.917 ;       ;       ; 4.205 ;
; SW1        ; LED39       ; 5.186 ;       ;       ; 5.156 ;
; SW1        ; LED41       ; 3.861 ;       ;       ; 4.126 ;
; SW2        ; LED0        ; 3.912 ;       ;       ; 4.279 ;
; SW2        ; LED1        ; 3.990 ;       ;       ; 4.334 ;
; SW2        ; LED3        ; 4.120 ;       ;       ; 4.419 ;
; SW2        ; LED4        ; 3.981 ;       ;       ; 4.329 ;
; SW2        ; LED6        ; 3.989 ;       ;       ; 4.335 ;
; SW2        ; LED7        ; 4.008 ;       ;       ; 4.305 ;
; SW2        ; LED8        ; 3.811 ;       ;       ; 4.165 ;
; SW2        ; LED10       ; 3.930 ;       ;       ; 4.252 ;
; SW2        ; LED11       ; 3.735 ;       ;       ; 4.108 ;
; SW2        ; LED13       ; 4.295 ;       ;       ; 4.534 ;
; SW2        ; LED14       ; 3.926 ;       ;       ; 4.252 ;
; SW2        ; LED15       ; 3.977 ;       ;       ; 4.272 ;
; SW2        ; LED17       ; 3.814 ;       ;       ; 4.151 ;
; SW2        ; LED18       ; 3.600 ;       ;       ; 3.986 ;
; SW2        ; LED20       ; 3.867 ;       ;       ; 4.217 ;
; SW2        ; LED21       ; 3.738 ;       ;       ; 4.087 ;
; SW2        ; LED22       ; 4.023 ;       ;       ; 4.272 ;
; SW2        ; LED24       ; 4.017 ;       ;       ; 4.295 ;
; SW2        ; LED25       ; 3.957 ;       ;       ; 4.265 ;
; SW2        ; LED27       ; 3.986 ;       ;       ; 4.320 ;
; SW2        ; LED28       ;       ; 3.918 ; 4.605 ;       ;
; SW2        ; LED29       ;       ; 3.749 ; 4.387 ;       ;
; SW2        ; LED31       ;       ; 3.824 ; 4.512 ;       ;
; SW2        ; LED32       ;       ; 3.679 ; 4.340 ;       ;
; SW2        ; LED34       ;       ; 3.695 ; 4.334 ;       ;
; SW2        ; LED35       ;       ; 3.865 ; 4.559 ;       ;
; SW2        ; LED36       ;       ; 3.881 ; 4.553 ;       ;
; SW2        ; LED38       ;       ; 4.000 ; 4.674 ;       ;
; SW2        ; LED39       ;       ; 4.951 ; 5.943 ;       ;
; SW2        ; LED41       ;       ; 3.921 ; 4.618 ;       ;
+------------+-------------+-------+-------+-------+-------+


+----------------------------------------------------------------------------------------------------------------------------------------------------------------------------------------------------------------------------------------------------------------------------------------------------------------------------------------------------------------------------------------------------------+
; Board Trace Model Assignments                                                                                                                                                                                                                                                                                                                                                                            ;
+-------+--------------+-------------------+-------------------------+-------------------------+---------------+---------------------+----------------+------------------+--------+------------------+------------------------+------------------------+--------------+---------------+-----------------+-------+---------------------+--------------------+---------------+-----------------+-------------+
; Pin   ; I/O Standard ; Near Tline Length ; Near Tline L per Length ; Near Tline C per Length ; Near Series R ; Near Differential R ; Near Pull-up R ; Near Pull-down R ; Near C ; Far Tline Length ; Far Tline L per Length ; Far Tline C per Length ; Far Series R ; Far Pull-up R ; Far Pull-down R ; Far C ; Termination Voltage ; Far Differential R ; EBD File Name ; EBD Signal Name ; EBD Far-end ;
+-------+--------------+-------------------+-------------------------+-------------------------+---------------+---------------------+----------------+------------------+--------+------------------+------------------------+------------------------+--------------+---------------+-----------------+-------+---------------------+--------------------+---------------+-----------------+-------------+
; LED0  ; 2.5 V        ; 0 in              ; 0 H/in                  ; 0 F/in                  ; short         ; -                   ; open           ; open             ; open   ; 0 in             ; 0 H/in                 ; 0 F/in                 ; short        ; open          ; open            ; open  ; 0 V                 ; -                  ; n/a           ; n/a             ; n/a         ;
; LED1  ; 2.5 V        ; 0 in              ; 0 H/in                  ; 0 F/in                  ; short         ; -                   ; open           ; open             ; open   ; 0 in             ; 0 H/in                 ; 0 F/in                 ; short        ; open          ; open            ; open  ; 0 V                 ; -                  ; n/a           ; n/a             ; n/a         ;
; LED2  ; 2.5 V        ; 0 in              ; 0 H/in                  ; 0 F/in                  ; short         ; -                   ; open           ; open             ; open   ; 0 in             ; 0 H/in                 ; 0 F/in                 ; short        ; open          ; open            ; open  ; 0 V                 ; -                  ; n/a           ; n/a             ; n/a         ;
; LED3  ; 2.5 V        ; 0 in              ; 0 H/in                  ; 0 F/in                  ; short         ; -                   ; open           ; open             ; open   ; 0 in             ; 0 H/in                 ; 0 F/in                 ; short        ; open          ; open            ; open  ; 0 V                 ; -                  ; n/a           ; n/a             ; n/a         ;
; LED4  ; 2.5 V        ; 0 in              ; 0 H/in                  ; 0 F/in                  ; short         ; -                   ; open           ; open             ; open   ; 0 in             ; 0 H/in                 ; 0 F/in                 ; short        ; open          ; open            ; open  ; 0 V                 ; -                  ; n/a           ; n/a             ; n/a         ;
; LED5  ; 2.5 V        ; 0 in              ; 0 H/in                  ; 0 F/in                  ; short         ; -                   ; open           ; open             ; open   ; 0 in             ; 0 H/in                 ; 0 F/in                 ; short        ; open          ; open            ; open  ; 0 V                 ; -                  ; n/a           ; n/a             ; n/a         ;
; LED6  ; 2.5 V        ; 0 in              ; 0 H/in                  ; 0 F/in                  ; short         ; -                   ; open           ; open             ; open   ; 0 in             ; 0 H/in                 ; 0 F/in                 ; short        ; open          ; open            ; open  ; 0 V                 ; -                  ; n/a           ; n/a             ; n/a         ;
; LED7  ; 2.5 V        ; 0 in              ; 0 H/in                  ; 0 F/in                  ; short         ; -                   ; open           ; open             ; open   ; 0 in             ; 0 H/in                 ; 0 F/in                 ; short        ; open          ; open            ; open  ; 0 V                 ; -                  ; n/a           ; n/a             ; n/a         ;
; LED8  ; 2.5 V        ; 0 in              ; 0 H/in                  ; 0 F/in                  ; short         ; -                   ; open           ; open             ; open   ; 0 in             ; 0 H/in                 ; 0 F/in                 ; short        ; open          ; open            ; open  ; 0 V                 ; -                  ; n/a           ; n/a             ; n/a         ;
; LED9  ; 2.5 V        ; 0 in              ; 0 H/in                  ; 0 F/in                  ; short         ; -                   ; open           ; open             ; open   ; 0 in             ; 0 H/in                 ; 0 F/in                 ; short        ; open          ; open            ; open  ; 0 V                 ; -                  ; n/a           ; n/a             ; n/a         ;
; LED10 ; 2.5 V        ; 0 in              ; 0 H/in                  ; 0 F/in                  ; short         ; -                   ; open           ; open             ; open   ; 0 in             ; 0 H/in                 ; 0 F/in                 ; short        ; open          ; open            ; open  ; 0 V                 ; -                  ; n/a           ; n/a             ; n/a         ;
; LED11 ; 2.5 V        ; 0 in              ; 0 H/in                  ; 0 F/in                  ; short         ; -                   ; open           ; open             ; open   ; 0 in             ; 0 H/in                 ; 0 F/in                 ; short        ; open          ; open            ; open  ; 0 V                 ; -                  ; n/a           ; n/a             ; n/a         ;
; LED12 ; 2.5 V        ; 0 in              ; 0 H/in                  ; 0 F/in                  ; short         ; -                   ; open           ; open             ; open   ; 0 in             ; 0 H/in                 ; 0 F/in                 ; short        ; open          ; open            ; open  ; 0 V                 ; -                  ; n/a           ; n/a             ; n/a         ;
; LED13 ; 2.5 V        ; 0 in              ; 0 H/in                  ; 0 F/in                  ; short         ; -                   ; open           ; open             ; open   ; 0 in             ; 0 H/in                 ; 0 F/in                 ; short        ; open          ; open            ; open  ; 0 V                 ; -                  ; n/a           ; n/a             ; n/a         ;
; LED14 ; 2.5 V        ; 0 in              ; 0 H/in                  ; 0 F/in                  ; short         ; -                   ; open           ; open             ; open   ; 0 in             ; 0 H/in                 ; 0 F/in                 ; short        ; open          ; open            ; open  ; 0 V                 ; -                  ; n/a           ; n/a             ; n/a         ;
; LED15 ; 2.5 V        ; 0 in              ; 0 H/in                  ; 0 F/in                  ; short         ; -                   ; open           ; open             ; open   ; 0 in             ; 0 H/in                 ; 0 F/in                 ; short        ; open          ; open            ; open  ; 0 V                 ; -                  ; n/a           ; n/a             ; n/a         ;
; LED16 ; 2.5 V        ; 0 in              ; 0 H/in                  ; 0 F/in                  ; short         ; -                   ; open           ; open             ; open   ; 0 in             ; 0 H/in                 ; 0 F/in                 ; short        ; open          ; open            ; open  ; 0 V                 ; -                  ; n/a           ; n/a             ; n/a         ;
; LED17 ; 2.5 V        ; 0 in              ; 0 H/in                  ; 0 F/in                  ; short         ; -                   ; open           ; open             ; open   ; 0 in             ; 0 H/in                 ; 0 F/in                 ; short        ; open          ; open            ; open  ; 0 V                 ; -                  ; n/a           ; n/a             ; n/a         ;
; LED18 ; 2.5 V        ; 0 in              ; 0 H/in                  ; 0 F/in                  ; short         ; -                   ; open           ; open             ; open   ; 0 in             ; 0 H/in                 ; 0 F/in                 ; short        ; open          ; open            ; open  ; 0 V                 ; -                  ; n/a           ; n/a             ; n/a         ;
; LED19 ; 2.5 V        ; 0 in              ; 0 H/in                  ; 0 F/in                  ; short         ; -                   ; open           ; open             ; open   ; 0 in             ; 0 H/in                 ; 0 F/in                 ; short        ; open          ; open            ; open  ; 0 V                 ; -                  ; n/a           ; n/a             ; n/a         ;
; LED20 ; 2.5 V        ; 0 in              ; 0 H/in                  ; 0 F/in                  ; short         ; -                   ; open           ; open             ; open   ; 0 in             ; 0 H/in                 ; 0 F/in                 ; short        ; open          ; open            ; open  ; 0 V                 ; -                  ; n/a           ; n/a             ; n/a         ;
; LED21 ; 2.5 V        ; 0 in              ; 0 H/in                  ; 0 F/in                  ; short         ; -                   ; open           ; open             ; open   ; 0 in             ; 0 H/in                 ; 0 F/in                 ; short        ; open          ; open            ; open  ; 0 V                 ; -                  ; n/a           ; n/a             ; n/a         ;
; LED22 ; 2.5 V        ; 0 in              ; 0 H/in                  ; 0 F/in                  ; short         ; -                   ; open           ; open             ; open   ; 0 in             ; 0 H/in                 ; 0 F/in                 ; short        ; open          ; open            ; open  ; 0 V                 ; -                  ; n/a           ; n/a             ; n/a         ;
; LED23 ; 2.5 V        ; 0 in              ; 0 H/in                  ; 0 F/in                  ; short         ; -                   ; open           ; open             ; open   ; 0 in             ; 0 H/in                 ; 0 F/in                 ; short        ; open          ; open            ; open  ; 0 V                 ; -                  ; n/a           ; n/a             ; n/a         ;
; LED24 ; 2.5 V        ; 0 in              ; 0 H/in                  ; 0 F/in                  ; short         ; -                   ; open           ; open             ; open   ; 0 in             ; 0 H/in                 ; 0 F/in                 ; short        ; open          ; open            ; open  ; 0 V                 ; -                  ; n/a           ; n/a             ; n/a         ;
; LED25 ; 2.5 V        ; 0 in              ; 0 H/in                  ; 0 F/in                  ; short         ; -                   ; open           ; open             ; open   ; 0 in             ; 0 H/in                 ; 0 F/in                 ; short        ; open          ; open            ; open  ; 0 V                 ; -                  ; n/a           ; n/a             ; n/a         ;
; LED26 ; 2.5 V        ; 0 in              ; 0 H/in                  ; 0 F/in                  ; short         ; -                   ; open           ; open             ; open   ; 0 in             ; 0 H/in                 ; 0 F/in                 ; short        ; open          ; open            ; open  ; 0 V                 ; -                  ; n/a           ; n/a             ; n/a         ;
; LED27 ; 2.5 V        ; 0 in              ; 0 H/in                  ; 0 F/in                  ; short         ; -                   ; open           ; open             ; open   ; 0 in             ; 0 H/in                 ; 0 F/in                 ; short        ; open          ; open            ; open  ; 0 V                 ; -                  ; n/a           ; n/a             ; n/a         ;
; LED28 ; 2.5 V        ; 0 in              ; 0 H/in                  ; 0 F/in                  ; short         ; -                   ; open           ; open             ; open   ; 0 in             ; 0 H/in                 ; 0 F/in                 ; short        ; open          ; open            ; open  ; 0 V                 ; -                  ; n/a           ; n/a             ; n/a         ;
; LED29 ; 2.5 V        ; 0 in              ; 0 H/in                  ; 0 F/in                  ; short         ; -                   ; open           ; open             ; open   ; 0 in             ; 0 H/in                 ; 0 F/in                 ; short        ; open          ; open            ; open  ; 0 V                 ; -                  ; n/a           ; n/a             ; n/a         ;
; LED30 ; 2.5 V        ; 0 in              ; 0 H/in                  ; 0 F/in                  ; short         ; -                   ; open           ; open             ; open   ; 0 in             ; 0 H/in                 ; 0 F/in                 ; short        ; open          ; open            ; open  ; 0 V                 ; -                  ; n/a           ; n/a             ; n/a         ;
; LED31 ; 2.5 V        ; 0 in              ; 0 H/in                  ; 0 F/in                  ; short         ; -                   ; open           ; open             ; open   ; 0 in             ; 0 H/in                 ; 0 F/in                 ; short        ; open          ; open            ; open  ; 0 V                 ; -                  ; n/a           ; n/a             ; n/a         ;
; LED32 ; 2.5 V        ; 0 in              ; 0 H/in                  ; 0 F/in                  ; short         ; -                   ; open           ; open             ; open   ; 0 in             ; 0 H/in                 ; 0 F/in                 ; short        ; open          ; open            ; open  ; 0 V                 ; -                  ; n/a           ; n/a             ; n/a         ;
; LED33 ; 2.5 V        ; 0 in              ; 0 H/in                  ; 0 F/in                  ; short         ; -                   ; open           ; open             ; open   ; 0 in             ; 0 H/in                 ; 0 F/in                 ; short        ; open          ; open            ; open  ; 0 V                 ; -                  ; n/a           ; n/a             ; n/a         ;
; LED34 ; 2.5 V        ; 0 in              ; 0 H/in                  ; 0 F/in                  ; short         ; -                   ; open           ; open             ; open   ; 0 in             ; 0 H/in                 ; 0 F/in                 ; short        ; open          ; open            ; open  ; 0 V                 ; -                  ; n/a           ; n/a             ; n/a         ;
; LED35 ; 2.5 V        ; 0 in              ; 0 H/in                  ; 0 F/in                  ; short         ; -                   ; open           ; open             ; open   ; 0 in             ; 0 H/in                 ; 0 F/in                 ; short        ; open          ; open            ; open  ; 0 V                 ; -                  ; n/a           ; n/a             ; n/a         ;
; LED36 ; 2.5 V        ; 0 in              ; 0 H/in                  ; 0 F/in                  ; short         ; -                   ; open           ; open             ; open   ; 0 in             ; 0 H/in                 ; 0 F/in                 ; short        ; open          ; open            ; open  ; 0 V                 ; -                  ; n/a           ; n/a             ; n/a         ;
; LED37 ; 2.5 V        ; 0 in              ; 0 H/in                  ; 0 F/in                  ; short         ; -                   ; open           ; open             ; open   ; 0 in             ; 0 H/in                 ; 0 F/in                 ; short        ; open          ; open            ; open  ; 0 V                 ; -                  ; n/a           ; n/a             ; n/a         ;
; LED38 ; 2.5 V        ; 0 in              ; 0 H/in                  ; 0 F/in                  ; short         ; -                   ; open           ; open             ; open   ; 0 in             ; 0 H/in                 ; 0 F/in                 ; short        ; open          ; open            ; open  ; 0 V                 ; -                  ; n/a           ; n/a             ; n/a         ;
; LED39 ; 2.5 V        ; 0 in              ; 0 H/in                  ; 0 F/in                  ; short         ; -                   ; open           ; open             ; open   ; 0 in             ; 0 H/in                 ; 0 F/in                 ; short        ; open          ; open            ; open  ; 0 V                 ; -                  ; n/a           ; n/a             ; n/a         ;
; LED40 ; 2.5 V        ; 0 in              ; 0 H/in                  ; 0 F/in                  ; short         ; -                   ; open           ; open             ; open   ; 0 in             ; 0 H/in                 ; 0 F/in                 ; short        ; open          ; open            ; open  ; 0 V                 ; -                  ; n/a           ; n/a             ; n/a         ;
; LED41 ; 2.5 V        ; 0 in              ; 0 H/in                  ; 0 F/in                  ; short         ; -                   ; open           ; open             ; open   ; 0 in             ; 0 H/in                 ; 0 F/in                 ; short        ; open          ; open            ; open  ; 0 V                 ; -                  ; n/a           ; n/a             ; n/a         ;
+-------+--------------+-------------------+-------------------------+-------------------------+---------------+---------------------+----------------+------------------+--------+------------------+------------------------+------------------------+--------------+---------------+-----------------+-------+---------------------+--------------------+---------------+-----------------+-------------+


+--------------------------------------------------------+
; Input Transition Times                                 ;
+-----+--------------+-----------------+-----------------+
; Pin ; I/O Standard ; 10-90 Rise Time ; 90-10 Fall Time ;
+-----+--------------+-----------------+-----------------+
; SW2 ; 2.5 V        ; 2000 ps         ; 2000 ps         ;
; SW0 ; 2.5 V        ; 2000 ps         ; 2000 ps         ;
; SW1 ; 2.5 V        ; 2000 ps         ; 2000 ps         ;
+-----+--------------+-----------------+-----------------+


+------------------------------------------------------------------------------------------------------------------------------------------------------------------------------------------------------------------------------------------------------------------------------------------------------------------------------------------------------------------------------------------------------------------------------------------------------------------------------------------------------------------------------------------------------------------------------------------------------------------------------------------------------------------------------------+
; Signal Integrity Metrics (Slow 1100mv 0c Model)                                                                                                                                                                                                                                                                                                                                                                                                                                                                                                                                                                                                                                    ;
+-------+--------------+---------------------+---------------------+------------------------------+------------------------------+---------------------+---------------------+--------------------------------------+--------------------------------------+-----------------------------+-----------------------------+----------------------------+----------------------------+-----------------------------+-----------------------------+--------------------+--------------------+-------------------------------------+-------------------------------------+----------------------------+----------------------------+---------------------------+---------------------------+
; Pin   ; I/O Standard ; Board Delay on Rise ; Board Delay on Fall ; Steady State Voh at FPGA Pin ; Steady State Vol at FPGA Pin ; Voh Max at FPGA Pin ; Vol Min at FPGA Pin ; Ringback Voltage on Rise at FPGA Pin ; Ringback Voltage on Fall at FPGA Pin ; 10-90 Rise Time at FPGA Pin ; 90-10 Fall Time at FPGA Pin ; Monotonic Rise at FPGA Pin ; Monotonic Fall at FPGA Pin ; Steady State Voh at Far-end ; Steady State Vol at Far-end ; Voh Max at Far-end ; Vol Min at Far-end ; Ringback Voltage on Rise at Far-end ; Ringback Voltage on Fall at Far-end ; 10-90 Rise Time at Far-end ; 90-10 Fall Time at Far-end ; Monotonic Rise at Far-end ; Monotonic Fall at Far-end ;
+-------+--------------+---------------------+---------------------+------------------------------+------------------------------+---------------------+---------------------+--------------------------------------+--------------------------------------+-----------------------------+-----------------------------+----------------------------+----------------------------+-----------------------------+-----------------------------+--------------------+--------------------+-------------------------------------+-------------------------------------+----------------------------+----------------------------+---------------------------+---------------------------+
; LED0  ; 2.5 V        ; 0 s                 ; 0 s                 ; 2.32 V                       ; 2.15e-07 V                   ; 2.41 V              ; -0.0495 V           ; 0.18 V                               ; 0.115 V                              ; 4.54e-10 s                  ; 4.44e-10 s                  ; No                         ; Yes                        ; 2.32 V                      ; 2.15e-07 V                  ; 2.41 V             ; -0.0495 V          ; 0.18 V                              ; 0.115 V                             ; 4.54e-10 s                 ; 4.44e-10 s                 ; No                        ; Yes                       ;
; LED1  ; 2.5 V        ; 0 s                 ; 0 s                 ; 2.32 V                       ; 2.15e-07 V                   ; 2.41 V              ; -0.0492 V           ; 0.181 V                              ; 0.116 V                              ; 4.54e-10 s                  ; 4.44e-10 s                  ; No                         ; Yes                        ; 2.32 V                      ; 2.15e-07 V                  ; 2.41 V             ; -0.0492 V          ; 0.181 V                             ; 0.116 V                             ; 4.54e-10 s                 ; 4.44e-10 s                 ; No                        ; Yes                       ;
; LED2  ; 2.5 V        ; 0 s                 ; 0 s                 ; 2.32 V                       ; 2.15e-07 V                   ; 2.41 V              ; -0.0492 V           ; 0.181 V                              ; 0.116 V                              ; 4.54e-10 s                  ; 4.44e-10 s                  ; No                         ; Yes                        ; 2.32 V                      ; 2.15e-07 V                  ; 2.41 V             ; -0.0492 V          ; 0.181 V                             ; 0.116 V                             ; 4.54e-10 s                 ; 4.44e-10 s                 ; No                        ; Yes                       ;
; LED3  ; 2.5 V        ; 0 s                 ; 0 s                 ; 2.32 V                       ; 2.15e-07 V                   ; 2.41 V              ; -0.0492 V           ; 0.181 V                              ; 0.116 V                              ; 4.54e-10 s                  ; 4.44e-10 s                  ; No                         ; Yes                        ; 2.32 V                      ; 2.15e-07 V                  ; 2.41 V             ; -0.0492 V          ; 0.181 V                             ; 0.116 V                             ; 4.54e-10 s                 ; 4.44e-10 s                 ; No                        ; Yes                       ;
; LED4  ; 2.5 V        ; 0 s                 ; 0 s                 ; 2.32 V                       ; 2.15e-07 V                   ; 2.41 V              ; -0.0495 V           ; 0.18 V                               ; 0.115 V                              ; 4.54e-10 s                  ; 4.44e-10 s                  ; No                         ; Yes                        ; 2.32 V                      ; 2.15e-07 V                  ; 2.41 V             ; -0.0495 V          ; 0.18 V                              ; 0.115 V                             ; 4.54e-10 s                 ; 4.44e-10 s                 ; No                        ; Yes                       ;
; LED5  ; 2.5 V        ; 0 s                 ; 0 s                 ; 2.32 V                       ; 2.15e-07 V                   ; 2.41 V              ; -0.0495 V           ; 0.18 V                               ; 0.115 V                              ; 4.54e-10 s                  ; 4.44e-10 s                  ; No                         ; Yes                        ; 2.32 V                      ; 2.15e-07 V                  ; 2.41 V             ; -0.0495 V          ; 0.18 V                              ; 0.115 V                             ; 4.54e-10 s                 ; 4.44e-10 s                 ; No                        ; Yes                       ;
; LED6  ; 2.5 V        ; 0 s                 ; 0 s                 ; 2.32 V                       ; 2.15e-07 V                   ; 2.41 V              ; -0.0492 V           ; 0.181 V                              ; 0.116 V                              ; 4.54e-10 s                  ; 4.44e-10 s                  ; No                         ; Yes                        ; 2.32 V                      ; 2.15e-07 V                  ; 2.41 V             ; -0.0492 V          ; 0.181 V                             ; 0.116 V                             ; 4.54e-10 s                 ; 4.44e-10 s                 ; No                        ; Yes                       ;
; LED7  ; 2.5 V        ; 0 s                 ; 0 s                 ; 2.32 V                       ; 2.15e-07 V                   ; 2.41 V              ; -0.0492 V           ; 0.181 V                              ; 0.116 V                              ; 4.54e-10 s                  ; 4.44e-10 s                  ; No                         ; Yes                        ; 2.32 V                      ; 2.15e-07 V                  ; 2.41 V             ; -0.0492 V          ; 0.181 V                             ; 0.116 V                             ; 4.54e-10 s                 ; 4.44e-10 s                 ; No                        ; Yes                       ;
; LED8  ; 2.5 V        ; 0 s                 ; 0 s                 ; 2.32 V                       ; 2.15e-07 V                   ; 2.41 V              ; -0.0495 V           ; 0.18 V                               ; 0.115 V                              ; 4.54e-10 s                  ; 4.44e-10 s                  ; No                         ; Yes                        ; 2.32 V                      ; 2.15e-07 V                  ; 2.41 V             ; -0.0495 V          ; 0.18 V                              ; 0.115 V                             ; 4.54e-10 s                 ; 4.44e-10 s                 ; No                        ; Yes                       ;
; LED9  ; 2.5 V        ; 0 s                 ; 0 s                 ; 2.32 V                       ; 2.15e-07 V                   ; 2.41 V              ; -0.0495 V           ; 0.18 V                               ; 0.115 V                              ; 4.54e-10 s                  ; 4.44e-10 s                  ; No                         ; Yes                        ; 2.32 V                      ; 2.15e-07 V                  ; 2.41 V             ; -0.0495 V          ; 0.18 V                              ; 0.115 V                             ; 4.54e-10 s                 ; 4.44e-10 s                 ; No                        ; Yes                       ;
; LED10 ; 2.5 V        ; 0 s                 ; 0 s                 ; 2.32 V                       ; 2.15e-07 V                   ; 2.41 V              ; -0.0492 V           ; 0.181 V                              ; 0.116 V                              ; 4.54e-10 s                  ; 4.44e-10 s                  ; No                         ; Yes                        ; 2.32 V                      ; 2.15e-07 V                  ; 2.41 V             ; -0.0492 V          ; 0.181 V                             ; 0.116 V                             ; 4.54e-10 s                 ; 4.44e-10 s                 ; No                        ; Yes                       ;
; LED11 ; 2.5 V        ; 0 s                 ; 0 s                 ; 2.32 V                       ; 2.15e-07 V                   ; 2.41 V              ; -0.0492 V           ; 0.181 V                              ; 0.116 V                              ; 4.54e-10 s                  ; 4.44e-10 s                  ; No                         ; Yes                        ; 2.32 V                      ; 2.15e-07 V                  ; 2.41 V             ; -0.0492 V          ; 0.181 V                             ; 0.116 V                             ; 4.54e-10 s                 ; 4.44e-10 s                 ; No                        ; Yes                       ;
; LED12 ; 2.5 V        ; 0 s                 ; 0 s                 ; 2.32 V                       ; 2.15e-07 V                   ; 2.41 V              ; -0.0495 V           ; 0.18 V                               ; 0.115 V                              ; 4.54e-10 s                  ; 4.44e-10 s                  ; No                         ; Yes                        ; 2.32 V                      ; 2.15e-07 V                  ; 2.41 V             ; -0.0495 V          ; 0.18 V                              ; 0.115 V                             ; 4.54e-10 s                 ; 4.44e-10 s                 ; No                        ; Yes                       ;
; LED13 ; 2.5 V        ; 0 s                 ; 0 s                 ; 2.32 V                       ; 2.15e-07 V                   ; 2.41 V              ; -0.0495 V           ; 0.18 V                               ; 0.115 V                              ; 4.54e-10 s                  ; 4.44e-10 s                  ; No                         ; Yes                        ; 2.32 V                      ; 2.15e-07 V                  ; 2.41 V             ; -0.0495 V          ; 0.18 V                              ; 0.115 V                             ; 4.54e-10 s                 ; 4.44e-10 s                 ; No                        ; Yes                       ;
; LED14 ; 2.5 V        ; 0 s                 ; 0 s                 ; 2.32 V                       ; 2.19e-07 V                   ; 2.4 V               ; -0.039 V            ; 0.21 V                               ; 0.145 V                              ; 4.67e-10 s                  ; 4.63e-10 s                  ; No                         ; Yes                        ; 2.32 V                      ; 2.19e-07 V                  ; 2.4 V              ; -0.039 V           ; 0.21 V                              ; 0.145 V                             ; 4.67e-10 s                 ; 4.63e-10 s                 ; No                        ; Yes                       ;
; LED15 ; 2.5 V        ; 0 s                 ; 0 s                 ; 2.32 V                       ; 2.15e-07 V                   ; 2.41 V              ; -0.0495 V           ; 0.18 V                               ; 0.115 V                              ; 4.54e-10 s                  ; 4.44e-10 s                  ; No                         ; Yes                        ; 2.32 V                      ; 2.15e-07 V                  ; 2.41 V             ; -0.0495 V          ; 0.18 V                              ; 0.115 V                             ; 4.54e-10 s                 ; 4.44e-10 s                 ; No                        ; Yes                       ;
; LED16 ; 2.5 V        ; 0 s                 ; 0 s                 ; 2.32 V                       ; 2.15e-07 V                   ; 2.41 V              ; -0.0495 V           ; 0.18 V                               ; 0.115 V                              ; 4.54e-10 s                  ; 4.44e-10 s                  ; No                         ; Yes                        ; 2.32 V                      ; 2.15e-07 V                  ; 2.41 V             ; -0.0495 V          ; 0.18 V                              ; 0.115 V                             ; 4.54e-10 s                 ; 4.44e-10 s                 ; No                        ; Yes                       ;
; LED17 ; 2.5 V        ; 0 s                 ; 0 s                 ; 2.32 V                       ; 1.88e-07 V                   ; 2.35 V              ; -0.0185 V           ; 0.153 V                              ; 0.099 V                              ; 4.6e-10 s                   ; 4.48e-10 s                  ; No                         ; Yes                        ; 2.32 V                      ; 1.88e-07 V                  ; 2.35 V             ; -0.0185 V          ; 0.153 V                             ; 0.099 V                             ; 4.6e-10 s                  ; 4.48e-10 s                 ; No                        ; Yes                       ;
; LED18 ; 2.5 V        ; 0 s                 ; 0 s                 ; 2.32 V                       ; 1.88e-07 V                   ; 2.35 V              ; -0.0185 V           ; 0.153 V                              ; 0.099 V                              ; 4.6e-10 s                   ; 4.48e-10 s                  ; No                         ; Yes                        ; 2.32 V                      ; 1.88e-07 V                  ; 2.35 V             ; -0.0185 V          ; 0.153 V                             ; 0.099 V                             ; 4.6e-10 s                  ; 4.48e-10 s                 ; No                        ; Yes                       ;
; LED19 ; 2.5 V        ; 0 s                 ; 0 s                 ; 2.32 V                       ; 2.15e-07 V                   ; 2.41 V              ; -0.0495 V           ; 0.18 V                               ; 0.115 V                              ; 4.54e-10 s                  ; 4.44e-10 s                  ; No                         ; Yes                        ; 2.32 V                      ; 2.15e-07 V                  ; 2.41 V             ; -0.0495 V          ; 0.18 V                              ; 0.115 V                             ; 4.54e-10 s                 ; 4.44e-10 s                 ; No                        ; Yes                       ;
; LED20 ; 2.5 V        ; 0 s                 ; 0 s                 ; 2.32 V                       ; 2.15e-07 V                   ; 2.41 V              ; -0.0492 V           ; 0.181 V                              ; 0.116 V                              ; 4.54e-10 s                  ; 4.44e-10 s                  ; No                         ; Yes                        ; 2.32 V                      ; 2.15e-07 V                  ; 2.41 V             ; -0.0492 V          ; 0.181 V                             ; 0.116 V                             ; 4.54e-10 s                 ; 4.44e-10 s                 ; No                        ; Yes                       ;
; LED21 ; 2.5 V        ; 0 s                 ; 0 s                 ; 2.32 V                       ; 1.88e-07 V                   ; 2.35 V              ; -0.0185 V           ; 0.153 V                              ; 0.099 V                              ; 4.6e-10 s                   ; 4.48e-10 s                  ; No                         ; Yes                        ; 2.32 V                      ; 1.88e-07 V                  ; 2.35 V             ; -0.0185 V          ; 0.153 V                             ; 0.099 V                             ; 4.6e-10 s                  ; 4.48e-10 s                 ; No                        ; Yes                       ;
; LED22 ; 2.5 V        ; 0 s                 ; 0 s                 ; 2.32 V                       ; 2.19e-07 V                   ; 2.4 V               ; -0.039 V            ; 0.21 V                               ; 0.145 V                              ; 4.67e-10 s                  ; 4.63e-10 s                  ; No                         ; Yes                        ; 2.32 V                      ; 2.19e-07 V                  ; 2.4 V              ; -0.039 V           ; 0.21 V                              ; 0.145 V                             ; 4.67e-10 s                 ; 4.63e-10 s                 ; No                        ; Yes                       ;
; LED23 ; 2.5 V        ; 0 s                 ; 0 s                 ; 2.32 V                       ; 2.19e-07 V                   ; 2.4 V               ; -0.039 V            ; 0.21 V                               ; 0.145 V                              ; 4.67e-10 s                  ; 4.63e-10 s                  ; No                         ; Yes                        ; 2.32 V                      ; 2.19e-07 V                  ; 2.4 V              ; -0.039 V           ; 0.21 V                              ; 0.145 V                             ; 4.67e-10 s                 ; 4.63e-10 s                 ; No                        ; Yes                       ;
; LED24 ; 2.5 V        ; 0 s                 ; 0 s                 ; 2.32 V                       ; 1.88e-07 V                   ; 2.35 V              ; -0.0185 V           ; 0.153 V                              ; 0.099 V                              ; 4.6e-10 s                   ; 4.48e-10 s                  ; No                         ; Yes                        ; 2.32 V                      ; 1.88e-07 V                  ; 2.35 V             ; -0.0185 V          ; 0.153 V                             ; 0.099 V                             ; 4.6e-10 s                  ; 4.48e-10 s                 ; No                        ; Yes                       ;
; LED25 ; 2.5 V        ; 0 s                 ; 0 s                 ; 2.32 V                       ; 2.19e-07 V                   ; 2.4 V               ; -0.039 V            ; 0.21 V                               ; 0.145 V                              ; 4.67e-10 s                  ; 4.63e-10 s                  ; No                         ; Yes                        ; 2.32 V                      ; 2.19e-07 V                  ; 2.4 V              ; -0.039 V           ; 0.21 V                              ; 0.145 V                             ; 4.67e-10 s                 ; 4.63e-10 s                 ; No                        ; Yes                       ;
; LED26 ; 2.5 V        ; 0 s                 ; 0 s                 ; 2.32 V                       ; 2.19e-07 V                   ; 2.4 V               ; -0.039 V            ; 0.21 V                               ; 0.145 V                              ; 4.67e-10 s                  ; 4.63e-10 s                  ; No                         ; Yes                        ; 2.32 V                      ; 2.19e-07 V                  ; 2.4 V              ; -0.039 V           ; 0.21 V                              ; 0.145 V                             ; 4.67e-10 s                 ; 4.63e-10 s                 ; No                        ; Yes                       ;
; LED27 ; 2.5 V        ; 0 s                 ; 0 s                 ; 2.32 V                       ; 1.88e-07 V                   ; 2.35 V              ; -0.0185 V           ; 0.153 V                              ; 0.099 V                              ; 4.6e-10 s                   ; 4.48e-10 s                  ; No                         ; Yes                        ; 2.32 V                      ; 1.88e-07 V                  ; 2.35 V             ; -0.0185 V          ; 0.153 V                             ; 0.099 V                             ; 4.6e-10 s                  ; 4.48e-10 s                 ; No                        ; Yes                       ;
; LED28 ; 2.5 V        ; 0 s                 ; 0 s                 ; 2.32 V                       ; 2.15e-07 V                   ; 2.41 V              ; -0.0492 V           ; 0.181 V                              ; 0.116 V                              ; 4.54e-10 s                  ; 4.44e-10 s                  ; No                         ; Yes                        ; 2.32 V                      ; 2.15e-07 V                  ; 2.41 V             ; -0.0492 V          ; 0.181 V                             ; 0.116 V                             ; 4.54e-10 s                 ; 4.44e-10 s                 ; No                        ; Yes                       ;
; LED29 ; 2.5 V        ; 0 s                 ; 0 s                 ; 2.32 V                       ; 1.88e-07 V                   ; 2.35 V              ; -0.0185 V           ; 0.153 V                              ; 0.099 V                              ; 4.6e-10 s                   ; 4.48e-10 s                  ; No                         ; Yes                        ; 2.32 V                      ; 1.88e-07 V                  ; 2.35 V             ; -0.0185 V          ; 0.153 V                             ; 0.099 V                             ; 4.6e-10 s                  ; 4.48e-10 s                 ; No                        ; Yes                       ;
; LED30 ; 2.5 V        ; 0 s                 ; 0 s                 ; 2.32 V                       ; 1.88e-07 V                   ; 2.35 V              ; -0.0185 V           ; 0.153 V                              ; 0.099 V                              ; 4.6e-10 s                   ; 4.48e-10 s                  ; No                         ; Yes                        ; 2.32 V                      ; 1.88e-07 V                  ; 2.35 V             ; -0.0185 V          ; 0.153 V                             ; 0.099 V                             ; 4.6e-10 s                  ; 4.48e-10 s                 ; No                        ; Yes                       ;
; LED31 ; 2.5 V        ; 0 s                 ; 0 s                 ; 2.32 V                       ; 1.88e-07 V                   ; 2.35 V              ; -0.0185 V           ; 0.153 V                              ; 0.099 V                              ; 4.6e-10 s                   ; 4.48e-10 s                  ; No                         ; Yes                        ; 2.32 V                      ; 1.88e-07 V                  ; 2.35 V             ; -0.0185 V          ; 0.153 V                             ; 0.099 V                             ; 4.6e-10 s                  ; 4.48e-10 s                 ; No                        ; Yes                       ;
; LED32 ; 2.5 V        ; 0 s                 ; 0 s                 ; 2.32 V                       ; 2.19e-07 V                   ; 2.4 V               ; -0.039 V            ; 0.21 V                               ; 0.145 V                              ; 4.67e-10 s                  ; 4.63e-10 s                  ; No                         ; Yes                        ; 2.32 V                      ; 2.19e-07 V                  ; 2.4 V              ; -0.039 V           ; 0.21 V                              ; 0.145 V                             ; 4.67e-10 s                 ; 4.63e-10 s                 ; No                        ; Yes                       ;
; LED33 ; 2.5 V        ; 0 s                 ; 0 s                 ; 2.32 V                       ; 2.19e-07 V                   ; 2.4 V               ; -0.039 V            ; 0.21 V                               ; 0.145 V                              ; 4.67e-10 s                  ; 4.63e-10 s                  ; No                         ; Yes                        ; 2.32 V                      ; 2.19e-07 V                  ; 2.4 V              ; -0.039 V           ; 0.21 V                              ; 0.145 V                             ; 4.67e-10 s                 ; 4.63e-10 s                 ; No                        ; Yes                       ;
; LED34 ; 2.5 V        ; 0 s                 ; 0 s                 ; 2.32 V                       ; 1.88e-07 V                   ; 2.35 V              ; -0.0185 V           ; 0.153 V                              ; 0.099 V                              ; 4.6e-10 s                   ; 4.48e-10 s                  ; No                         ; Yes                        ; 2.32 V                      ; 1.88e-07 V                  ; 2.35 V             ; -0.0185 V          ; 0.153 V                             ; 0.099 V                             ; 4.6e-10 s                  ; 4.48e-10 s                 ; No                        ; Yes                       ;
; LED35 ; 2.5 V        ; 0 s                 ; 0 s                 ; 2.32 V                       ; 2.19e-07 V                   ; 2.4 V               ; -0.039 V            ; 0.21 V                               ; 0.145 V                              ; 4.67e-10 s                  ; 4.63e-10 s                  ; No                         ; Yes                        ; 2.32 V                      ; 2.19e-07 V                  ; 2.4 V              ; -0.039 V           ; 0.21 V                              ; 0.145 V                             ; 4.67e-10 s                 ; 4.63e-10 s                 ; No                        ; Yes                       ;
; LED36 ; 2.5 V        ; 0 s                 ; 0 s                 ; 2.32 V                       ; 1.88e-07 V                   ; 2.35 V              ; -0.0185 V           ; 0.153 V                              ; 0.099 V                              ; 4.6e-10 s                   ; 4.48e-10 s                  ; No                         ; Yes                        ; 2.32 V                      ; 1.88e-07 V                  ; 2.35 V             ; -0.0185 V          ; 0.153 V                             ; 0.099 V                             ; 4.6e-10 s                  ; 4.48e-10 s                 ; No                        ; Yes                       ;
; LED37 ; 2.5 V        ; 0 s                 ; 0 s                 ; 2.32 V                       ; 1.88e-07 V                   ; 2.35 V              ; -0.0185 V           ; 0.153 V                              ; 0.099 V                              ; 4.6e-10 s                   ; 4.48e-10 s                  ; No                         ; Yes                        ; 2.32 V                      ; 1.88e-07 V                  ; 2.35 V             ; -0.0185 V          ; 0.153 V                             ; 0.099 V                             ; 4.6e-10 s                  ; 4.48e-10 s                 ; No                        ; Yes                       ;
; LED38 ; 2.5 V        ; 0 s                 ; 0 s                 ; 2.32 V                       ; 1.88e-07 V                   ; 2.35 V              ; -0.0185 V           ; 0.153 V                              ; 0.099 V                              ; 4.6e-10 s                   ; 4.48e-10 s                  ; No                         ; Yes                        ; 2.32 V                      ; 1.88e-07 V                  ; 2.35 V             ; -0.0185 V          ; 0.153 V                             ; 0.099 V                             ; 4.6e-10 s                  ; 4.48e-10 s                 ; No                        ; Yes                       ;
; LED39 ; 2.5 V        ; 0 s                 ; 0 s                 ; 2.32 V                       ; 2.15e-07 V                   ; 2.41 V              ; -0.0495 V           ; 0.18 V                               ; 0.115 V                              ; 4.54e-10 s                  ; 4.44e-10 s                  ; No                         ; Yes                        ; 2.32 V                      ; 2.15e-07 V                  ; 2.41 V             ; -0.0495 V          ; 0.18 V                              ; 0.115 V                             ; 4.54e-10 s                 ; 4.44e-10 s                 ; No                        ; Yes                       ;
; LED40 ; 2.5 V        ; 0 s                 ; 0 s                 ; 2.32 V                       ; 2.15e-07 V                   ; 2.41 V              ; -0.0492 V           ; 0.181 V                              ; 0.116 V                              ; 4.54e-10 s                  ; 4.44e-10 s                  ; No                         ; Yes                        ; 2.32 V                      ; 2.15e-07 V                  ; 2.41 V             ; -0.0492 V          ; 0.181 V                             ; 0.116 V                             ; 4.54e-10 s                 ; 4.44e-10 s                 ; No                        ; Yes                       ;
; LED41 ; 2.5 V        ; 0 s                 ; 0 s                 ; 2.32 V                       ; 2.19e-07 V                   ; 2.4 V               ; -0.039 V            ; 0.21 V                               ; 0.145 V                              ; 4.67e-10 s                  ; 4.63e-10 s                  ; No                         ; Yes                        ; 2.32 V                      ; 2.19e-07 V                  ; 2.4 V              ; -0.039 V           ; 0.21 V                              ; 0.145 V                             ; 4.67e-10 s                 ; 4.63e-10 s                 ; No                        ; Yes                       ;
+-------+--------------+---------------------+---------------------+------------------------------+------------------------------+---------------------+---------------------+--------------------------------------+--------------------------------------+-----------------------------+-----------------------------+----------------------------+----------------------------+-----------------------------+-----------------------------+--------------------+--------------------+-------------------------------------+-------------------------------------+----------------------------+----------------------------+---------------------------+---------------------------+


+------------------------------------------------------------------------------------------------------------------------------------------------------------------------------------------------------------------------------------------------------------------------------------------------------------------------------------------------------------------------------------------------------------------------------------------------------------------------------------------------------------------------------------------------------------------------------------------------------------------------------------------------------------------------------------+
; Signal Integrity Metrics (Slow 1100mv 85c Model)                                                                                                                                                                                                                                                                                                                                                                                                                                                                                                                                                                                                                                   ;
+-------+--------------+---------------------+---------------------+------------------------------+------------------------------+---------------------+---------------------+--------------------------------------+--------------------------------------+-----------------------------+-----------------------------+----------------------------+----------------------------+-----------------------------+-----------------------------+--------------------+--------------------+-------------------------------------+-------------------------------------+----------------------------+----------------------------+---------------------------+---------------------------+
; Pin   ; I/O Standard ; Board Delay on Rise ; Board Delay on Fall ; Steady State Voh at FPGA Pin ; Steady State Vol at FPGA Pin ; Voh Max at FPGA Pin ; Vol Min at FPGA Pin ; Ringback Voltage on Rise at FPGA Pin ; Ringback Voltage on Fall at FPGA Pin ; 10-90 Rise Time at FPGA Pin ; 90-10 Fall Time at FPGA Pin ; Monotonic Rise at FPGA Pin ; Monotonic Fall at FPGA Pin ; Steady State Voh at Far-end ; Steady State Vol at Far-end ; Voh Max at Far-end ; Vol Min at Far-end ; Ringback Voltage on Rise at Far-end ; Ringback Voltage on Fall at Far-end ; 10-90 Rise Time at Far-end ; 90-10 Fall Time at Far-end ; Monotonic Rise at Far-end ; Monotonic Fall at Far-end ;
+-------+--------------+---------------------+---------------------+------------------------------+------------------------------+---------------------+---------------------+--------------------------------------+--------------------------------------+-----------------------------+-----------------------------+----------------------------+----------------------------+-----------------------------+-----------------------------+--------------------+--------------------+-------------------------------------+-------------------------------------+----------------------------+----------------------------+---------------------------+---------------------------+
; LED0  ; 2.5 V        ; 0 s                 ; 0 s                 ; 2.32 V                       ; 2.52e-05 V                   ; 2.38 V              ; -0.0315 V           ; 0.205 V                              ; 0.182 V                              ; 4.74e-10 s                  ; 4.85e-10 s                  ; No                         ; Yes                        ; 2.32 V                      ; 2.52e-05 V                  ; 2.38 V             ; -0.0315 V          ; 0.205 V                             ; 0.182 V                             ; 4.74e-10 s                 ; 4.85e-10 s                 ; No                        ; Yes                       ;
; LED1  ; 2.5 V        ; 0 s                 ; 0 s                 ; 2.32 V                       ; 2.52e-05 V                   ; 2.38 V              ; -0.032 V            ; 0.204 V                              ; 0.181 V                              ; 4.74e-10 s                  ; 4.85e-10 s                  ; No                         ; Yes                        ; 2.32 V                      ; 2.52e-05 V                  ; 2.38 V             ; -0.032 V           ; 0.204 V                             ; 0.181 V                             ; 4.74e-10 s                 ; 4.85e-10 s                 ; No                        ; Yes                       ;
; LED2  ; 2.5 V        ; 0 s                 ; 0 s                 ; 2.32 V                       ; 2.52e-05 V                   ; 2.38 V              ; -0.032 V            ; 0.204 V                              ; 0.181 V                              ; 4.74e-10 s                  ; 4.85e-10 s                  ; No                         ; Yes                        ; 2.32 V                      ; 2.52e-05 V                  ; 2.38 V             ; -0.032 V           ; 0.204 V                             ; 0.181 V                             ; 4.74e-10 s                 ; 4.85e-10 s                 ; No                        ; Yes                       ;
; LED3  ; 2.5 V        ; 0 s                 ; 0 s                 ; 2.32 V                       ; 2.52e-05 V                   ; 2.38 V              ; -0.032 V            ; 0.204 V                              ; 0.181 V                              ; 4.74e-10 s                  ; 4.85e-10 s                  ; No                         ; Yes                        ; 2.32 V                      ; 2.52e-05 V                  ; 2.38 V             ; -0.032 V           ; 0.204 V                             ; 0.181 V                             ; 4.74e-10 s                 ; 4.85e-10 s                 ; No                        ; Yes                       ;
; LED4  ; 2.5 V        ; 0 s                 ; 0 s                 ; 2.32 V                       ; 2.52e-05 V                   ; 2.38 V              ; -0.0315 V           ; 0.205 V                              ; 0.182 V                              ; 4.74e-10 s                  ; 4.85e-10 s                  ; No                         ; Yes                        ; 2.32 V                      ; 2.52e-05 V                  ; 2.38 V             ; -0.0315 V          ; 0.205 V                             ; 0.182 V                             ; 4.74e-10 s                 ; 4.85e-10 s                 ; No                        ; Yes                       ;
; LED5  ; 2.5 V        ; 0 s                 ; 0 s                 ; 2.32 V                       ; 2.52e-05 V                   ; 2.38 V              ; -0.0315 V           ; 0.205 V                              ; 0.182 V                              ; 4.74e-10 s                  ; 4.85e-10 s                  ; No                         ; Yes                        ; 2.32 V                      ; 2.52e-05 V                  ; 2.38 V             ; -0.0315 V          ; 0.205 V                             ; 0.182 V                             ; 4.74e-10 s                 ; 4.85e-10 s                 ; No                        ; Yes                       ;
; LED6  ; 2.5 V        ; 0 s                 ; 0 s                 ; 2.32 V                       ; 2.52e-05 V                   ; 2.38 V              ; -0.032 V            ; 0.204 V                              ; 0.181 V                              ; 4.74e-10 s                  ; 4.85e-10 s                  ; No                         ; Yes                        ; 2.32 V                      ; 2.52e-05 V                  ; 2.38 V             ; -0.032 V           ; 0.204 V                             ; 0.181 V                             ; 4.74e-10 s                 ; 4.85e-10 s                 ; No                        ; Yes                       ;
; LED7  ; 2.5 V        ; 0 s                 ; 0 s                 ; 2.32 V                       ; 2.52e-05 V                   ; 2.38 V              ; -0.032 V            ; 0.204 V                              ; 0.181 V                              ; 4.74e-10 s                  ; 4.85e-10 s                  ; No                         ; Yes                        ; 2.32 V                      ; 2.52e-05 V                  ; 2.38 V             ; -0.032 V           ; 0.204 V                             ; 0.181 V                             ; 4.74e-10 s                 ; 4.85e-10 s                 ; No                        ; Yes                       ;
; LED8  ; 2.5 V        ; 0 s                 ; 0 s                 ; 2.32 V                       ; 2.52e-05 V                   ; 2.38 V              ; -0.0315 V           ; 0.205 V                              ; 0.182 V                              ; 4.74e-10 s                  ; 4.85e-10 s                  ; No                         ; Yes                        ; 2.32 V                      ; 2.52e-05 V                  ; 2.38 V             ; -0.0315 V          ; 0.205 V                             ; 0.182 V                             ; 4.74e-10 s                 ; 4.85e-10 s                 ; No                        ; Yes                       ;
; LED9  ; 2.5 V        ; 0 s                 ; 0 s                 ; 2.32 V                       ; 2.52e-05 V                   ; 2.38 V              ; -0.0315 V           ; 0.205 V                              ; 0.182 V                              ; 4.74e-10 s                  ; 4.85e-10 s                  ; No                         ; Yes                        ; 2.32 V                      ; 2.52e-05 V                  ; 2.38 V             ; -0.0315 V          ; 0.205 V                             ; 0.182 V                             ; 4.74e-10 s                 ; 4.85e-10 s                 ; No                        ; Yes                       ;
; LED10 ; 2.5 V        ; 0 s                 ; 0 s                 ; 2.32 V                       ; 2.52e-05 V                   ; 2.38 V              ; -0.032 V            ; 0.204 V                              ; 0.181 V                              ; 4.74e-10 s                  ; 4.85e-10 s                  ; No                         ; Yes                        ; 2.32 V                      ; 2.52e-05 V                  ; 2.38 V             ; -0.032 V           ; 0.204 V                             ; 0.181 V                             ; 4.74e-10 s                 ; 4.85e-10 s                 ; No                        ; Yes                       ;
; LED11 ; 2.5 V        ; 0 s                 ; 0 s                 ; 2.32 V                       ; 2.52e-05 V                   ; 2.38 V              ; -0.032 V            ; 0.204 V                              ; 0.181 V                              ; 4.74e-10 s                  ; 4.85e-10 s                  ; No                         ; Yes                        ; 2.32 V                      ; 2.52e-05 V                  ; 2.38 V             ; -0.032 V           ; 0.204 V                             ; 0.181 V                             ; 4.74e-10 s                 ; 4.85e-10 s                 ; No                        ; Yes                       ;
; LED12 ; 2.5 V        ; 0 s                 ; 0 s                 ; 2.32 V                       ; 2.52e-05 V                   ; 2.38 V              ; -0.0315 V           ; 0.205 V                              ; 0.182 V                              ; 4.74e-10 s                  ; 4.85e-10 s                  ; No                         ; Yes                        ; 2.32 V                      ; 2.52e-05 V                  ; 2.38 V             ; -0.0315 V          ; 0.205 V                             ; 0.182 V                             ; 4.74e-10 s                 ; 4.85e-10 s                 ; No                        ; Yes                       ;
; LED13 ; 2.5 V        ; 0 s                 ; 0 s                 ; 2.32 V                       ; 2.52e-05 V                   ; 2.38 V              ; -0.0315 V           ; 0.205 V                              ; 0.182 V                              ; 4.74e-10 s                  ; 4.85e-10 s                  ; No                         ; Yes                        ; 2.32 V                      ; 2.52e-05 V                  ; 2.38 V             ; -0.0315 V          ; 0.205 V                             ; 0.182 V                             ; 4.74e-10 s                 ; 4.85e-10 s                 ; No                        ; Yes                       ;
; LED14 ; 2.5 V        ; 0 s                 ; 0 s                 ; 2.32 V                       ; 2.56e-05 V                   ; 2.38 V              ; -0.026 V            ; 0.249 V                              ; 0.089 V                              ; 4.95e-10 s                  ; 6.01e-10 s                  ; No                         ; Yes                        ; 2.32 V                      ; 2.56e-05 V                  ; 2.38 V             ; -0.026 V           ; 0.249 V                             ; 0.089 V                             ; 4.95e-10 s                 ; 6.01e-10 s                 ; No                        ; Yes                       ;
; LED15 ; 2.5 V        ; 0 s                 ; 0 s                 ; 2.32 V                       ; 2.52e-05 V                   ; 2.38 V              ; -0.0315 V           ; 0.205 V                              ; 0.182 V                              ; 4.74e-10 s                  ; 4.85e-10 s                  ; No                         ; Yes                        ; 2.32 V                      ; 2.52e-05 V                  ; 2.38 V             ; -0.0315 V          ; 0.205 V                             ; 0.182 V                             ; 4.74e-10 s                 ; 4.85e-10 s                 ; No                        ; Yes                       ;
; LED16 ; 2.5 V        ; 0 s                 ; 0 s                 ; 2.32 V                       ; 2.52e-05 V                   ; 2.38 V              ; -0.0315 V           ; 0.205 V                              ; 0.182 V                              ; 4.74e-10 s                  ; 4.85e-10 s                  ; No                         ; Yes                        ; 2.32 V                      ; 2.52e-05 V                  ; 2.38 V             ; -0.0315 V          ; 0.205 V                             ; 0.182 V                             ; 4.74e-10 s                 ; 4.85e-10 s                 ; No                        ; Yes                       ;
; LED17 ; 2.5 V        ; 0 s                 ; 0 s                 ; 2.32 V                       ; 2.27e-05 V                   ; 2.34 V              ; -0.0089 V           ; 0.206 V                              ; 0.058 V                              ; 4.97e-10 s                  ; 5.13e-10 s                  ; Yes                        ; Yes                        ; 2.32 V                      ; 2.27e-05 V                  ; 2.34 V             ; -0.0089 V          ; 0.206 V                             ; 0.058 V                             ; 4.97e-10 s                 ; 5.13e-10 s                 ; Yes                       ; Yes                       ;
; LED18 ; 2.5 V        ; 0 s                 ; 0 s                 ; 2.32 V                       ; 2.27e-05 V                   ; 2.34 V              ; -0.0089 V           ; 0.206 V                              ; 0.058 V                              ; 4.97e-10 s                  ; 5.13e-10 s                  ; Yes                        ; Yes                        ; 2.32 V                      ; 2.27e-05 V                  ; 2.34 V             ; -0.0089 V          ; 0.206 V                             ; 0.058 V                             ; 4.97e-10 s                 ; 5.13e-10 s                 ; Yes                       ; Yes                       ;
; LED19 ; 2.5 V        ; 0 s                 ; 0 s                 ; 2.32 V                       ; 2.52e-05 V                   ; 2.38 V              ; -0.0315 V           ; 0.205 V                              ; 0.182 V                              ; 4.74e-10 s                  ; 4.85e-10 s                  ; No                         ; Yes                        ; 2.32 V                      ; 2.52e-05 V                  ; 2.38 V             ; -0.0315 V          ; 0.205 V                             ; 0.182 V                             ; 4.74e-10 s                 ; 4.85e-10 s                 ; No                        ; Yes                       ;
; LED20 ; 2.5 V        ; 0 s                 ; 0 s                 ; 2.32 V                       ; 2.52e-05 V                   ; 2.38 V              ; -0.032 V            ; 0.204 V                              ; 0.181 V                              ; 4.74e-10 s                  ; 4.85e-10 s                  ; No                         ; Yes                        ; 2.32 V                      ; 2.52e-05 V                  ; 2.38 V             ; -0.032 V           ; 0.204 V                             ; 0.181 V                             ; 4.74e-10 s                 ; 4.85e-10 s                 ; No                        ; Yes                       ;
; LED21 ; 2.5 V        ; 0 s                 ; 0 s                 ; 2.32 V                       ; 2.27e-05 V                   ; 2.34 V              ; -0.0089 V           ; 0.206 V                              ; 0.058 V                              ; 4.97e-10 s                  ; 5.13e-10 s                  ; Yes                        ; Yes                        ; 2.32 V                      ; 2.27e-05 V                  ; 2.34 V             ; -0.0089 V          ; 0.206 V                             ; 0.058 V                             ; 4.97e-10 s                 ; 5.13e-10 s                 ; Yes                       ; Yes                       ;
; LED22 ; 2.5 V        ; 0 s                 ; 0 s                 ; 2.32 V                       ; 2.56e-05 V                   ; 2.38 V              ; -0.026 V            ; 0.249 V                              ; 0.089 V                              ; 4.95e-10 s                  ; 6.01e-10 s                  ; No                         ; Yes                        ; 2.32 V                      ; 2.56e-05 V                  ; 2.38 V             ; -0.026 V           ; 0.249 V                             ; 0.089 V                             ; 4.95e-10 s                 ; 6.01e-10 s                 ; No                        ; Yes                       ;
; LED23 ; 2.5 V        ; 0 s                 ; 0 s                 ; 2.32 V                       ; 2.56e-05 V                   ; 2.38 V              ; -0.026 V            ; 0.249 V                              ; 0.089 V                              ; 4.95e-10 s                  ; 6.01e-10 s                  ; No                         ; Yes                        ; 2.32 V                      ; 2.56e-05 V                  ; 2.38 V             ; -0.026 V           ; 0.249 V                             ; 0.089 V                             ; 4.95e-10 s                 ; 6.01e-10 s                 ; No                        ; Yes                       ;
; LED24 ; 2.5 V        ; 0 s                 ; 0 s                 ; 2.32 V                       ; 2.27e-05 V                   ; 2.34 V              ; -0.0089 V           ; 0.206 V                              ; 0.058 V                              ; 4.97e-10 s                  ; 5.13e-10 s                  ; Yes                        ; Yes                        ; 2.32 V                      ; 2.27e-05 V                  ; 2.34 V             ; -0.0089 V          ; 0.206 V                             ; 0.058 V                             ; 4.97e-10 s                 ; 5.13e-10 s                 ; Yes                       ; Yes                       ;
; LED25 ; 2.5 V        ; 0 s                 ; 0 s                 ; 2.32 V                       ; 2.56e-05 V                   ; 2.38 V              ; -0.026 V            ; 0.249 V                              ; 0.089 V                              ; 4.95e-10 s                  ; 6.01e-10 s                  ; No                         ; Yes                        ; 2.32 V                      ; 2.56e-05 V                  ; 2.38 V             ; -0.026 V           ; 0.249 V                             ; 0.089 V                             ; 4.95e-10 s                 ; 6.01e-10 s                 ; No                        ; Yes                       ;
; LED26 ; 2.5 V        ; 0 s                 ; 0 s                 ; 2.32 V                       ; 2.56e-05 V                   ; 2.38 V              ; -0.026 V            ; 0.249 V                              ; 0.089 V                              ; 4.95e-10 s                  ; 6.01e-10 s                  ; No                         ; Yes                        ; 2.32 V                      ; 2.56e-05 V                  ; 2.38 V             ; -0.026 V           ; 0.249 V                             ; 0.089 V                             ; 4.95e-10 s                 ; 6.01e-10 s                 ; No                        ; Yes                       ;
; LED27 ; 2.5 V        ; 0 s                 ; 0 s                 ; 2.32 V                       ; 2.27e-05 V                   ; 2.34 V              ; -0.0089 V           ; 0.206 V                              ; 0.058 V                              ; 4.97e-10 s                  ; 5.13e-10 s                  ; Yes                        ; Yes                        ; 2.32 V                      ; 2.27e-05 V                  ; 2.34 V             ; -0.0089 V          ; 0.206 V                             ; 0.058 V                             ; 4.97e-10 s                 ; 5.13e-10 s                 ; Yes                       ; Yes                       ;
; LED28 ; 2.5 V        ; 0 s                 ; 0 s                 ; 2.32 V                       ; 2.52e-05 V                   ; 2.38 V              ; -0.032 V            ; 0.204 V                              ; 0.181 V                              ; 4.74e-10 s                  ; 4.85e-10 s                  ; No                         ; Yes                        ; 2.32 V                      ; 2.52e-05 V                  ; 2.38 V             ; -0.032 V           ; 0.204 V                             ; 0.181 V                             ; 4.74e-10 s                 ; 4.85e-10 s                 ; No                        ; Yes                       ;
; LED29 ; 2.5 V        ; 0 s                 ; 0 s                 ; 2.32 V                       ; 2.27e-05 V                   ; 2.34 V              ; -0.0089 V           ; 0.206 V                              ; 0.058 V                              ; 4.97e-10 s                  ; 5.13e-10 s                  ; Yes                        ; Yes                        ; 2.32 V                      ; 2.27e-05 V                  ; 2.34 V             ; -0.0089 V          ; 0.206 V                             ; 0.058 V                             ; 4.97e-10 s                 ; 5.13e-10 s                 ; Yes                       ; Yes                       ;
; LED30 ; 2.5 V        ; 0 s                 ; 0 s                 ; 2.32 V                       ; 2.27e-05 V                   ; 2.34 V              ; -0.0089 V           ; 0.206 V                              ; 0.058 V                              ; 4.97e-10 s                  ; 5.13e-10 s                  ; Yes                        ; Yes                        ; 2.32 V                      ; 2.27e-05 V                  ; 2.34 V             ; -0.0089 V          ; 0.206 V                             ; 0.058 V                             ; 4.97e-10 s                 ; 5.13e-10 s                 ; Yes                       ; Yes                       ;
; LED31 ; 2.5 V        ; 0 s                 ; 0 s                 ; 2.32 V                       ; 2.27e-05 V                   ; 2.34 V              ; -0.0089 V           ; 0.206 V                              ; 0.058 V                              ; 4.97e-10 s                  ; 5.13e-10 s                  ; Yes                        ; Yes                        ; 2.32 V                      ; 2.27e-05 V                  ; 2.34 V             ; -0.0089 V          ; 0.206 V                             ; 0.058 V                             ; 4.97e-10 s                 ; 5.13e-10 s                 ; Yes                       ; Yes                       ;
; LED32 ; 2.5 V        ; 0 s                 ; 0 s                 ; 2.32 V                       ; 2.56e-05 V                   ; 2.38 V              ; -0.026 V            ; 0.249 V                              ; 0.089 V                              ; 4.95e-10 s                  ; 6.01e-10 s                  ; No                         ; Yes                        ; 2.32 V                      ; 2.56e-05 V                  ; 2.38 V             ; -0.026 V           ; 0.249 V                             ; 0.089 V                             ; 4.95e-10 s                 ; 6.01e-10 s                 ; No                        ; Yes                       ;
; LED33 ; 2.5 V        ; 0 s                 ; 0 s                 ; 2.32 V                       ; 2.56e-05 V                   ; 2.38 V              ; -0.026 V            ; 0.249 V                              ; 0.089 V                              ; 4.95e-10 s                  ; 6.01e-10 s                  ; No                         ; Yes                        ; 2.32 V                      ; 2.56e-05 V                  ; 2.38 V             ; -0.026 V           ; 0.249 V                             ; 0.089 V                             ; 4.95e-10 s                 ; 6.01e-10 s                 ; No                        ; Yes                       ;
; LED34 ; 2.5 V        ; 0 s                 ; 0 s                 ; 2.32 V                       ; 2.27e-05 V                   ; 2.34 V              ; -0.0089 V           ; 0.206 V                              ; 0.058 V                              ; 4.97e-10 s                  ; 5.13e-10 s                  ; Yes                        ; Yes                        ; 2.32 V                      ; 2.27e-05 V                  ; 2.34 V             ; -0.0089 V          ; 0.206 V                             ; 0.058 V                             ; 4.97e-10 s                 ; 5.13e-10 s                 ; Yes                       ; Yes                       ;
; LED35 ; 2.5 V        ; 0 s                 ; 0 s                 ; 2.32 V                       ; 2.56e-05 V                   ; 2.38 V              ; -0.026 V            ; 0.249 V                              ; 0.089 V                              ; 4.95e-10 s                  ; 6.01e-10 s                  ; No                         ; Yes                        ; 2.32 V                      ; 2.56e-05 V                  ; 2.38 V             ; -0.026 V           ; 0.249 V                             ; 0.089 V                             ; 4.95e-10 s                 ; 6.01e-10 s                 ; No                        ; Yes                       ;
; LED36 ; 2.5 V        ; 0 s                 ; 0 s                 ; 2.32 V                       ; 2.27e-05 V                   ; 2.34 V              ; -0.0089 V           ; 0.206 V                              ; 0.058 V                              ; 4.97e-10 s                  ; 5.13e-10 s                  ; Yes                        ; Yes                        ; 2.32 V                      ; 2.27e-05 V                  ; 2.34 V             ; -0.0089 V          ; 0.206 V                             ; 0.058 V                             ; 4.97e-10 s                 ; 5.13e-10 s                 ; Yes                       ; Yes                       ;
; LED37 ; 2.5 V        ; 0 s                 ; 0 s                 ; 2.32 V                       ; 2.27e-05 V                   ; 2.34 V              ; -0.0089 V           ; 0.206 V                              ; 0.058 V                              ; 4.97e-10 s                  ; 5.13e-10 s                  ; Yes                        ; Yes                        ; 2.32 V                      ; 2.27e-05 V                  ; 2.34 V             ; -0.0089 V          ; 0.206 V                             ; 0.058 V                             ; 4.97e-10 s                 ; 5.13e-10 s                 ; Yes                       ; Yes                       ;
; LED38 ; 2.5 V        ; 0 s                 ; 0 s                 ; 2.32 V                       ; 2.27e-05 V                   ; 2.34 V              ; -0.0089 V           ; 0.206 V                              ; 0.058 V                              ; 4.97e-10 s                  ; 5.13e-10 s                  ; Yes                        ; Yes                        ; 2.32 V                      ; 2.27e-05 V                  ; 2.34 V             ; -0.0089 V          ; 0.206 V                             ; 0.058 V                             ; 4.97e-10 s                 ; 5.13e-10 s                 ; Yes                       ; Yes                       ;
; LED39 ; 2.5 V        ; 0 s                 ; 0 s                 ; 2.32 V                       ; 2.52e-05 V                   ; 2.38 V              ; -0.0315 V           ; 0.205 V                              ; 0.182 V                              ; 4.74e-10 s                  ; 4.85e-10 s                  ; No                         ; Yes                        ; 2.32 V                      ; 2.52e-05 V                  ; 2.38 V             ; -0.0315 V          ; 0.205 V                             ; 0.182 V                             ; 4.74e-10 s                 ; 4.85e-10 s                 ; No                        ; Yes                       ;
; LED40 ; 2.5 V        ; 0 s                 ; 0 s                 ; 2.32 V                       ; 2.52e-05 V                   ; 2.38 V              ; -0.032 V            ; 0.204 V                              ; 0.181 V                              ; 4.74e-10 s                  ; 4.85e-10 s                  ; No                         ; Yes                        ; 2.32 V                      ; 2.52e-05 V                  ; 2.38 V             ; -0.032 V           ; 0.204 V                             ; 0.181 V                             ; 4.74e-10 s                 ; 4.85e-10 s                 ; No                        ; Yes                       ;
; LED41 ; 2.5 V        ; 0 s                 ; 0 s                 ; 2.32 V                       ; 2.56e-05 V                   ; 2.38 V              ; -0.026 V            ; 0.249 V                              ; 0.089 V                              ; 4.95e-10 s                  ; 6.01e-10 s                  ; No                         ; Yes                        ; 2.32 V                      ; 2.56e-05 V                  ; 2.38 V             ; -0.026 V           ; 0.249 V                             ; 0.089 V                             ; 4.95e-10 s                 ; 6.01e-10 s                 ; No                        ; Yes                       ;
+-------+--------------+---------------------+---------------------+------------------------------+------------------------------+---------------------+---------------------+--------------------------------------+--------------------------------------+-----------------------------+-----------------------------+----------------------------+----------------------------+-----------------------------+-----------------------------+--------------------+--------------------+-------------------------------------+-------------------------------------+----------------------------+----------------------------+---------------------------+---------------------------+


+------------------------------------------------------------------------------------------------------------------------------------------------------------------------------------------------------------------------------------------------------------------------------------------------------------------------------------------------------------------------------------------------------------------------------------------------------------------------------------------------------------------------------------------------------------------------------------------------------------------------------------------------------------------------------------+
; Signal Integrity Metrics (Fast 1100mv 0c Model)                                                                                                                                                                                                                                                                                                                                                                                                                                                                                                                                                                                                                                    ;
+-------+--------------+---------------------+---------------------+------------------------------+------------------------------+---------------------+---------------------+--------------------------------------+--------------------------------------+-----------------------------+-----------------------------+----------------------------+----------------------------+-----------------------------+-----------------------------+--------------------+--------------------+-------------------------------------+-------------------------------------+----------------------------+----------------------------+---------------------------+---------------------------+
; Pin   ; I/O Standard ; Board Delay on Rise ; Board Delay on Fall ; Steady State Voh at FPGA Pin ; Steady State Vol at FPGA Pin ; Voh Max at FPGA Pin ; Vol Min at FPGA Pin ; Ringback Voltage on Rise at FPGA Pin ; Ringback Voltage on Fall at FPGA Pin ; 10-90 Rise Time at FPGA Pin ; 90-10 Fall Time at FPGA Pin ; Monotonic Rise at FPGA Pin ; Monotonic Fall at FPGA Pin ; Steady State Voh at Far-end ; Steady State Vol at Far-end ; Voh Max at Far-end ; Vol Min at Far-end ; Ringback Voltage on Rise at Far-end ; Ringback Voltage on Fall at Far-end ; 10-90 Rise Time at Far-end ; 90-10 Fall Time at Far-end ; Monotonic Rise at Far-end ; Monotonic Fall at Far-end ;
+-------+--------------+---------------------+---------------------+------------------------------+------------------------------+---------------------+---------------------+--------------------------------------+--------------------------------------+-----------------------------+-----------------------------+----------------------------+----------------------------+-----------------------------+-----------------------------+--------------------+--------------------+-------------------------------------+-------------------------------------+----------------------------+----------------------------+---------------------------+---------------------------+
; LED0  ; 2.5 V        ; 0 s                 ; 0 s                 ; 2.75 V                       ; 4.14e-06 V                   ; 2.91 V              ; -0.121 V            ; 0.326 V                              ; 0.297 V                              ; 2.74e-10 s                  ; 2.8e-10 s                   ; No                         ; No                         ; 2.75 V                      ; 4.14e-06 V                  ; 2.91 V             ; -0.121 V           ; 0.326 V                             ; 0.297 V                             ; 2.74e-10 s                 ; 2.8e-10 s                  ; No                        ; No                        ;
; LED1  ; 2.5 V        ; 0 s                 ; 0 s                 ; 2.75 V                       ; 4.14e-06 V                   ; 2.91 V              ; -0.119 V            ; 0.326 V                              ; 0.298 V                              ; 2.74e-10 s                  ; 2.8e-10 s                   ; No                         ; No                         ; 2.75 V                      ; 4.14e-06 V                  ; 2.91 V             ; -0.119 V           ; 0.326 V                             ; 0.298 V                             ; 2.74e-10 s                 ; 2.8e-10 s                  ; No                        ; No                        ;
; LED2  ; 2.5 V        ; 0 s                 ; 0 s                 ; 2.75 V                       ; 4.14e-06 V                   ; 2.91 V              ; -0.119 V            ; 0.326 V                              ; 0.298 V                              ; 2.74e-10 s                  ; 2.8e-10 s                   ; No                         ; No                         ; 2.75 V                      ; 4.14e-06 V                  ; 2.91 V             ; -0.119 V           ; 0.326 V                             ; 0.298 V                             ; 2.74e-10 s                 ; 2.8e-10 s                  ; No                        ; No                        ;
; LED3  ; 2.5 V        ; 0 s                 ; 0 s                 ; 2.75 V                       ; 4.14e-06 V                   ; 2.91 V              ; -0.119 V            ; 0.326 V                              ; 0.298 V                              ; 2.74e-10 s                  ; 2.8e-10 s                   ; No                         ; No                         ; 2.75 V                      ; 4.14e-06 V                  ; 2.91 V             ; -0.119 V           ; 0.326 V                             ; 0.298 V                             ; 2.74e-10 s                 ; 2.8e-10 s                  ; No                        ; No                        ;
; LED4  ; 2.5 V        ; 0 s                 ; 0 s                 ; 2.75 V                       ; 4.14e-06 V                   ; 2.91 V              ; -0.121 V            ; 0.326 V                              ; 0.297 V                              ; 2.74e-10 s                  ; 2.8e-10 s                   ; No                         ; No                         ; 2.75 V                      ; 4.14e-06 V                  ; 2.91 V             ; -0.121 V           ; 0.326 V                             ; 0.297 V                             ; 2.74e-10 s                 ; 2.8e-10 s                  ; No                        ; No                        ;
; LED5  ; 2.5 V        ; 0 s                 ; 0 s                 ; 2.75 V                       ; 4.14e-06 V                   ; 2.91 V              ; -0.121 V            ; 0.326 V                              ; 0.297 V                              ; 2.74e-10 s                  ; 2.8e-10 s                   ; No                         ; No                         ; 2.75 V                      ; 4.14e-06 V                  ; 2.91 V             ; -0.121 V           ; 0.326 V                             ; 0.297 V                             ; 2.74e-10 s                 ; 2.8e-10 s                  ; No                        ; No                        ;
; LED6  ; 2.5 V        ; 0 s                 ; 0 s                 ; 2.75 V                       ; 4.14e-06 V                   ; 2.91 V              ; -0.119 V            ; 0.326 V                              ; 0.298 V                              ; 2.74e-10 s                  ; 2.8e-10 s                   ; No                         ; No                         ; 2.75 V                      ; 4.14e-06 V                  ; 2.91 V             ; -0.119 V           ; 0.326 V                             ; 0.298 V                             ; 2.74e-10 s                 ; 2.8e-10 s                  ; No                        ; No                        ;
; LED7  ; 2.5 V        ; 0 s                 ; 0 s                 ; 2.75 V                       ; 4.14e-06 V                   ; 2.91 V              ; -0.119 V            ; 0.326 V                              ; 0.298 V                              ; 2.74e-10 s                  ; 2.8e-10 s                   ; No                         ; No                         ; 2.75 V                      ; 4.14e-06 V                  ; 2.91 V             ; -0.119 V           ; 0.326 V                             ; 0.298 V                             ; 2.74e-10 s                 ; 2.8e-10 s                  ; No                        ; No                        ;
; LED8  ; 2.5 V        ; 0 s                 ; 0 s                 ; 2.75 V                       ; 4.14e-06 V                   ; 2.91 V              ; -0.121 V            ; 0.326 V                              ; 0.297 V                              ; 2.74e-10 s                  ; 2.8e-10 s                   ; No                         ; No                         ; 2.75 V                      ; 4.14e-06 V                  ; 2.91 V             ; -0.121 V           ; 0.326 V                             ; 0.297 V                             ; 2.74e-10 s                 ; 2.8e-10 s                  ; No                        ; No                        ;
; LED9  ; 2.5 V        ; 0 s                 ; 0 s                 ; 2.75 V                       ; 4.14e-06 V                   ; 2.91 V              ; -0.121 V            ; 0.326 V                              ; 0.297 V                              ; 2.74e-10 s                  ; 2.8e-10 s                   ; No                         ; No                         ; 2.75 V                      ; 4.14e-06 V                  ; 2.91 V             ; -0.121 V           ; 0.326 V                             ; 0.297 V                             ; 2.74e-10 s                 ; 2.8e-10 s                  ; No                        ; No                        ;
; LED10 ; 2.5 V        ; 0 s                 ; 0 s                 ; 2.75 V                       ; 4.14e-06 V                   ; 2.91 V              ; -0.119 V            ; 0.326 V                              ; 0.298 V                              ; 2.74e-10 s                  ; 2.8e-10 s                   ; No                         ; No                         ; 2.75 V                      ; 4.14e-06 V                  ; 2.91 V             ; -0.119 V           ; 0.326 V                             ; 0.298 V                             ; 2.74e-10 s                 ; 2.8e-10 s                  ; No                        ; No                        ;
; LED11 ; 2.5 V        ; 0 s                 ; 0 s                 ; 2.75 V                       ; 4.14e-06 V                   ; 2.91 V              ; -0.119 V            ; 0.326 V                              ; 0.298 V                              ; 2.74e-10 s                  ; 2.8e-10 s                   ; No                         ; No                         ; 2.75 V                      ; 4.14e-06 V                  ; 2.91 V             ; -0.119 V           ; 0.326 V                             ; 0.298 V                             ; 2.74e-10 s                 ; 2.8e-10 s                  ; No                        ; No                        ;
; LED12 ; 2.5 V        ; 0 s                 ; 0 s                 ; 2.75 V                       ; 4.14e-06 V                   ; 2.91 V              ; -0.121 V            ; 0.326 V                              ; 0.297 V                              ; 2.74e-10 s                  ; 2.8e-10 s                   ; No                         ; No                         ; 2.75 V                      ; 4.14e-06 V                  ; 2.91 V             ; -0.121 V           ; 0.326 V                             ; 0.297 V                             ; 2.74e-10 s                 ; 2.8e-10 s                  ; No                        ; No                        ;
; LED13 ; 2.5 V        ; 0 s                 ; 0 s                 ; 2.75 V                       ; 4.14e-06 V                   ; 2.91 V              ; -0.121 V            ; 0.326 V                              ; 0.297 V                              ; 2.74e-10 s                  ; 2.8e-10 s                   ; No                         ; No                         ; 2.75 V                      ; 4.14e-06 V                  ; 2.91 V             ; -0.121 V           ; 0.326 V                             ; 0.297 V                             ; 2.74e-10 s                 ; 2.8e-10 s                  ; No                        ; No                        ;
; LED14 ; 2.5 V        ; 0 s                 ; 0 s                 ; 2.75 V                       ; 4.25e-06 V                   ; 2.9 V               ; -0.107 V            ; 0.378 V                              ; 0.16 V                               ; 2.87e-10 s                  ; 4.28e-10 s                  ; No                         ; No                         ; 2.75 V                      ; 4.25e-06 V                  ; 2.9 V              ; -0.107 V           ; 0.378 V                             ; 0.16 V                              ; 2.87e-10 s                 ; 4.28e-10 s                 ; No                        ; No                        ;
; LED15 ; 2.5 V        ; 0 s                 ; 0 s                 ; 2.75 V                       ; 4.14e-06 V                   ; 2.91 V              ; -0.121 V            ; 0.326 V                              ; 0.297 V                              ; 2.74e-10 s                  ; 2.8e-10 s                   ; No                         ; No                         ; 2.75 V                      ; 4.14e-06 V                  ; 2.91 V             ; -0.121 V           ; 0.326 V                             ; 0.297 V                             ; 2.74e-10 s                 ; 2.8e-10 s                  ; No                        ; No                        ;
; LED16 ; 2.5 V        ; 0 s                 ; 0 s                 ; 2.75 V                       ; 4.14e-06 V                   ; 2.91 V              ; -0.121 V            ; 0.326 V                              ; 0.297 V                              ; 2.74e-10 s                  ; 2.8e-10 s                   ; No                         ; No                         ; 2.75 V                      ; 4.14e-06 V                  ; 2.91 V             ; -0.121 V           ; 0.326 V                             ; 0.297 V                             ; 2.74e-10 s                 ; 2.8e-10 s                  ; No                        ; No                        ;
; LED17 ; 2.5 V        ; 0 s                 ; 0 s                 ; 2.75 V                       ; 3.54e-06 V                   ; 2.81 V              ; -0.0578 V           ; 0.303 V                              ; 0.28 V                               ; 2.93e-10 s                  ; 3.01e-10 s                  ; No                         ; No                         ; 2.75 V                      ; 3.54e-06 V                  ; 2.81 V             ; -0.0578 V          ; 0.303 V                             ; 0.28 V                              ; 2.93e-10 s                 ; 3.01e-10 s                 ; No                        ; No                        ;
; LED18 ; 2.5 V        ; 0 s                 ; 0 s                 ; 2.75 V                       ; 3.54e-06 V                   ; 2.81 V              ; -0.0578 V           ; 0.303 V                              ; 0.28 V                               ; 2.93e-10 s                  ; 3.01e-10 s                  ; No                         ; No                         ; 2.75 V                      ; 3.54e-06 V                  ; 2.81 V             ; -0.0578 V          ; 0.303 V                             ; 0.28 V                              ; 2.93e-10 s                 ; 3.01e-10 s                 ; No                        ; No                        ;
; LED19 ; 2.5 V        ; 0 s                 ; 0 s                 ; 2.75 V                       ; 4.14e-06 V                   ; 2.91 V              ; -0.121 V            ; 0.326 V                              ; 0.297 V                              ; 2.74e-10 s                  ; 2.8e-10 s                   ; No                         ; No                         ; 2.75 V                      ; 4.14e-06 V                  ; 2.91 V             ; -0.121 V           ; 0.326 V                             ; 0.297 V                             ; 2.74e-10 s                 ; 2.8e-10 s                  ; No                        ; No                        ;
; LED20 ; 2.5 V        ; 0 s                 ; 0 s                 ; 2.75 V                       ; 4.14e-06 V                   ; 2.91 V              ; -0.119 V            ; 0.326 V                              ; 0.298 V                              ; 2.74e-10 s                  ; 2.8e-10 s                   ; No                         ; No                         ; 2.75 V                      ; 4.14e-06 V                  ; 2.91 V             ; -0.119 V           ; 0.326 V                             ; 0.298 V                             ; 2.74e-10 s                 ; 2.8e-10 s                  ; No                        ; No                        ;
; LED21 ; 2.5 V        ; 0 s                 ; 0 s                 ; 2.75 V                       ; 3.54e-06 V                   ; 2.81 V              ; -0.0578 V           ; 0.303 V                              ; 0.28 V                               ; 2.93e-10 s                  ; 3.01e-10 s                  ; No                         ; No                         ; 2.75 V                      ; 3.54e-06 V                  ; 2.81 V             ; -0.0578 V          ; 0.303 V                             ; 0.28 V                              ; 2.93e-10 s                 ; 3.01e-10 s                 ; No                        ; No                        ;
; LED22 ; 2.5 V        ; 0 s                 ; 0 s                 ; 2.75 V                       ; 4.25e-06 V                   ; 2.9 V               ; -0.107 V            ; 0.378 V                              ; 0.16 V                               ; 2.87e-10 s                  ; 4.28e-10 s                  ; No                         ; No                         ; 2.75 V                      ; 4.25e-06 V                  ; 2.9 V              ; -0.107 V           ; 0.378 V                             ; 0.16 V                              ; 2.87e-10 s                 ; 4.28e-10 s                 ; No                        ; No                        ;
; LED23 ; 2.5 V        ; 0 s                 ; 0 s                 ; 2.75 V                       ; 4.25e-06 V                   ; 2.9 V               ; -0.107 V            ; 0.378 V                              ; 0.16 V                               ; 2.87e-10 s                  ; 4.28e-10 s                  ; No                         ; No                         ; 2.75 V                      ; 4.25e-06 V                  ; 2.9 V              ; -0.107 V           ; 0.378 V                             ; 0.16 V                              ; 2.87e-10 s                 ; 4.28e-10 s                 ; No                        ; No                        ;
; LED24 ; 2.5 V        ; 0 s                 ; 0 s                 ; 2.75 V                       ; 3.54e-06 V                   ; 2.81 V              ; -0.0578 V           ; 0.303 V                              ; 0.28 V                               ; 2.93e-10 s                  ; 3.01e-10 s                  ; No                         ; No                         ; 2.75 V                      ; 3.54e-06 V                  ; 2.81 V             ; -0.0578 V          ; 0.303 V                             ; 0.28 V                              ; 2.93e-10 s                 ; 3.01e-10 s                 ; No                        ; No                        ;
; LED25 ; 2.5 V        ; 0 s                 ; 0 s                 ; 2.75 V                       ; 4.25e-06 V                   ; 2.9 V               ; -0.107 V            ; 0.378 V                              ; 0.16 V                               ; 2.87e-10 s                  ; 4.28e-10 s                  ; No                         ; No                         ; 2.75 V                      ; 4.25e-06 V                  ; 2.9 V              ; -0.107 V           ; 0.378 V                             ; 0.16 V                              ; 2.87e-10 s                 ; 4.28e-10 s                 ; No                        ; No                        ;
; LED26 ; 2.5 V        ; 0 s                 ; 0 s                 ; 2.75 V                       ; 4.25e-06 V                   ; 2.9 V               ; -0.107 V            ; 0.378 V                              ; 0.16 V                               ; 2.87e-10 s                  ; 4.28e-10 s                  ; No                         ; No                         ; 2.75 V                      ; 4.25e-06 V                  ; 2.9 V              ; -0.107 V           ; 0.378 V                             ; 0.16 V                              ; 2.87e-10 s                 ; 4.28e-10 s                 ; No                        ; No                        ;
; LED27 ; 2.5 V        ; 0 s                 ; 0 s                 ; 2.75 V                       ; 3.54e-06 V                   ; 2.81 V              ; -0.0578 V           ; 0.303 V                              ; 0.28 V                               ; 2.93e-10 s                  ; 3.01e-10 s                  ; No                         ; No                         ; 2.75 V                      ; 3.54e-06 V                  ; 2.81 V             ; -0.0578 V          ; 0.303 V                             ; 0.28 V                              ; 2.93e-10 s                 ; 3.01e-10 s                 ; No                        ; No                        ;
; LED28 ; 2.5 V        ; 0 s                 ; 0 s                 ; 2.75 V                       ; 4.14e-06 V                   ; 2.91 V              ; -0.119 V            ; 0.326 V                              ; 0.298 V                              ; 2.74e-10 s                  ; 2.8e-10 s                   ; No                         ; No                         ; 2.75 V                      ; 4.14e-06 V                  ; 2.91 V             ; -0.119 V           ; 0.326 V                             ; 0.298 V                             ; 2.74e-10 s                 ; 2.8e-10 s                  ; No                        ; No                        ;
; LED29 ; 2.5 V        ; 0 s                 ; 0 s                 ; 2.75 V                       ; 3.54e-06 V                   ; 2.81 V              ; -0.0578 V           ; 0.303 V                              ; 0.28 V                               ; 2.93e-10 s                  ; 3.01e-10 s                  ; No                         ; No                         ; 2.75 V                      ; 3.54e-06 V                  ; 2.81 V             ; -0.0578 V          ; 0.303 V                             ; 0.28 V                              ; 2.93e-10 s                 ; 3.01e-10 s                 ; No                        ; No                        ;
; LED30 ; 2.5 V        ; 0 s                 ; 0 s                 ; 2.75 V                       ; 3.54e-06 V                   ; 2.81 V              ; -0.0578 V           ; 0.303 V                              ; 0.28 V                               ; 2.93e-10 s                  ; 3.01e-10 s                  ; No                         ; No                         ; 2.75 V                      ; 3.54e-06 V                  ; 2.81 V             ; -0.0578 V          ; 0.303 V                             ; 0.28 V                              ; 2.93e-10 s                 ; 3.01e-10 s                 ; No                        ; No                        ;
; LED31 ; 2.5 V        ; 0 s                 ; 0 s                 ; 2.75 V                       ; 3.54e-06 V                   ; 2.81 V              ; -0.0578 V           ; 0.303 V                              ; 0.28 V                               ; 2.93e-10 s                  ; 3.01e-10 s                  ; No                         ; No                         ; 2.75 V                      ; 3.54e-06 V                  ; 2.81 V             ; -0.0578 V          ; 0.303 V                             ; 0.28 V                              ; 2.93e-10 s                 ; 3.01e-10 s                 ; No                        ; No                        ;
; LED32 ; 2.5 V        ; 0 s                 ; 0 s                 ; 2.75 V                       ; 4.25e-06 V                   ; 2.9 V               ; -0.107 V            ; 0.378 V                              ; 0.16 V                               ; 2.87e-10 s                  ; 4.28e-10 s                  ; No                         ; No                         ; 2.75 V                      ; 4.25e-06 V                  ; 2.9 V              ; -0.107 V           ; 0.378 V                             ; 0.16 V                              ; 2.87e-10 s                 ; 4.28e-10 s                 ; No                        ; No                        ;
; LED33 ; 2.5 V        ; 0 s                 ; 0 s                 ; 2.75 V                       ; 4.25e-06 V                   ; 2.9 V               ; -0.107 V            ; 0.378 V                              ; 0.16 V                               ; 2.87e-10 s                  ; 4.28e-10 s                  ; No                         ; No                         ; 2.75 V                      ; 4.25e-06 V                  ; 2.9 V              ; -0.107 V           ; 0.378 V                             ; 0.16 V                              ; 2.87e-10 s                 ; 4.28e-10 s                 ; No                        ; No                        ;
; LED34 ; 2.5 V        ; 0 s                 ; 0 s                 ; 2.75 V                       ; 3.54e-06 V                   ; 2.81 V              ; -0.0578 V           ; 0.303 V                              ; 0.28 V                               ; 2.93e-10 s                  ; 3.01e-10 s                  ; No                         ; No                         ; 2.75 V                      ; 3.54e-06 V                  ; 2.81 V             ; -0.0578 V          ; 0.303 V                             ; 0.28 V                              ; 2.93e-10 s                 ; 3.01e-10 s                 ; No                        ; No                        ;
; LED35 ; 2.5 V        ; 0 s                 ; 0 s                 ; 2.75 V                       ; 4.25e-06 V                   ; 2.9 V               ; -0.107 V            ; 0.378 V                              ; 0.16 V                               ; 2.87e-10 s                  ; 4.28e-10 s                  ; No                         ; No                         ; 2.75 V                      ; 4.25e-06 V                  ; 2.9 V              ; -0.107 V           ; 0.378 V                             ; 0.16 V                              ; 2.87e-10 s                 ; 4.28e-10 s                 ; No                        ; No                        ;
; LED36 ; 2.5 V        ; 0 s                 ; 0 s                 ; 2.75 V                       ; 3.54e-06 V                   ; 2.81 V              ; -0.0578 V           ; 0.303 V                              ; 0.28 V                               ; 2.93e-10 s                  ; 3.01e-10 s                  ; No                         ; No                         ; 2.75 V                      ; 3.54e-06 V                  ; 2.81 V             ; -0.0578 V          ; 0.303 V                             ; 0.28 V                              ; 2.93e-10 s                 ; 3.01e-10 s                 ; No                        ; No                        ;
; LED37 ; 2.5 V        ; 0 s                 ; 0 s                 ; 2.75 V                       ; 3.54e-06 V                   ; 2.81 V              ; -0.0578 V           ; 0.303 V                              ; 0.28 V                               ; 2.93e-10 s                  ; 3.01e-10 s                  ; No                         ; No                         ; 2.75 V                      ; 3.54e-06 V                  ; 2.81 V             ; -0.0578 V          ; 0.303 V                             ; 0.28 V                              ; 2.93e-10 s                 ; 3.01e-10 s                 ; No                        ; No                        ;
; LED38 ; 2.5 V        ; 0 s                 ; 0 s                 ; 2.75 V                       ; 3.54e-06 V                   ; 2.81 V              ; -0.0578 V           ; 0.303 V                              ; 0.28 V                               ; 2.93e-10 s                  ; 3.01e-10 s                  ; No                         ; No                         ; 2.75 V                      ; 3.54e-06 V                  ; 2.81 V             ; -0.0578 V          ; 0.303 V                             ; 0.28 V                              ; 2.93e-10 s                 ; 3.01e-10 s                 ; No                        ; No                        ;
; LED39 ; 2.5 V        ; 0 s                 ; 0 s                 ; 2.75 V                       ; 4.14e-06 V                   ; 2.91 V              ; -0.121 V            ; 0.326 V                              ; 0.297 V                              ; 2.74e-10 s                  ; 2.8e-10 s                   ; No                         ; No                         ; 2.75 V                      ; 4.14e-06 V                  ; 2.91 V             ; -0.121 V           ; 0.326 V                             ; 0.297 V                             ; 2.74e-10 s                 ; 2.8e-10 s                  ; No                        ; No                        ;
; LED40 ; 2.5 V        ; 0 s                 ; 0 s                 ; 2.75 V                       ; 4.14e-06 V                   ; 2.91 V              ; -0.119 V            ; 0.326 V                              ; 0.298 V                              ; 2.74e-10 s                  ; 2.8e-10 s                   ; No                         ; No                         ; 2.75 V                      ; 4.14e-06 V                  ; 2.91 V             ; -0.119 V           ; 0.326 V                             ; 0.298 V                             ; 2.74e-10 s                 ; 2.8e-10 s                  ; No                        ; No                        ;
; LED41 ; 2.5 V        ; 0 s                 ; 0 s                 ; 2.75 V                       ; 4.25e-06 V                   ; 2.9 V               ; -0.107 V            ; 0.378 V                              ; 0.16 V                               ; 2.87e-10 s                  ; 4.28e-10 s                  ; No                         ; No                         ; 2.75 V                      ; 4.25e-06 V                  ; 2.9 V              ; -0.107 V           ; 0.378 V                             ; 0.16 V                              ; 2.87e-10 s                 ; 4.28e-10 s                 ; No                        ; No                        ;
+-------+--------------+---------------------+---------------------+------------------------------+------------------------------+---------------------+---------------------+--------------------------------------+--------------------------------------+-----------------------------+-----------------------------+----------------------------+----------------------------+-----------------------------+-----------------------------+--------------------+--------------------+-------------------------------------+-------------------------------------+----------------------------+----------------------------+---------------------------+---------------------------+


+------------------------------------------------------------------------------------------------------------------------------------------------------------------------------------------------------------------------------------------------------------------------------------------------------------------------------------------------------------------------------------------------------------------------------------------------------------------------------------------------------------------------------------------------------------------------------------------------------------------------------------------------------------------------------------+
; Signal Integrity Metrics (Fast 1100mv 85c Model)                                                                                                                                                                                                                                                                                                                                                                                                                                                                                                                                                                                                                                   ;
+-------+--------------+---------------------+---------------------+------------------------------+------------------------------+---------------------+---------------------+--------------------------------------+--------------------------------------+-----------------------------+-----------------------------+----------------------------+----------------------------+-----------------------------+-----------------------------+--------------------+--------------------+-------------------------------------+-------------------------------------+----------------------------+----------------------------+---------------------------+---------------------------+
; Pin   ; I/O Standard ; Board Delay on Rise ; Board Delay on Fall ; Steady State Voh at FPGA Pin ; Steady State Vol at FPGA Pin ; Voh Max at FPGA Pin ; Vol Min at FPGA Pin ; Ringback Voltage on Rise at FPGA Pin ; Ringback Voltage on Fall at FPGA Pin ; 10-90 Rise Time at FPGA Pin ; 90-10 Fall Time at FPGA Pin ; Monotonic Rise at FPGA Pin ; Monotonic Fall at FPGA Pin ; Steady State Voh at Far-end ; Steady State Vol at Far-end ; Voh Max at Far-end ; Vol Min at Far-end ; Ringback Voltage on Rise at Far-end ; Ringback Voltage on Fall at Far-end ; 10-90 Rise Time at Far-end ; 90-10 Fall Time at Far-end ; Monotonic Rise at Far-end ; Monotonic Fall at Far-end ;
+-------+--------------+---------------------+---------------------+------------------------------+------------------------------+---------------------+---------------------+--------------------------------------+--------------------------------------+-----------------------------+-----------------------------+----------------------------+----------------------------+-----------------------------+-----------------------------+--------------------+--------------------+-------------------------------------+-------------------------------------+----------------------------+----------------------------+---------------------------+---------------------------+
; LED0  ; 2.5 V        ; 0 s                 ; 0 s                 ; 2.75 V                       ; 0.000242 V                   ; 2.86 V              ; -0.0814 V           ; 0.36 V                               ; 0.156 V                              ; 3e-10 s                     ; 4.34e-10 s                  ; No                         ; No                         ; 2.75 V                      ; 0.000242 V                  ; 2.86 V             ; -0.0814 V          ; 0.36 V                              ; 0.156 V                             ; 3e-10 s                    ; 4.34e-10 s                 ; No                        ; No                        ;
; LED1  ; 2.5 V        ; 0 s                 ; 0 s                 ; 2.75 V                       ; 0.000242 V                   ; 2.86 V              ; -0.0805 V           ; 0.358 V                              ; 0.156 V                              ; 3.01e-10 s                  ; 4.34e-10 s                  ; No                         ; No                         ; 2.75 V                      ; 0.000242 V                  ; 2.86 V             ; -0.0805 V          ; 0.358 V                             ; 0.156 V                             ; 3.01e-10 s                 ; 4.34e-10 s                 ; No                        ; No                        ;
; LED2  ; 2.5 V        ; 0 s                 ; 0 s                 ; 2.75 V                       ; 0.000242 V                   ; 2.86 V              ; -0.0805 V           ; 0.358 V                              ; 0.156 V                              ; 3.01e-10 s                  ; 4.34e-10 s                  ; No                         ; No                         ; 2.75 V                      ; 0.000242 V                  ; 2.86 V             ; -0.0805 V          ; 0.358 V                             ; 0.156 V                             ; 3.01e-10 s                 ; 4.34e-10 s                 ; No                        ; No                        ;
; LED3  ; 2.5 V        ; 0 s                 ; 0 s                 ; 2.75 V                       ; 0.000242 V                   ; 2.86 V              ; -0.0805 V           ; 0.358 V                              ; 0.156 V                              ; 3.01e-10 s                  ; 4.34e-10 s                  ; No                         ; No                         ; 2.75 V                      ; 0.000242 V                  ; 2.86 V             ; -0.0805 V          ; 0.358 V                             ; 0.156 V                             ; 3.01e-10 s                 ; 4.34e-10 s                 ; No                        ; No                        ;
; LED4  ; 2.5 V        ; 0 s                 ; 0 s                 ; 2.75 V                       ; 0.000242 V                   ; 2.86 V              ; -0.0814 V           ; 0.36 V                               ; 0.156 V                              ; 3e-10 s                     ; 4.34e-10 s                  ; No                         ; No                         ; 2.75 V                      ; 0.000242 V                  ; 2.86 V             ; -0.0814 V          ; 0.36 V                              ; 0.156 V                             ; 3e-10 s                    ; 4.34e-10 s                 ; No                        ; No                        ;
; LED5  ; 2.5 V        ; 0 s                 ; 0 s                 ; 2.75 V                       ; 0.000242 V                   ; 2.86 V              ; -0.0814 V           ; 0.36 V                               ; 0.156 V                              ; 3e-10 s                     ; 4.34e-10 s                  ; No                         ; No                         ; 2.75 V                      ; 0.000242 V                  ; 2.86 V             ; -0.0814 V          ; 0.36 V                              ; 0.156 V                             ; 3e-10 s                    ; 4.34e-10 s                 ; No                        ; No                        ;
; LED6  ; 2.5 V        ; 0 s                 ; 0 s                 ; 2.75 V                       ; 0.000242 V                   ; 2.86 V              ; -0.0805 V           ; 0.358 V                              ; 0.156 V                              ; 3.01e-10 s                  ; 4.34e-10 s                  ; No                         ; No                         ; 2.75 V                      ; 0.000242 V                  ; 2.86 V             ; -0.0805 V          ; 0.358 V                             ; 0.156 V                             ; 3.01e-10 s                 ; 4.34e-10 s                 ; No                        ; No                        ;
; LED7  ; 2.5 V        ; 0 s                 ; 0 s                 ; 2.75 V                       ; 0.000242 V                   ; 2.86 V              ; -0.0805 V           ; 0.358 V                              ; 0.156 V                              ; 3.01e-10 s                  ; 4.34e-10 s                  ; No                         ; No                         ; 2.75 V                      ; 0.000242 V                  ; 2.86 V             ; -0.0805 V          ; 0.358 V                             ; 0.156 V                             ; 3.01e-10 s                 ; 4.34e-10 s                 ; No                        ; No                        ;
; LED8  ; 2.5 V        ; 0 s                 ; 0 s                 ; 2.75 V                       ; 0.000242 V                   ; 2.86 V              ; -0.0814 V           ; 0.36 V                               ; 0.156 V                              ; 3e-10 s                     ; 4.34e-10 s                  ; No                         ; No                         ; 2.75 V                      ; 0.000242 V                  ; 2.86 V             ; -0.0814 V          ; 0.36 V                              ; 0.156 V                             ; 3e-10 s                    ; 4.34e-10 s                 ; No                        ; No                        ;
; LED9  ; 2.5 V        ; 0 s                 ; 0 s                 ; 2.75 V                       ; 0.000242 V                   ; 2.86 V              ; -0.0814 V           ; 0.36 V                               ; 0.156 V                              ; 3e-10 s                     ; 4.34e-10 s                  ; No                         ; No                         ; 2.75 V                      ; 0.000242 V                  ; 2.86 V             ; -0.0814 V          ; 0.36 V                              ; 0.156 V                             ; 3e-10 s                    ; 4.34e-10 s                 ; No                        ; No                        ;
; LED10 ; 2.5 V        ; 0 s                 ; 0 s                 ; 2.75 V                       ; 0.000242 V                   ; 2.86 V              ; -0.0805 V           ; 0.358 V                              ; 0.156 V                              ; 3.01e-10 s                  ; 4.34e-10 s                  ; No                         ; No                         ; 2.75 V                      ; 0.000242 V                  ; 2.86 V             ; -0.0805 V          ; 0.358 V                             ; 0.156 V                             ; 3.01e-10 s                 ; 4.34e-10 s                 ; No                        ; No                        ;
; LED11 ; 2.5 V        ; 0 s                 ; 0 s                 ; 2.75 V                       ; 0.000242 V                   ; 2.86 V              ; -0.0805 V           ; 0.358 V                              ; 0.156 V                              ; 3.01e-10 s                  ; 4.34e-10 s                  ; No                         ; No                         ; 2.75 V                      ; 0.000242 V                  ; 2.86 V             ; -0.0805 V          ; 0.358 V                             ; 0.156 V                             ; 3.01e-10 s                 ; 4.34e-10 s                 ; No                        ; No                        ;
; LED12 ; 2.5 V        ; 0 s                 ; 0 s                 ; 2.75 V                       ; 0.000242 V                   ; 2.86 V              ; -0.0814 V           ; 0.36 V                               ; 0.156 V                              ; 3e-10 s                     ; 4.34e-10 s                  ; No                         ; No                         ; 2.75 V                      ; 0.000242 V                  ; 2.86 V             ; -0.0814 V          ; 0.36 V                              ; 0.156 V                             ; 3e-10 s                    ; 4.34e-10 s                 ; No                        ; No                        ;
; LED13 ; 2.5 V        ; 0 s                 ; 0 s                 ; 2.75 V                       ; 0.000242 V                   ; 2.86 V              ; -0.0814 V           ; 0.36 V                               ; 0.156 V                              ; 3e-10 s                     ; 4.34e-10 s                  ; No                         ; No                         ; 2.75 V                      ; 0.000242 V                  ; 2.86 V             ; -0.0814 V          ; 0.36 V                              ; 0.156 V                             ; 3e-10 s                    ; 4.34e-10 s                 ; No                        ; No                        ;
; LED14 ; 2.5 V        ; 0 s                 ; 0 s                 ; 2.75 V                       ; 0.000247 V                   ; 2.85 V              ; -0.0711 V           ; 0.204 V                              ; 0.181 V                              ; 4.55e-10 s                  ; 4.49e-10 s                  ; No                         ; No                         ; 2.75 V                      ; 0.000247 V                  ; 2.85 V             ; -0.0711 V          ; 0.204 V                             ; 0.181 V                             ; 4.55e-10 s                 ; 4.49e-10 s                 ; No                        ; No                        ;
; LED15 ; 2.5 V        ; 0 s                 ; 0 s                 ; 2.75 V                       ; 0.000242 V                   ; 2.86 V              ; -0.0814 V           ; 0.36 V                               ; 0.156 V                              ; 3e-10 s                     ; 4.34e-10 s                  ; No                         ; No                         ; 2.75 V                      ; 0.000242 V                  ; 2.86 V             ; -0.0814 V          ; 0.36 V                              ; 0.156 V                             ; 3e-10 s                    ; 4.34e-10 s                 ; No                        ; No                        ;
; LED16 ; 2.5 V        ; 0 s                 ; 0 s                 ; 2.75 V                       ; 0.000242 V                   ; 2.86 V              ; -0.0814 V           ; 0.36 V                               ; 0.156 V                              ; 3e-10 s                     ; 4.34e-10 s                  ; No                         ; No                         ; 2.75 V                      ; 0.000242 V                  ; 2.86 V             ; -0.0814 V          ; 0.36 V                              ; 0.156 V                             ; 3e-10 s                    ; 4.34e-10 s                 ; No                        ; No                        ;
; LED17 ; 2.5 V        ; 0 s                 ; 0 s                 ; 2.75 V                       ; 0.000213 V                   ; 2.79 V              ; -0.0324 V           ; 0.139 V                              ; 0.119 V                              ; 4.42e-10 s                  ; 4.33e-10 s                  ; No                         ; Yes                        ; 2.75 V                      ; 0.000213 V                  ; 2.79 V             ; -0.0324 V          ; 0.139 V                             ; 0.119 V                             ; 4.42e-10 s                 ; 4.33e-10 s                 ; No                        ; Yes                       ;
; LED18 ; 2.5 V        ; 0 s                 ; 0 s                 ; 2.75 V                       ; 0.000213 V                   ; 2.79 V              ; -0.0324 V           ; 0.139 V                              ; 0.119 V                              ; 4.42e-10 s                  ; 4.33e-10 s                  ; No                         ; Yes                        ; 2.75 V                      ; 0.000213 V                  ; 2.79 V             ; -0.0324 V          ; 0.139 V                             ; 0.119 V                             ; 4.42e-10 s                 ; 4.33e-10 s                 ; No                        ; Yes                       ;
; LED19 ; 2.5 V        ; 0 s                 ; 0 s                 ; 2.75 V                       ; 0.000242 V                   ; 2.86 V              ; -0.0814 V           ; 0.36 V                               ; 0.156 V                              ; 3e-10 s                     ; 4.34e-10 s                  ; No                         ; No                         ; 2.75 V                      ; 0.000242 V                  ; 2.86 V             ; -0.0814 V          ; 0.36 V                              ; 0.156 V                             ; 3e-10 s                    ; 4.34e-10 s                 ; No                        ; No                        ;
; LED20 ; 2.5 V        ; 0 s                 ; 0 s                 ; 2.75 V                       ; 0.000242 V                   ; 2.86 V              ; -0.0805 V           ; 0.358 V                              ; 0.156 V                              ; 3.01e-10 s                  ; 4.34e-10 s                  ; No                         ; No                         ; 2.75 V                      ; 0.000242 V                  ; 2.86 V             ; -0.0805 V          ; 0.358 V                             ; 0.156 V                             ; 3.01e-10 s                 ; 4.34e-10 s                 ; No                        ; No                        ;
; LED21 ; 2.5 V        ; 0 s                 ; 0 s                 ; 2.75 V                       ; 0.000213 V                   ; 2.79 V              ; -0.0324 V           ; 0.139 V                              ; 0.119 V                              ; 4.42e-10 s                  ; 4.33e-10 s                  ; No                         ; Yes                        ; 2.75 V                      ; 0.000213 V                  ; 2.79 V             ; -0.0324 V          ; 0.139 V                             ; 0.119 V                             ; 4.42e-10 s                 ; 4.33e-10 s                 ; No                        ; Yes                       ;
; LED22 ; 2.5 V        ; 0 s                 ; 0 s                 ; 2.75 V                       ; 0.000247 V                   ; 2.85 V              ; -0.0711 V           ; 0.204 V                              ; 0.181 V                              ; 4.55e-10 s                  ; 4.49e-10 s                  ; No                         ; No                         ; 2.75 V                      ; 0.000247 V                  ; 2.85 V             ; -0.0711 V          ; 0.204 V                             ; 0.181 V                             ; 4.55e-10 s                 ; 4.49e-10 s                 ; No                        ; No                        ;
; LED23 ; 2.5 V        ; 0 s                 ; 0 s                 ; 2.75 V                       ; 0.000247 V                   ; 2.85 V              ; -0.0711 V           ; 0.204 V                              ; 0.181 V                              ; 4.55e-10 s                  ; 4.49e-10 s                  ; No                         ; No                         ; 2.75 V                      ; 0.000247 V                  ; 2.85 V             ; -0.0711 V          ; 0.204 V                             ; 0.181 V                             ; 4.55e-10 s                 ; 4.49e-10 s                 ; No                        ; No                        ;
; LED24 ; 2.5 V        ; 0 s                 ; 0 s                 ; 2.75 V                       ; 0.000213 V                   ; 2.79 V              ; -0.0324 V           ; 0.139 V                              ; 0.119 V                              ; 4.42e-10 s                  ; 4.33e-10 s                  ; No                         ; Yes                        ; 2.75 V                      ; 0.000213 V                  ; 2.79 V             ; -0.0324 V          ; 0.139 V                             ; 0.119 V                             ; 4.42e-10 s                 ; 4.33e-10 s                 ; No                        ; Yes                       ;
; LED25 ; 2.5 V        ; 0 s                 ; 0 s                 ; 2.75 V                       ; 0.000247 V                   ; 2.85 V              ; -0.0711 V           ; 0.204 V                              ; 0.181 V                              ; 4.55e-10 s                  ; 4.49e-10 s                  ; No                         ; No                         ; 2.75 V                      ; 0.000247 V                  ; 2.85 V             ; -0.0711 V          ; 0.204 V                             ; 0.181 V                             ; 4.55e-10 s                 ; 4.49e-10 s                 ; No                        ; No                        ;
; LED26 ; 2.5 V        ; 0 s                 ; 0 s                 ; 2.75 V                       ; 0.000247 V                   ; 2.85 V              ; -0.0711 V           ; 0.204 V                              ; 0.181 V                              ; 4.55e-10 s                  ; 4.49e-10 s                  ; No                         ; No                         ; 2.75 V                      ; 0.000247 V                  ; 2.85 V             ; -0.0711 V          ; 0.204 V                             ; 0.181 V                             ; 4.55e-10 s                 ; 4.49e-10 s                 ; No                        ; No                        ;
; LED27 ; 2.5 V        ; 0 s                 ; 0 s                 ; 2.75 V                       ; 0.000213 V                   ; 2.79 V              ; -0.0324 V           ; 0.139 V                              ; 0.119 V                              ; 4.42e-10 s                  ; 4.33e-10 s                  ; No                         ; Yes                        ; 2.75 V                      ; 0.000213 V                  ; 2.79 V             ; -0.0324 V          ; 0.139 V                             ; 0.119 V                             ; 4.42e-10 s                 ; 4.33e-10 s                 ; No                        ; Yes                       ;
; LED28 ; 2.5 V        ; 0 s                 ; 0 s                 ; 2.75 V                       ; 0.000242 V                   ; 2.86 V              ; -0.0805 V           ; 0.358 V                              ; 0.156 V                              ; 3.01e-10 s                  ; 4.34e-10 s                  ; No                         ; No                         ; 2.75 V                      ; 0.000242 V                  ; 2.86 V             ; -0.0805 V          ; 0.358 V                             ; 0.156 V                             ; 3.01e-10 s                 ; 4.34e-10 s                 ; No                        ; No                        ;
; LED29 ; 2.5 V        ; 0 s                 ; 0 s                 ; 2.75 V                       ; 0.000213 V                   ; 2.79 V              ; -0.0324 V           ; 0.139 V                              ; 0.119 V                              ; 4.42e-10 s                  ; 4.33e-10 s                  ; No                         ; Yes                        ; 2.75 V                      ; 0.000213 V                  ; 2.79 V             ; -0.0324 V          ; 0.139 V                             ; 0.119 V                             ; 4.42e-10 s                 ; 4.33e-10 s                 ; No                        ; Yes                       ;
; LED30 ; 2.5 V        ; 0 s                 ; 0 s                 ; 2.75 V                       ; 0.000213 V                   ; 2.79 V              ; -0.0324 V           ; 0.139 V                              ; 0.119 V                              ; 4.42e-10 s                  ; 4.33e-10 s                  ; No                         ; Yes                        ; 2.75 V                      ; 0.000213 V                  ; 2.79 V             ; -0.0324 V          ; 0.139 V                             ; 0.119 V                             ; 4.42e-10 s                 ; 4.33e-10 s                 ; No                        ; Yes                       ;
; LED31 ; 2.5 V        ; 0 s                 ; 0 s                 ; 2.75 V                       ; 0.000213 V                   ; 2.79 V              ; -0.0324 V           ; 0.139 V                              ; 0.119 V                              ; 4.42e-10 s                  ; 4.33e-10 s                  ; No                         ; Yes                        ; 2.75 V                      ; 0.000213 V                  ; 2.79 V             ; -0.0324 V          ; 0.139 V                             ; 0.119 V                             ; 4.42e-10 s                 ; 4.33e-10 s                 ; No                        ; Yes                       ;
; LED32 ; 2.5 V        ; 0 s                 ; 0 s                 ; 2.75 V                       ; 0.000247 V                   ; 2.85 V              ; -0.0711 V           ; 0.204 V                              ; 0.181 V                              ; 4.55e-10 s                  ; 4.49e-10 s                  ; No                         ; No                         ; 2.75 V                      ; 0.000247 V                  ; 2.85 V             ; -0.0711 V          ; 0.204 V                             ; 0.181 V                             ; 4.55e-10 s                 ; 4.49e-10 s                 ; No                        ; No                        ;
; LED33 ; 2.5 V        ; 0 s                 ; 0 s                 ; 2.75 V                       ; 0.000247 V                   ; 2.85 V              ; -0.0711 V           ; 0.204 V                              ; 0.181 V                              ; 4.55e-10 s                  ; 4.49e-10 s                  ; No                         ; No                         ; 2.75 V                      ; 0.000247 V                  ; 2.85 V             ; -0.0711 V          ; 0.204 V                             ; 0.181 V                             ; 4.55e-10 s                 ; 4.49e-10 s                 ; No                        ; No                        ;
; LED34 ; 2.5 V        ; 0 s                 ; 0 s                 ; 2.75 V                       ; 0.000213 V                   ; 2.79 V              ; -0.0324 V           ; 0.139 V                              ; 0.119 V                              ; 4.42e-10 s                  ; 4.33e-10 s                  ; No                         ; Yes                        ; 2.75 V                      ; 0.000213 V                  ; 2.79 V             ; -0.0324 V          ; 0.139 V                             ; 0.119 V                             ; 4.42e-10 s                 ; 4.33e-10 s                 ; No                        ; Yes                       ;
; LED35 ; 2.5 V        ; 0 s                 ; 0 s                 ; 2.75 V                       ; 0.000247 V                   ; 2.85 V              ; -0.0711 V           ; 0.204 V                              ; 0.181 V                              ; 4.55e-10 s                  ; 4.49e-10 s                  ; No                         ; No                         ; 2.75 V                      ; 0.000247 V                  ; 2.85 V             ; -0.0711 V          ; 0.204 V                             ; 0.181 V                             ; 4.55e-10 s                 ; 4.49e-10 s                 ; No                        ; No                        ;
; LED36 ; 2.5 V        ; 0 s                 ; 0 s                 ; 2.75 V                       ; 0.000213 V                   ; 2.79 V              ; -0.0324 V           ; 0.139 V                              ; 0.119 V                              ; 4.42e-10 s                  ; 4.33e-10 s                  ; No                         ; Yes                        ; 2.75 V                      ; 0.000213 V                  ; 2.79 V             ; -0.0324 V          ; 0.139 V                             ; 0.119 V                             ; 4.42e-10 s                 ; 4.33e-10 s                 ; No                        ; Yes                       ;
; LED37 ; 2.5 V        ; 0 s                 ; 0 s                 ; 2.75 V                       ; 0.000213 V                   ; 2.79 V              ; -0.0324 V           ; 0.139 V                              ; 0.119 V                              ; 4.42e-10 s                  ; 4.33e-10 s                  ; No                         ; Yes                        ; 2.75 V                      ; 0.000213 V                  ; 2.79 V             ; -0.0324 V          ; 0.139 V                             ; 0.119 V                             ; 4.42e-10 s                 ; 4.33e-10 s                 ; No                        ; Yes                       ;
; LED38 ; 2.5 V        ; 0 s                 ; 0 s                 ; 2.75 V                       ; 0.000213 V                   ; 2.79 V              ; -0.0324 V           ; 0.139 V                              ; 0.119 V                              ; 4.42e-10 s                  ; 4.33e-10 s                  ; No                         ; Yes                        ; 2.75 V                      ; 0.000213 V                  ; 2.79 V             ; -0.0324 V          ; 0.139 V                             ; 0.119 V                             ; 4.42e-10 s                 ; 4.33e-10 s                 ; No                        ; Yes                       ;
; LED39 ; 2.5 V        ; 0 s                 ; 0 s                 ; 2.75 V                       ; 0.000242 V                   ; 2.86 V              ; -0.0814 V           ; 0.36 V                               ; 0.156 V                              ; 3e-10 s                     ; 4.34e-10 s                  ; No                         ; No                         ; 2.75 V                      ; 0.000242 V                  ; 2.86 V             ; -0.0814 V          ; 0.36 V                              ; 0.156 V                             ; 3e-10 s                    ; 4.34e-10 s                 ; No                        ; No                        ;
; LED40 ; 2.5 V        ; 0 s                 ; 0 s                 ; 2.75 V                       ; 0.000242 V                   ; 2.86 V              ; -0.0805 V           ; 0.358 V                              ; 0.156 V                              ; 3.01e-10 s                  ; 4.34e-10 s                  ; No                         ; No                         ; 2.75 V                      ; 0.000242 V                  ; 2.86 V             ; -0.0805 V          ; 0.358 V                             ; 0.156 V                             ; 3.01e-10 s                 ; 4.34e-10 s                 ; No                        ; No                        ;
; LED41 ; 2.5 V        ; 0 s                 ; 0 s                 ; 2.75 V                       ; 0.000247 V                   ; 2.85 V              ; -0.0711 V           ; 0.204 V                              ; 0.181 V                              ; 4.55e-10 s                  ; 4.49e-10 s                  ; No                         ; No                         ; 2.75 V                      ; 0.000247 V                  ; 2.85 V             ; -0.0711 V          ; 0.204 V                             ; 0.181 V                             ; 4.55e-10 s                 ; 4.49e-10 s                 ; No                        ; No                        ;
+-------+--------------+---------------------+---------------------+------------------------------+------------------------------+---------------------+---------------------+--------------------------------------+--------------------------------------+-----------------------------+-----------------------------+----------------------------+----------------------------+-----------------------------+-----------------------------+--------------------+--------------------+-------------------------------------+-------------------------------------+----------------------------+----------------------------+---------------------------+---------------------------+


-------------------
; Clock Transfers ;
-------------------
Nothing to report.


---------------
; Report TCCS ;
---------------
No dedicated SERDES Transmitter circuitry present in device or used in design


---------------
; Report RSKM ;
---------------
No non-DPA dedicated SERDES Receiver circuitry present in device or used in design


+------------------------------------------------+
; Unconstrained Paths                            ;
+---------------------------------+-------+------+
; Property                        ; Setup ; Hold ;
+---------------------------------+-------+------+
; Illegal Clocks                  ; 0     ; 0    ;
; Unconstrained Clocks            ; 0     ; 0    ;
; Unconstrained Input Ports       ; 3     ; 3    ;
; Unconstrained Input Port Paths  ; 90    ; 90   ;
; Unconstrained Output Ports      ; 30    ; 30   ;
; Unconstrained Output Port Paths ; 90    ; 90   ;
+---------------------------------+-------+------+


+------------------------------------+
; TimeQuest Timing Analyzer Messages ;
+------------------------------------+
Info: *******************************************************************
Info: Running Quartus II 64-Bit TimeQuest Timing Analyzer
    Info: Version 13.1.0 Build 162 10/23/2013 SJ Web Edition
    Info: Processing started: Thu Sep 24 13:34:19 2026
Info: Command: quartus_sta Ejercicio_11 -c Ejercicio_11
Info: qsta_default_script.tcl version: #1
Warning (20028): Parallel compilation is not licensed and has been disabled
Info (21077): Low junction temperature is 0 degrees C
Info (21077): High junction temperature is 85 degrees C
Critical Warning (332012): Synopsys Design Constraints File file not found: 'Ejercicio_11.sdc'. A Synopsys Design Constraints File is required by the TimeQuest Timing Analyzer to get proper timing constraints. Without it, the Compiler will not properly optimize the design.
Info (332142): No user constrained base clocks found in the design. Calling "derive_clocks -period 1.0"
Info (332096): The command derive_clocks did not find any clocks to derive.  No clocks were created or changed.
Warning (332068): No clocks defined in design.
Info (332143): No user constrained clock uncertainty found in the design. Calling "derive_clock_uncertainty"
Info (332154): The derive_clock_uncertainty command did not apply clock uncertainty to any clock-to-clock transfers.
Info: Found TIMEQUEST_REPORT_SCRIPT_INCLUDE_DEFAULT_ANALYSIS = ON
Info (332159): No clocks to report
Info: Analyzing Slow 1100mV 85C Model
Info (332140): No fmax paths to report
Info (332140): No Setup paths to report
Info (332140): No Hold paths to report
Info (332140): No Recovery paths to report
Info (332140): No Removal paths to report
Info (332140): No Minimum Pulse Width paths to report
Info: Analyzing Slow 1100mV 0C Model
Info (334003): Started post-fitting delay annotation
Info (334004): Delay annotation completed successfully
Info (332142): No user constrained base clocks found in the design. Calling "derive_clocks -period 1.0"
Info (332096): The command derive_clocks did not find any clocks to derive.  No clocks were created or changed.
Warning (332068): No clocks defined in design.
Info (332154): The derive_clock_uncertainty command did not apply clock uncertainty to any clock-to-clock transfers.
Info (332140): No fmax paths to report
Info (332140): No Setup paths to report
Info (332140): No Hold paths to report
Info (332140): No Recovery paths to report
Info (332140): No Removal paths to report
Info (332140): No Minimum Pulse Width paths to report
Info: Analyzing Fast 1100mV 85C Model
Info (334003): Started post-fitting delay annotation
Info (334004): Delay annotation completed successfully
Info (332142): No user constrained base clocks found in the design. Calling "derive_clocks -period 1.0"
Info (332096): The command derive_clocks did not find any clocks to derive.  No clocks were created or changed.
Warning (332068): No clocks defined in design.
Info (332154): The derive_clock_uncertainty command did not apply clock uncertainty to any clock-to-clock transfers.
Info (332140): No Setup paths to report
Info (332140): No Hold paths to report
Info (332140): No Recovery paths to report
Info (332140): No Removal paths to report
Info (332140): No Minimum Pulse Width paths to report
Info: Analyzing Fast 1100mV 0C Model
Info (332142): No user constrained base clocks found in the design. Calling "derive_clocks -period 1.0"
Info (332096): The command derive_clocks did not find any clocks to derive.  No clocks were created or changed.
Warning (332068): No clocks defined in design.
Info (332154): The derive_clock_uncertainty command did not apply clock uncertainty to any clock-to-clock transfers.
Info (332140): No Setup paths to report
Info (332140): No Hold paths to report
Info (332140): No Recovery paths to report
Info (332140): No Removal paths to report
Info (332140): No Minimum Pulse Width paths to report
Info (332102): Design is not fully constrained for setup requirements
Info (332102): Design is not fully constrained for hold requirements
Info: Quartus II 64-Bit TimeQuest Timing Analyzer was successful. 0 errors, 6 warnings
    Info: Peak virtual memory: 4847 megabytes
    Info: Processing ended: Thu Sep 24 13:34:26 2026
    Info: Elapsed time: 00:00:07
    Info: Total CPU time (on all processors): 00:00:06


