TimeQuest Timing Analyzer report for Ejercicio_13
Wed Sep 23 17:09:21 2026
Quartus II 64-Bit Version 13.1.0 Build 162 10/23/2013 SJ Web Edition


---------------------
; Table of Contents ;
---------------------
  1. Legal Notice
  2. TimeQuest Timing Analyzer Summary
  3. Parallel Compilation
  4. Clocks
  5. Slow 1100mV 85C Model Fmax Summary
  6. Timing Closure Recommendations
  7. Slow 1100mV 85C Model Setup Summary
  8. Slow 1100mV 85C Model Hold Summary
  9. Slow 1100mV 85C Model Recovery Summary
 10. Slow 1100mV 85C Model Removal Summary
 11. Slow 1100mV 85C Model Minimum Pulse Width Summary
 12. Propagation Delay
 13. Minimum Propagation Delay
 14. Slow 1100mV 85C Model Metastability Report
 15. Slow 1100mV 0C Model Fmax Summary
 16. Slow 1100mV 0C Model Setup Summary
 17. Slow 1100mV 0C Model Hold Summary
 18. Slow 1100mV 0C Model Recovery Summary
 19. Slow 1100mV 0C Model Removal Summary
 20. Slow 1100mV 0C Model Minimum Pulse Width Summary
 21. Propagation Delay
 22. Minimum Propagation Delay
 23. Slow 1100mV 0C Model Metastability Report
 24. Fast 1100mV 85C Model Setup Summary
 25. Fast 1100mV 85C Model Hold Summary
 26. Fast 1100mV 85C Model Recovery Summary
 27. Fast 1100mV 85C Model Removal Summary
 28. Fast 1100mV 85C Model Minimum Pulse Width Summary
 29. Propagation Delay
 30. Minimum Propagation Delay
 31. Fast 1100mV 85C Model Metastability Report
 32. Fast 1100mV 0C Model Setup Summary
 33. Fast 1100mV 0C Model Hold Summary
 34. Fast 1100mV 0C Model Recovery Summary
 35. Fast 1100mV 0C Model Removal Summary
 36. Fast 1100mV 0C Model Minimum Pulse Width Summary
 37. Propagation Delay
 38. Minimum Propagation Delay
 39. Fast 1100mV 0C Model Metastability Report
 40. Multicorner Timing Analysis Summary
 41. Propagation Delay
 42. Minimum Propagation Delay
 43. Board Trace Model Assignments
 44. Input Transition Times
 45. Signal Integrity Metrics (Slow 1100mv 0c Model)
 46. Signal Integrity Metrics (Slow 1100mv 85c Model)
 47. Signal Integrity Metrics (Fast 1100mv 0c Model)
 48. Signal Integrity Metrics (Fast 1100mv 85c Model)
 49. Clock Transfers
 50. Report TCCS
 51. Report RSKM
 52. Unconstrained Paths
 53. TimeQuest Timing Analyzer Messages



----------------
; Legal Notice ;
----------------
Copyright (C) 1991-2013 Altera Corporation
Your use of Altera Corporation's design tools, logic functions 
and other software and tools, and its AMPP partner logic 
functions, and any output files from any of the foregoing 
(including device programming or simulation files), and any 
associated documentation or information are expressly subject 
to the terms and conditions of the Altera Program License 
Subscription Agreement, Altera MegaCore Function License 
Agreement, or other applicable license agreement, including, 
without limitation, that your use is for the sole purpose of 
programming logic devices manufactured by Altera and sold by 
Altera or its authorized distributors.  Please refer to the 
applicable agreement for further details.



+-------------------------------------------------------------------------+
; TimeQuest Timing Analyzer Summary                                       ;
+--------------------+----------------------------------------------------+
; Quartus II Version ; Version 13.1.0 Build 162 10/23/2013 SJ Web Edition ;
; Revision Name      ; Ejercicio_13                                       ;
; Device Family      ; Cyclone V                                          ;
; Device Name        ; 5CEBA4F23C7                                        ;
; Timing Models      ; Final                                              ;
; Delay Model        ; Combined                                           ;
; Rise/Fall Delays   ; Enabled                                            ;
+--------------------+----------------------------------------------------+


Parallel compilation was disabled, but you have multiple processors available. Enable parallel compilation to reduce compilation time.
+-------------------------------------+
; Parallel Compilation                ;
+----------------------------+--------+
; Processors                 ; Number ;
+----------------------------+--------+
; Number detected on machine ; 8      ;
; Maximum allowed            ; 1      ;
+----------------------------+--------+


----------
; Clocks ;
----------
No clocks to report.


--------------------------------------
; Slow 1100mV 85C Model Fmax Summary ;
--------------------------------------
No paths to report.


----------------------------------
; Timing Closure Recommendations ;
----------------------------------
HTML report is unavailable in plain text report export.


---------------------------------------
; Slow 1100mV 85C Model Setup Summary ;
---------------------------------------
No paths to report.


--------------------------------------
; Slow 1100mV 85C Model Hold Summary ;
--------------------------------------
No paths to report.


------------------------------------------
; Slow 1100mV 85C Model Recovery Summary ;
------------------------------------------
No paths to report.


-----------------------------------------
; Slow 1100mV 85C Model Removal Summary ;
-----------------------------------------
No paths to report.


-----------------------------------------------------
; Slow 1100mV 85C Model Minimum Pulse Width Summary ;
-----------------------------------------------------
No paths to report.


+--------------------------------------------------------------+
; Propagation Delay                                            ;
+------------+-------------+--------+--------+--------+--------+
; Input Port ; Output Port ; RR     ; RF     ; FR     ; FF     ;
+------------+-------------+--------+--------+--------+--------+
; KEY0       ; HEX4[0]     ; 13.150 ; 13.448 ; 13.616 ; 13.914 ;
; KEY0       ; HEX4[1]     ; 12.805 ; 12.999 ; 13.271 ; 13.465 ;
; KEY0       ; HEX4[2]     ; 12.653 ; 12.694 ; 13.119 ; 13.160 ;
; KEY0       ; HEX4[3]     ; 12.966 ; 13.259 ; 13.432 ; 13.725 ;
; KEY0       ; HEX4[4]     ; 12.482 ; 12.538 ; 12.948 ; 13.004 ;
; KEY0       ; HEX4[5]     ; 12.625 ; 12.644 ; 13.091 ; 13.110 ;
; KEY0       ; HEX4[6]     ; 12.867 ; 13.004 ; 13.333 ; 13.470 ;
; KEY0       ; HEX5[0]     ; 12.136 ; 11.989 ; 12.602 ; 12.455 ;
; KEY0       ; HEX5[2]     ; 11.552 ; 11.563 ; 12.018 ; 12.029 ;
; KEY0       ; HEX5[3]     ; 12.076 ; 11.997 ; 12.542 ; 12.463 ;
; KEY0       ; HEX5[4]     ; 14.959 ; 15.993 ; 15.425 ; 16.459 ;
; KEY0       ; HEX5[5]     ; 13.612 ; 14.742 ; 14.078 ; 15.208 ;
; KEY0       ; HEX5[6]     ; 11.977 ; 11.237 ; 12.443 ; 11.703 ;
; KEY0       ; LED0        ; 10.484 ; 11.173 ; 10.932 ; 11.629 ;
; KEY0       ; LED1        ; 10.970 ; 11.873 ; 11.410 ; 12.392 ;
; KEY0       ; LED2        ; 13.571 ; 15.146 ; 14.037 ; 15.612 ;
; KEY0       ; LED3        ; 13.128 ; 14.755 ; 13.855 ; 15.212 ;
; KEY0       ; LED4        ; 10.989 ; 11.260 ; 11.455 ; 11.726 ;
; KEY0       ; LED5        ; 10.213 ; 10.393 ; 10.726 ; 10.914 ;
; KEY1       ; HEX4[0]     ; 13.120 ; 13.418 ; 13.534 ; 13.832 ;
; KEY1       ; HEX4[1]     ; 12.775 ; 12.969 ; 13.189 ; 13.383 ;
; KEY1       ; HEX4[2]     ; 12.623 ; 12.664 ; 13.037 ; 13.078 ;
; KEY1       ; HEX4[3]     ; 12.936 ; 13.229 ; 13.350 ; 13.643 ;
; KEY1       ; HEX4[4]     ; 12.452 ; 12.508 ; 12.866 ; 12.922 ;
; KEY1       ; HEX4[5]     ; 12.595 ; 12.614 ; 13.009 ; 13.028 ;
; KEY1       ; HEX4[6]     ; 12.837 ; 12.974 ; 13.251 ; 13.388 ;
; KEY1       ; HEX5[0]     ; 12.106 ; 11.959 ; 12.520 ; 12.373 ;
; KEY1       ; HEX5[2]     ; 11.522 ; 11.533 ; 11.936 ; 11.947 ;
; KEY1       ; HEX5[3]     ; 12.046 ; 11.967 ; 12.460 ; 12.381 ;
; KEY1       ; HEX5[4]     ; 14.929 ; 15.963 ; 15.343 ; 16.377 ;
; KEY1       ; HEX5[5]     ; 13.671 ; 14.712 ; 14.067 ; 15.126 ;
; KEY1       ; HEX5[6]     ; 11.947 ; 11.420 ; 12.361 ; 11.676 ;
; KEY1       ; LED0        ; 10.212 ; 10.885 ; 10.603 ; 11.240 ;
; KEY1       ; LED1        ; 11.332 ; 12.242 ; 11.742 ; 12.642 ;
; KEY1       ; LED2        ; 13.596 ; 15.116 ; 14.010 ; 15.530 ;
; KEY1       ; LED3        ; 13.611 ; 14.716 ; 13.600 ; 14.856 ;
; KEY1       ; LED4        ; 11.015 ; 11.231 ; 11.429 ; 11.645 ;
; KEY1       ; LED5        ; 10.482 ; 10.670 ; 10.846 ; 11.026 ;
; KEY2       ; HEX4[0]     ; 12.881 ; 13.169 ; 13.246 ; 13.534 ;
; KEY2       ; HEX4[1]     ; 12.536 ; 12.708 ; 12.901 ; 13.073 ;
; KEY2       ; HEX4[2]     ; 12.332 ; 12.450 ; 12.654 ; 12.815 ;
; KEY2       ; HEX4[3]     ; 12.684 ; 12.967 ; 13.049 ; 13.332 ;
; KEY2       ; HEX4[4]     ; 12.201 ; 12.246 ; 12.566 ; 12.611 ;
; KEY2       ; HEX4[5]     ; 12.328 ; 12.400 ; 12.693 ; 12.765 ;
; KEY2       ; HEX4[6]     ; 12.584 ; 12.710 ; 12.949 ; 13.075 ;
; KEY2       ; HEX5[0]     ; 11.815 ; 11.725 ; 12.006 ; 12.090 ;
; KEY2       ; HEX5[2]     ; 11.335 ; 11.242 ; 11.700 ; 11.448 ;
; KEY2       ; HEX5[3]     ; 11.755 ; 11.733 ; 11.946 ; 12.098 ;
; KEY2       ; HEX5[4]     ; 14.638 ; 15.757 ; 14.836 ; 16.122 ;
; KEY2       ; HEX5[5]     ; 13.491 ; 14.494 ; 13.961 ; 14.859 ;
; KEY2       ; HEX5[6]     ; 11.656 ; 10.972 ; 11.793 ; 11.710 ;
; KEY2       ; LED0        ; 10.387 ; 11.004 ; 10.698 ; 11.305 ;
; KEY2       ; LED1        ; 11.166 ; 12.073 ; 11.398 ; 12.438 ;
; KEY2       ; LED2        ; 13.015 ; 14.825 ; 13.771 ; 14.852 ;
; KEY2       ; LED3        ; 13.163 ; 14.596 ; 13.901 ; 15.006 ;
; KEY2       ; LED4        ; 10.434 ; 10.656 ; 10.751 ; 10.967 ;
; KEY2       ; LED5        ; 10.409 ; 10.589 ; 10.772 ; 10.960 ;
; KEY3       ; HEX4[0]     ; 12.710 ; 12.998 ; 13.098 ; 13.386 ;
; KEY3       ; HEX4[1]     ; 12.365 ; 12.542 ; 12.753 ; 12.925 ;
; KEY3       ; HEX4[2]     ; 12.196 ; 12.279 ; 12.506 ; 12.667 ;
; KEY3       ; HEX4[3]     ; 12.513 ; 12.802 ; 12.901 ; 13.184 ;
; KEY3       ; HEX4[4]     ; 12.030 ; 12.081 ; 12.418 ; 12.463 ;
; KEY3       ; HEX4[5]     ; 12.168 ; 12.229 ; 12.545 ; 12.617 ;
; KEY3       ; HEX4[6]     ; 12.413 ; 12.547 ; 12.801 ; 12.927 ;
; KEY3       ; HEX5[0]     ; 11.679 ; 11.554 ; 11.935 ; 11.942 ;
; KEY3       ; HEX5[2]     ; 11.164 ; 11.106 ; 11.552 ; 11.362 ;
; KEY3       ; HEX5[3]     ; 11.619 ; 11.562 ; 11.875 ; 11.950 ;
; KEY3       ; HEX5[4]     ; 14.502 ; 15.586 ; 14.758 ; 15.974 ;
; KEY3       ; HEX5[5]     ; 13.355 ; 14.323 ; 13.813 ; 14.711 ;
; KEY3       ; HEX5[6]     ; 11.520 ; 10.836 ; 11.776 ; 11.562 ;
; KEY3       ; LED0        ; 10.232 ; 10.839 ; 10.523 ; 11.139 ;
; KEY3       ; LED1        ; 11.030 ; 11.902 ; 11.200 ; 12.290 ;
; KEY3       ; LED2        ; 13.017 ; 14.689 ; 13.623 ; 14.945 ;
; KEY3       ; LED3        ; 13.027 ; 14.447 ; 13.753 ; 14.858 ;
; KEY3       ; LED4        ; 10.436 ; 10.652 ; 10.788 ; 11.059 ;
; KEY3       ; LED5        ; 10.273 ; 10.453 ; 10.624 ; 10.812 ;
; SW0        ; HEX4[0]     ; 13.787 ; 14.075 ; 14.147 ; 14.435 ;
; SW0        ; HEX4[1]     ; 13.442 ; 13.614 ; 13.802 ; 13.974 ;
; SW0        ; HEX4[2]     ; 13.195 ; 13.356 ; 13.555 ; 13.716 ;
; SW0        ; HEX4[3]     ; 13.590 ; 13.873 ; 13.950 ; 14.233 ;
; SW0        ; HEX4[4]     ; 13.107 ; 13.152 ; 13.467 ; 13.512 ;
; SW0        ; HEX4[5]     ; 13.234 ; 13.306 ; 13.594 ; 13.666 ;
; SW0        ; HEX4[6]     ; 13.490 ; 13.616 ; 13.850 ; 13.976 ;
; SW0        ; HEX5[0]     ; 12.462 ; 12.631 ; 12.778 ; 12.991 ;
; SW0        ; HEX5[2]     ; 12.241 ; 11.903 ; 12.601 ; 12.219 ;
; SW0        ; HEX5[3]     ; 12.402 ; 12.639 ; 12.718 ; 12.999 ;
; SW0        ; HEX5[4]     ; 15.282 ; 16.663 ; 15.598 ; 17.023 ;
; SW0        ; HEX5[5]     ; 14.391 ; 15.400 ; 14.751 ; 15.760 ;
; SW0        ; HEX5[6]     ; 12.303 ; 11.742 ; 12.619 ; 12.105 ;
; SW0        ; LED0        ; 11.289 ; 12.136 ; 11.697 ; 12.540 ;
; SW0        ; LED1        ; 12.066 ; 12.979 ; 12.426 ; 13.339 ;
; SW0        ; LED2        ; 13.736 ; 15.182 ; 14.105 ; 15.562 ;
; SW0        ; LED3        ; 13.933 ; 15.516 ; 14.296 ; 15.832 ;
; SW0        ; LED4        ; 11.214 ; 11.363 ; 11.537 ; 11.677 ;
; SW0        ; LED5        ; 10.970 ; 11.126 ; 11.322 ; 11.478 ;
; SW1        ; HEX4[0]     ; 13.557 ; 13.845 ; 13.916 ; 14.204 ;
; SW1        ; HEX4[1]     ; 13.212 ; 13.384 ; 13.571 ; 13.743 ;
; SW1        ; HEX4[2]     ; 13.010 ; 13.126 ; 13.388 ; 13.485 ;
; SW1        ; HEX4[3]     ; 13.360 ; 13.643 ; 13.719 ; 14.002 ;
; SW1        ; HEX4[4]     ; 12.877 ; 12.922 ; 13.236 ; 13.281 ;
; SW1        ; HEX4[5]     ; 13.004 ; 13.076 ; 13.363 ; 13.435 ;
; SW1        ; HEX4[6]     ; 13.260 ; 13.386 ; 13.619 ; 13.745 ;
; SW1        ; HEX5[0]     ; 12.493 ; 12.401 ; 12.871 ; 12.760 ;
; SW1        ; HEX5[2]     ; 12.011 ; 11.934 ; 12.370 ; 12.312 ;
; SW1        ; HEX5[3]     ; 12.433 ; 12.409 ; 12.811 ; 12.768 ;
; SW1        ; HEX5[4]     ; 15.313 ; 16.433 ; 15.691 ; 16.792 ;
; SW1        ; HEX5[5]     ; 14.049 ; 15.170 ; 14.423 ; 15.529 ;
; SW1        ; HEX5[6]     ; 12.334 ; 11.738 ; 12.712 ; 12.126 ;
; SW1        ; LED0        ;        ; 12.049 ; 11.686 ;        ;
; SW1        ; LED1        ; 11.724 ; 12.749 ; 12.098 ; 13.108 ;
; SW1        ; LED2        ; 13.615 ; 15.061 ; 13.965 ; 15.422 ;
; SW1        ; LED3        ; 13.929 ; 15.547 ; 14.317 ; 15.925 ;
; SW1        ; LED4        ; 11.099 ; 11.248 ; 11.442 ; 11.582 ;
; SW1        ; LED5        ; 10.849 ; 11.005 ; 11.182 ; 11.338 ;
; SW2        ; HEX4[0]     ; 13.899 ; 14.197 ; 14.479 ; 14.777 ;
; SW2        ; HEX4[1]     ; 13.554 ; 13.748 ; 14.134 ; 14.328 ;
; SW2        ; HEX4[2]     ; 13.402 ; 13.446 ; 13.982 ; 14.026 ;
; SW2        ; HEX4[3]     ; 13.715 ; 14.008 ; 14.295 ; 14.588 ;
; SW2        ; HEX4[4]     ; 13.231 ; 13.287 ; 13.811 ; 13.867 ;
; SW2        ; HEX4[5]     ; 13.374 ; 13.396 ; 13.954 ; 13.976 ;
; SW2        ; HEX4[6]     ; 13.616 ; 13.753 ; 14.196 ; 14.333 ;
; SW2        ; HEX5[0]     ; 12.885 ; 12.736 ; 13.465 ; 13.316 ;
; SW2        ; HEX5[2]     ; 12.311 ; 12.326 ; 12.891 ; 12.906 ;
; SW2        ; HEX5[3]     ; 12.825 ; 12.744 ; 13.405 ; 13.324 ;
; SW2        ; HEX5[4]     ; 15.705 ; 16.742 ; 16.285 ; 17.322 ;
; SW2        ; HEX5[5]     ; 14.261 ; 15.484 ; 15.002 ; 16.064 ;
; SW2        ; HEX5[6]     ; 12.726 ; 12.010 ; 13.306 ; 12.751 ;
; SW2        ; LED0        ;        ; 12.376 ; 12.106 ;        ;
; SW2        ; LED2        ; 13.788 ; 15.127 ; 14.344 ; 15.790 ;
; SW2        ; LED3        ; 14.201 ; 15.939 ; 14.942 ; 16.519 ;
; SW2        ; LED4        ; 11.377 ; 11.526 ; 12.039 ; 12.179 ;
; SW2        ; LED5        ; 11.171 ; 11.327 ; 11.684 ; 11.840 ;
; SW3        ; HEX4[0]     ; 13.215 ; 13.513 ; 13.664 ; 13.962 ;
; SW3        ; HEX4[1]     ; 12.870 ; 13.064 ; 13.319 ; 13.513 ;
; SW3        ; HEX4[2]     ; 12.718 ; 12.762 ; 13.167 ; 13.211 ;
; SW3        ; HEX4[3]     ; 13.031 ; 13.324 ; 13.480 ; 13.773 ;
; SW3        ; HEX4[4]     ; 12.547 ; 12.603 ; 12.996 ; 13.052 ;
; SW3        ; HEX4[5]     ; 12.690 ; 12.712 ; 13.139 ; 13.161 ;
; SW3        ; HEX4[6]     ; 12.932 ; 13.069 ; 13.381 ; 13.518 ;
; SW3        ; HEX5[0]     ; 12.201 ; 12.052 ; 12.650 ; 12.501 ;
; SW3        ; HEX5[2]     ; 11.627 ; 11.642 ; 12.076 ; 12.091 ;
; SW3        ; HEX5[3]     ; 12.141 ; 12.060 ; 12.590 ; 12.509 ;
; SW3        ; HEX5[4]     ; 15.021 ; 16.058 ; 15.470 ; 16.507 ;
; SW3        ; HEX5[5]     ; 13.810 ; 14.800 ; 14.241 ; 15.249 ;
; SW3        ; HEX5[6]     ; 12.042 ; 11.559 ; 12.491 ; 11.990 ;
; SW3        ; LED0        ;        ; 11.880 ; 11.548 ;        ;
; SW3        ; LED3        ; 13.750 ; 15.255 ; 14.181 ; 15.704 ;
; SW3        ; LED4        ; 11.152 ; 11.425 ; 11.524 ; 11.787 ;
; SW3        ; LED5        ; 11.095 ; 11.251 ; 11.445 ; 11.601 ;
; SW4        ; HEX4[0]     ; 12.770 ; 13.068 ; 13.152 ; 13.450 ;
; SW4        ; HEX4[1]     ; 12.425 ; 12.619 ; 12.807 ; 13.001 ;
; SW4        ; HEX4[2]     ; 12.273 ; 12.278 ; 12.655 ; 12.660 ;
; SW4        ; HEX4[3]     ; 12.586 ; 12.879 ; 12.968 ; 13.261 ;
; SW4        ; HEX4[4]     ; 12.102 ; 12.158 ; 12.484 ; 12.540 ;
; SW4        ; HEX4[5]     ; 12.245 ; 12.228 ; 12.627 ; 12.610 ;
; SW4        ; HEX4[6]     ; 12.487 ; 12.624 ; 12.869 ; 13.006 ;
; SW4        ; HEX5[0]     ; 11.665 ; 11.555 ; 12.047 ; 11.937 ;
; SW4        ; HEX5[2]     ; 11.036 ; 11.263 ; 11.408 ; 11.645 ;
; SW4        ; HEX5[3]     ; 11.605 ; 11.563 ; 11.987 ; 11.945 ;
; SW4        ; HEX5[4]     ; 14.563 ; 15.560 ; 14.945 ; 15.942 ;
; SW4        ; HEX5[5]     ; 13.502 ; 14.270 ; 13.874 ; 14.652 ;
; SW4        ; HEX5[6]     ; 11.515 ; 11.096 ; 11.897 ; 11.468 ;
; SW4        ; LED0        ;        ; 12.056 ; 11.708 ;        ;
; SW4        ; LED4        ; 11.025 ; 11.235 ; 11.397 ; 11.617 ;
; SW4        ; LED5        ; 11.130 ; 11.286 ; 11.425 ; 11.581 ;
; SW5        ; HEX4[0]     ; 13.994 ; 14.282 ; 14.330 ; 14.618 ;
; SW5        ; HEX4[1]     ; 13.649 ; 13.821 ; 13.985 ; 14.157 ;
; SW5        ; HEX4[2]     ; 13.402 ; 13.563 ; 13.738 ; 13.899 ;
; SW5        ; HEX4[3]     ; 13.797 ; 14.080 ; 14.133 ; 14.416 ;
; SW5        ; HEX4[4]     ; 13.314 ; 13.359 ; 13.650 ; 13.695 ;
; SW5        ; HEX4[5]     ; 13.441 ; 13.513 ; 13.777 ; 13.849 ;
; SW5        ; HEX4[6]     ; 13.697 ; 13.823 ; 14.033 ; 14.159 ;
; SW5        ; HEX5[0]     ; 12.515 ; 12.838 ; 12.851 ; 13.174 ;
; SW5        ; HEX5[2]     ; 12.448 ; 11.991 ; 12.784 ; 12.327 ;
; SW5        ; HEX5[3]     ; 12.455 ; 12.846 ; 12.791 ; 13.182 ;
; SW5        ; HEX5[4]     ; 15.369 ; 16.870 ; 15.705 ; 17.206 ;
; SW5        ; HEX5[5]     ; 14.598 ; 15.607 ; 14.934 ; 15.943 ;
; SW5        ; HEX5[6]     ; 12.220 ; 11.609 ; 12.576 ; 11.954 ;
; SW5        ; LED0        ; 11.752 ; 12.430 ; 12.165 ; 12.834 ;
; SW5        ; LED1        ; 12.273 ; 13.186 ; 12.609 ; 13.522 ;
; SW5        ; LED2        ; 13.943 ; 15.389 ; 14.288 ; 15.745 ;
; SW5        ; LED3        ; 13.718 ; 15.250 ; 14.050 ; 15.582 ;
; SW5        ; LED4        ; 11.234 ; 11.507 ; 11.584 ; 11.847 ;
; SW5        ; LED5        ; 11.177 ; 11.333 ; 11.505 ; 11.661 ;
; SW6        ; HEX4[0]     ; 13.950 ; 14.238 ; 14.269 ; 14.557 ;
; SW6        ; HEX4[1]     ; 13.605 ; 13.777 ; 13.924 ; 14.096 ;
; SW6        ; HEX4[2]     ; 13.358 ; 13.519 ; 13.677 ; 13.838 ;
; SW6        ; HEX4[3]     ; 13.753 ; 14.036 ; 14.072 ; 14.355 ;
; SW6        ; HEX4[4]     ; 13.270 ; 13.315 ; 13.589 ; 13.634 ;
; SW6        ; HEX4[5]     ; 13.397 ; 13.469 ; 13.716 ; 13.788 ;
; SW6        ; HEX4[6]     ; 13.653 ; 13.779 ; 13.972 ; 14.098 ;
; SW6        ; HEX5[0]     ; 12.512 ; 12.794 ; 12.831 ; 13.113 ;
; SW6        ; HEX5[2]     ; 12.404 ; 11.988 ; 12.723 ; 12.307 ;
; SW6        ; HEX5[3]     ; 12.452 ; 12.802 ; 12.771 ; 13.121 ;
; SW6        ; HEX5[4]     ; 15.366 ; 16.826 ; 15.685 ; 17.145 ;
; SW6        ; HEX5[5]     ; 14.595 ; 15.563 ; 14.914 ; 15.882 ;
; SW6        ; HEX5[6]     ; 12.103 ; 11.492 ; 12.365 ; 11.743 ;
; SW6        ; LED0        ; 10.865 ;        ;        ; 11.957 ;
; SW6        ; LED1        ; 12.270 ; 13.142 ; 12.589 ; 13.461 ;
; SW6        ; LED2        ; 13.826 ; 15.272 ; 14.077 ; 15.534 ;
; SW6        ; LED3        ; 13.601 ; 15.133 ; 13.839 ; 15.371 ;
; SW6        ; LED4        ; 11.117 ; 11.390 ; 11.373 ; 11.636 ;
; SW6        ; LED5        ; 11.060 ; 11.216 ; 11.294 ; 11.450 ;
; SW7        ; HEX4[0]     ; 12.916 ; 13.214 ; 13.249 ; 13.547 ;
; SW7        ; HEX4[1]     ; 12.571 ; 12.765 ; 12.904 ; 13.098 ;
; SW7        ; HEX4[2]     ; 12.419 ; 12.463 ; 12.752 ; 12.796 ;
; SW7        ; HEX4[3]     ; 12.732 ; 13.025 ; 13.065 ; 13.358 ;
; SW7        ; HEX4[4]     ; 12.248 ; 12.304 ; 12.581 ; 12.637 ;
; SW7        ; HEX4[5]     ; 12.391 ; 12.413 ; 12.724 ; 12.746 ;
; SW7        ; HEX4[6]     ; 12.633 ; 12.770 ; 12.966 ; 13.103 ;
; SW7        ; HEX5[0]     ; 11.902 ; 11.753 ; 12.235 ; 12.086 ;
; SW7        ; HEX5[2]     ; 11.328 ; 11.343 ; 11.661 ; 11.676 ;
; SW7        ; HEX5[3]     ; 11.842 ; 11.761 ; 12.175 ; 12.094 ;
; SW7        ; HEX5[4]     ; 14.722 ; 15.759 ; 15.055 ; 16.092 ;
; SW7        ; HEX5[5]     ; 13.484 ; 14.501 ; 13.817 ; 14.834 ;
; SW7        ; HEX5[6]     ; 11.743 ; 11.233 ; 12.076 ; 11.566 ;
; SW7        ; LED0        ; 11.411 ;        ;        ; 12.501 ;
; SW7        ; LED2        ; 13.241 ; 14.813 ; 13.579 ; 15.190 ;
; SW7        ; LED3        ; 13.424 ; 14.956 ; 13.757 ; 15.289 ;
; SW7        ; LED4        ; 10.940 ; 11.213 ; 11.291 ; 11.554 ;
; SW7        ; LED5        ; 10.883 ; 11.039 ; 11.212 ; 11.368 ;
; SW8        ; HEX4[0]     ; 12.546 ; 12.844 ; 13.203 ; 13.501 ;
; SW8        ; HEX4[1]     ; 12.201 ; 12.395 ; 12.858 ; 13.052 ;
; SW8        ; HEX4[2]     ; 12.049 ; 12.093 ; 12.706 ; 12.750 ;
; SW8        ; HEX4[3]     ; 12.362 ; 12.655 ; 13.019 ; 13.312 ;
; SW8        ; HEX4[4]     ; 11.878 ; 11.934 ; 12.535 ; 12.591 ;
; SW8        ; HEX4[5]     ; 12.021 ; 12.043 ; 12.678 ; 12.700 ;
; SW8        ; HEX4[6]     ; 12.263 ; 12.400 ; 12.920 ; 13.057 ;
; SW8        ; HEX5[0]     ; 11.532 ; 11.383 ; 12.189 ; 12.040 ;
; SW8        ; HEX5[2]     ; 10.958 ; 10.980 ; 11.615 ; 11.630 ;
; SW8        ; HEX5[3]     ; 11.472 ; 11.391 ; 12.129 ; 12.048 ;
; SW8        ; HEX5[4]     ; 14.352 ; 15.389 ; 15.009 ; 16.046 ;
; SW8        ; HEX5[5]     ; 13.377 ; 14.131 ; 13.429 ; 14.788 ;
; SW8        ; HEX5[6]     ; 11.373 ; 11.126 ; 12.030 ; 11.039 ;
; SW8        ; LED0        ; 10.525 ;        ;        ; 11.702 ;
; SW8        ; LED3        ; 13.317 ; 14.586 ; 13.230 ; 15.243 ;
; SW8        ; LED4        ; 10.679 ; 10.952 ; 10.952 ; 11.215 ;
; SW8        ; LED5        ; 10.622 ; 10.778 ; 10.873 ; 11.029 ;
; SW9        ; HEX4[0]     ; 12.194 ; 12.492 ; 12.509 ; 12.807 ;
; SW9        ; HEX4[1]     ; 11.849 ; 12.043 ; 12.164 ; 12.358 ;
; SW9        ; HEX4[2]     ; 11.697 ; 11.702 ; 12.012 ; 12.017 ;
; SW9        ; HEX4[3]     ; 12.010 ; 12.303 ; 12.325 ; 12.618 ;
; SW9        ; HEX4[4]     ; 11.526 ; 11.582 ; 11.841 ; 11.897 ;
; SW9        ; HEX4[5]     ; 11.669 ; 11.652 ; 11.984 ; 11.967 ;
; SW9        ; HEX4[6]     ; 11.911 ; 12.048 ; 12.226 ; 12.363 ;
; SW9        ; HEX5[0]     ; 11.089 ; 10.979 ; 11.404 ; 11.294 ;
; SW9        ; HEX5[2]     ; 10.282 ; 10.687 ; 10.558 ; 11.002 ;
; SW9        ; HEX5[3]     ; 11.029 ; 10.987 ; 11.344 ; 11.302 ;
; SW9        ; HEX5[4]     ; 13.987 ; 14.984 ; 14.302 ; 15.299 ;
; SW9        ; HEX5[5]     ; 12.748 ; 13.694 ; 13.024 ; 14.009 ;
; SW9        ; HEX5[6]     ; 10.939 ; 10.342 ; 11.254 ; 10.618 ;
; SW9        ; LED0        ; 10.705 ;        ;        ; 11.867 ;
; SW9        ; LED4        ; 10.271 ; 10.659 ; 10.547 ; 10.974 ;
; SW9        ; LED5        ; 10.631 ; 10.787 ; 10.902 ; 11.058 ;
+------------+-------------+--------+--------+--------+--------+


+--------------------------------------------------------------+
; Minimum Propagation Delay                                    ;
+------------+-------------+--------+--------+--------+--------+
; Input Port ; Output Port ; RR     ; RF     ; FR     ; FF     ;
+------------+-------------+--------+--------+--------+--------+
; KEY0       ; HEX4[0]     ; 9.344  ; 9.655  ; 9.616  ; 9.940  ;
; KEY0       ; HEX4[1]     ; 9.159  ; 9.311  ; 9.469  ; 9.583  ;
; KEY0       ; HEX4[2]     ; 9.032  ; 9.104  ; 9.442  ; 9.376  ;
; KEY0       ; HEX4[3]     ; 9.284  ; 9.485  ; 9.585  ; 9.760  ;
; KEY0       ; HEX4[4]     ; 8.757  ; 8.988  ; 9.029  ; 9.396  ;
; KEY0       ; HEX4[5]     ; 9.012  ; 9.076  ; 9.314  ; 9.486  ;
; KEY0       ; HEX4[6]     ; 9.135  ; 9.317  ; 9.407  ; 9.727  ;
; KEY0       ; HEX5[0]     ; 9.324  ; 9.076  ; 9.470  ; 9.222  ;
; KEY0       ; HEX5[2]     ; 8.866  ; 8.885  ; 9.042  ; 9.352  ;
; KEY0       ; HEX5[3]     ; 9.268  ; 9.081  ; 9.414  ; 9.227  ;
; KEY0       ; HEX5[4]     ; 11.772 ; 12.675 ; 11.918 ; 12.821 ;
; KEY0       ; HEX5[5]     ; 11.138 ; 11.662 ; 11.284 ; 12.095 ;
; KEY0       ; HEX5[6]     ; 9.199  ; 8.932  ; 9.632  ; 9.078  ;
; KEY0       ; LED0        ; 9.276  ; 9.775  ; 9.548  ; 10.036 ;
; KEY0       ; LED1        ; 9.633  ; 10.343 ; 9.911  ; 10.615 ;
; KEY0       ; LED2        ; 11.243 ; 12.459 ; 11.728 ; 12.538 ;
; KEY0       ; LED3        ; 11.602 ; 12.459 ; 12.004 ; 12.992 ;
; KEY0       ; LED4        ; 8.995  ; 9.071  ; 9.141  ; 9.504  ;
; KEY0       ; LED5        ; 8.585  ; 9.020  ; 9.182  ; 8.967  ;
; KEY1       ; HEX4[0]     ; 9.268  ; 9.592  ; 9.533  ; 9.857  ;
; KEY1       ; HEX4[1]     ; 9.121  ; 9.235  ; 9.386  ; 9.500  ;
; KEY1       ; HEX4[2]     ; 9.063  ; 9.028  ; 9.328  ; 9.293  ;
; KEY1       ; HEX4[3]     ; 9.237  ; 9.412  ; 9.502  ; 9.677  ;
; KEY1       ; HEX4[4]     ; 8.681  ; 9.027  ; 8.946  ; 9.292  ;
; KEY1       ; HEX4[5]     ; 8.966  ; 9.107  ; 9.231  ; 9.372  ;
; KEY1       ; HEX4[6]     ; 9.059  ; 9.348  ; 9.324  ; 9.613  ;
; KEY1       ; HEX5[0]     ; 9.413  ; 9.165  ; 9.766  ; 9.518  ;
; KEY1       ; HEX5[2]     ; 8.985  ; 9.033  ; 9.308  ; 9.327  ;
; KEY1       ; HEX5[3]     ; 9.357  ; 9.170  ; 9.710  ; 9.523  ;
; KEY1       ; HEX5[4]     ; 11.861 ; 12.764 ; 12.214 ; 13.117 ;
; KEY1       ; HEX5[5]     ; 11.227 ; 12.028 ; 11.580 ; 12.158 ;
; KEY1       ; HEX5[6]     ; 9.565  ; 9.021  ; 9.695  ; 9.374  ;
; KEY1       ; LED0        ; 9.200  ; 9.699  ; 9.465  ; 9.959  ;
; KEY1       ; LED1        ; 9.579  ; 10.296 ; 9.930  ; 10.557 ;
; KEY1       ; LED2        ; 11.391 ; 12.466 ; 11.685 ; 12.769 ;
; KEY1       ; LED3        ; 11.548 ; 12.679 ; 11.813 ; 12.882 ;
; KEY1       ; LED4        ; 9.084  ; 9.437  ; 9.437  ; 9.567  ;
; KEY1       ; LED5        ; 9.125  ; 8.898  ; 9.027  ; 9.516  ;
; KEY2       ; HEX4[0]     ; 8.990  ; 9.314  ; 9.306  ; 9.630  ;
; KEY2       ; HEX4[1]     ; 8.843  ; 8.957  ; 9.159  ; 9.273  ;
; KEY2       ; HEX4[2]     ; 8.943  ; 8.750  ; 9.128  ; 9.066  ;
; KEY2       ; HEX4[3]     ; 8.959  ; 9.134  ; 9.275  ; 9.450  ;
; KEY2       ; HEX4[4]     ; 8.403  ; 8.860  ; 8.719  ; 9.045  ;
; KEY2       ; HEX4[5]     ; 8.688  ; 9.040  ; 9.004  ; 9.225  ;
; KEY2       ; HEX4[6]     ; 8.781  ; 9.258  ; 9.097  ; 9.443  ;
; KEY2       ; HEX5[0]     ; 9.359  ; 9.111  ; 9.732  ; 9.531  ;
; KEY2       ; HEX5[2]     ; 8.931  ; 9.063  ; 9.230  ; 9.249  ;
; KEY2       ; HEX5[3]     ; 9.303  ; 9.116  ; 9.676  ; 9.536  ;
; KEY2       ; HEX5[4]     ; 11.807 ; 12.710 ; 12.227 ; 13.070 ;
; KEY2       ; HEX5[5]     ; 11.173 ; 11.995 ; 11.593 ; 12.040 ;
; KEY2       ; HEX5[6]     ; 9.532  ; 8.967  ; 9.577  ; 9.387  ;
; KEY2       ; LED0        ; 8.922  ; 9.500  ; 9.238  ; 9.685  ;
; KEY2       ; LED1        ; 9.620  ; 10.268 ; 9.824  ; 10.467 ;
; KEY2       ; LED2        ; 11.421 ; 12.358 ; 11.607 ; 12.654 ;
; KEY2       ; LED3        ; 11.658 ; 12.637 ; 11.859 ; 12.911 ;
; KEY2       ; LED4        ; 9.030  ; 9.404  ; 9.450  ; 9.449  ;
; KEY2       ; LED5        ; 9.071  ; 8.889  ; 8.970  ; 9.398  ;
; KEY3       ; HEX4[0]     ; 8.764  ; 9.088  ; 8.971  ; 9.295  ;
; KEY3       ; HEX4[1]     ; 8.617  ; 8.731  ; 8.824  ; 8.938  ;
; KEY3       ; HEX4[2]     ; 8.712  ; 8.524  ; 8.857  ; 8.731  ;
; KEY3       ; HEX4[3]     ; 8.733  ; 8.908  ; 8.940  ; 9.115  ;
; KEY3       ; HEX4[4]     ; 8.177  ; 8.629  ; 8.384  ; 8.774  ;
; KEY3       ; HEX4[5]     ; 8.462  ; 8.809  ; 8.669  ; 8.954  ;
; KEY3       ; HEX4[6]     ; 8.555  ; 9.027  ; 8.762  ; 9.172  ;
; KEY3       ; HEX5[0]     ; 9.202  ; 8.954  ; 9.552  ; 9.369  ;
; KEY3       ; HEX5[2]     ; 8.774  ; 8.909  ; 9.179  ; 9.097  ;
; KEY3       ; HEX5[3]     ; 9.146  ; 8.959  ; 9.496  ; 9.374  ;
; KEY3       ; HEX5[4]     ; 11.650 ; 12.553 ; 12.065 ; 12.918 ;
; KEY3       ; HEX5[5]     ; 11.016 ; 11.841 ; 11.431 ; 11.875 ;
; KEY3       ; HEX5[6]     ; 9.378  ; 8.810  ; 9.412  ; 9.225  ;
; KEY3       ; LED0        ; 8.696  ; 9.269  ; 8.903  ; 9.414  ;
; KEY3       ; LED1        ; 9.484  ; 9.929  ; 9.413  ; 10.494 ;
; KEY3       ; LED2        ; 11.267 ; 12.315 ; 11.556 ; 12.492 ;
; KEY3       ; LED3        ; 11.502 ; 12.483 ; 11.703 ; 12.749 ;
; KEY3       ; LED4        ; 8.873  ; 9.250  ; 9.288  ; 9.284  ;
; KEY3       ; LED5        ; 8.609  ; 9.358  ; 9.477  ; 8.922  ;
; SW0        ; HEX4[0]     ; 9.297  ; 9.621  ; 9.564  ; 9.888  ;
; SW0        ; HEX4[1]     ; 9.150  ; 9.264  ; 9.417  ; 9.531  ;
; SW0        ; HEX4[2]     ; 9.128  ; 9.057  ; 9.384  ; 9.324  ;
; SW0        ; HEX4[3]     ; 9.266  ; 9.441  ; 9.533  ; 9.708  ;
; SW0        ; HEX4[4]     ; 8.710  ; 9.045  ; 8.977  ; 9.301  ;
; SW0        ; HEX4[5]     ; 8.995  ; 9.225  ; 9.262  ; 9.481  ;
; SW0        ; HEX4[6]     ; 9.088  ; 9.443  ; 9.355  ; 9.699  ;
; SW0        ; HEX5[0]     ; 9.192  ; 9.063  ; 9.469  ; 9.340  ;
; SW0        ; HEX5[2]     ; 8.670  ; 8.689  ; 8.947  ; 8.966  ;
; SW0        ; HEX5[3]     ; 9.136  ; 9.068  ; 9.413  ; 9.345  ;
; SW0        ; HEX5[4]     ; 11.727 ; 12.510 ; 12.004 ; 12.787 ;
; SW0        ; HEX5[5]     ; 11.094 ; 11.679 ; 11.371 ; 11.945 ;
; SW0        ; HEX5[6]     ; 9.201  ; 8.911  ; 9.467  ; 9.188  ;
; SW0        ; LED0        ; 9.229  ; 9.685  ; 9.496  ; 9.941  ;
; SW0        ; LED1        ; 10.072 ; 10.803 ; 10.326 ; 11.046 ;
; SW0        ; LED2        ; 11.047 ; 11.961 ; 11.324 ; 12.227 ;
; SW0        ; LED3        ; 11.855 ; 12.922 ; 12.118 ; 13.185 ;
; SW0        ; LED4        ; 9.040  ; 9.198  ; 9.288  ; 9.440  ;
; SW0        ; LED5        ; 8.792  ; 9.745  ; 9.884  ; 9.241  ;
; SW1        ; HEX4[0]     ; 9.881  ; 10.064 ; 10.138 ; 10.321 ;
; SW1        ; HEX4[1]     ; 9.596  ; 9.711  ; 9.850  ; 9.968  ;
; SW1        ; HEX4[2]     ; 9.469  ; 9.510  ; 9.723  ; 9.767  ;
; SW1        ; HEX4[3]     ; 9.711  ; 9.898  ; 9.968  ; 10.155 ;
; SW1        ; HEX4[4]     ; 9.316  ; 9.341  ; 9.570  ; 9.598  ;
; SW1        ; HEX4[5]     ; 9.439  ; 9.489  ; 9.696  ; 9.746  ;
; SW1        ; HEX4[6]     ; 9.628  ; 9.727  ; 9.885  ; 9.984  ;
; SW1        ; HEX5[0]     ; 9.435  ; 9.274  ; 9.692  ; 9.503  ;
; SW1        ; HEX5[2]     ; 8.913  ; 8.932  ; 9.170  ; 9.189  ;
; SW1        ; HEX5[3]     ; 9.379  ; 9.279  ; 9.636  ; 9.508  ;
; SW1        ; HEX5[4]     ; 11.970 ; 12.753 ; 12.199 ; 13.010 ;
; SW1        ; HEX5[5]     ; 11.336 ; 11.936 ; 11.565 ; 12.165 ;
; SW1        ; HEX5[6]     ; 9.458  ; 9.130  ; 9.702  ; 9.359  ;
; SW1        ; LED0        ;        ; 10.733 ; 10.369 ;        ;
; SW1        ; LED1        ; 9.707  ; 10.511 ; 9.963  ; 10.644 ;
; SW1        ; LED2        ; 11.290 ; 12.218 ; 11.547 ; 12.470 ;
; SW1        ; LED3        ; 11.734 ; 12.801 ; 12.005 ; 13.072 ;
; SW1        ; LED4        ; 9.193  ; 9.351  ; 9.422  ; 9.574  ;
; SW1        ; LED5        ; 8.945  ; 9.624  ; 9.771  ; 9.375  ;
; SW2        ; HEX4[0]     ; 10.273 ; 10.468 ; 10.770 ; 10.953 ;
; SW2        ; HEX4[1]     ; 9.972  ; 10.153 ; 10.473 ; 10.600 ;
; SW2        ; HEX4[2]     ; 9.845  ; 9.952  ; 10.346 ; 10.399 ;
; SW2        ; HEX4[3]     ; 10.097 ; 10.298 ; 10.598 ; 10.787 ;
; SW2        ; HEX4[4]     ; 9.692  ; 9.783  ; 10.193 ; 10.230 ;
; SW2        ; HEX4[5]     ; 9.825  ; 9.889  ; 10.326 ; 10.378 ;
; SW2        ; HEX4[6]     ; 10.019 ; 10.130 ; 10.517 ; 10.616 ;
; SW2        ; HEX5[0]     ; 9.873  ; 9.625  ; 10.324 ; 10.126 ;
; SW2        ; HEX5[2]     ; 9.355  ; 9.374  ; 9.802  ; 9.821  ;
; SW2        ; HEX5[3]     ; 9.817  ; 9.630  ; 10.268 ; 10.131 ;
; SW2        ; HEX5[4]     ; 12.321 ; 13.195 ; 12.822 ; 13.642 ;
; SW2        ; HEX5[5]     ; 11.687 ; 12.293 ; 12.188 ; 12.788 ;
; SW2        ; HEX5[6]     ; 9.830  ; 9.481  ; 10.325 ; 9.982  ;
; SW2        ; LED0        ;        ; 11.079 ; 10.755 ;        ;
; SW2        ; LED2        ; 11.732 ; 12.747 ; 12.179 ; 13.096 ;
; SW2        ; LED3        ; 12.204 ; 13.271 ; 12.602 ; 13.669 ;
; SW2        ; LED4        ; 9.544  ; 9.702  ; 10.045 ; 10.197 ;
; SW2        ; LED5        ; 9.282  ; 10.094 ; 10.368 ; 9.998  ;
; SW3        ; HEX4[0]     ; 9.819  ; 10.014 ; 10.237 ; 10.432 ;
; SW3        ; HEX4[1]     ; 9.518  ; 9.725  ; 9.936  ; 10.143 ;
; SW3        ; HEX4[2]     ; 9.391  ; 9.524  ; 9.809  ; 9.942  ;
; SW3        ; HEX4[3]     ; 9.643  ; 9.844  ; 10.061 ; 10.262 ;
; SW3        ; HEX4[4]     ; 9.238  ; 9.355  ; 9.656  ; 9.773  ;
; SW3        ; HEX4[5]     ; 9.371  ; 9.435  ; 9.789  ; 9.853  ;
; SW3        ; HEX4[6]     ; 9.565  ; 9.676  ; 9.983  ; 10.094 ;
; SW3        ; HEX5[0]     ; 9.725  ; 9.477  ; 9.994  ; 9.746  ;
; SW3        ; HEX5[2]     ; 9.297  ; 9.402  ; 9.566  ; 9.665  ;
; SW3        ; HEX5[3]     ; 9.669  ; 9.482  ; 9.938  ; 9.751  ;
; SW3        ; HEX5[4]     ; 12.173 ; 13.076 ; 12.442 ; 13.345 ;
; SW3        ; HEX5[5]     ; 11.539 ; 12.145 ; 11.808 ; 12.408 ;
; SW3        ; HEX5[6]     ; 9.682  ; 9.333  ; 9.945  ; 9.602  ;
; SW3        ; LED0        ;        ; 10.612 ; 10.266 ;        ;
; SW3        ; LED3        ; 11.653 ; 12.678 ; 11.945 ; 12.961 ;
; SW3        ; LED4        ; 9.396  ; 9.554  ; 9.665  ; 9.817  ;
; SW3        ; LED5        ; 8.736  ; 9.767  ; 9.959  ; 9.311  ;
; SW4        ; HEX4[0]     ; 9.170  ; 9.365  ; 9.434  ; 9.629  ;
; SW4        ; HEX4[1]     ; 8.869  ; 9.072  ; 9.133  ; 9.324  ;
; SW4        ; HEX4[2]     ; 8.742  ; 8.871  ; 9.006  ; 9.123  ;
; SW4        ; HEX4[3]     ; 8.994  ; 9.195  ; 9.258  ; 9.459  ;
; SW4        ; HEX4[4]     ; 8.589  ; 8.702  ; 8.853  ; 8.954  ;
; SW4        ; HEX4[5]     ; 8.722  ; 8.786  ; 8.986  ; 9.050  ;
; SW4        ; HEX4[6]     ; 8.916  ; 9.027  ; 9.180  ; 9.291  ;
; SW4        ; HEX5[0]     ; 8.770  ; 8.522  ; 9.034  ; 8.786  ;
; SW4        ; HEX5[2]     ; 8.342  ; 8.433  ; 8.606  ; 8.685  ;
; SW4        ; HEX5[3]     ; 8.714  ; 8.527  ; 8.978  ; 8.791  ;
; SW4        ; HEX5[4]     ; 11.218 ; 12.121 ; 11.482 ; 12.385 ;
; SW4        ; HEX5[5]     ; 10.584 ; 11.176 ; 10.848 ; 11.428 ;
; SW4        ; HEX5[6]     ; 8.713  ; 8.378  ; 8.965  ; 8.642  ;
; SW4        ; LED0        ;        ; 10.784 ; 10.402 ;        ;
; SW4        ; LED4        ; 8.441  ; 8.585  ; 8.705  ; 8.837  ;
; SW4        ; LED5        ; 8.627  ; 9.811  ; 9.962  ; 9.039  ;
; SW5        ; HEX4[0]     ; 9.535  ; 9.859  ; 10.147 ; 10.359 ;
; SW5        ; HEX4[1]     ; 9.388  ; 9.502  ; 9.878  ; 10.039 ;
; SW5        ; HEX4[2]     ; 9.950  ; 9.295  ; 9.711  ; 10.148 ;
; SW5        ; HEX4[3]     ; 9.504  ; 9.679  ; 9.994  ; 10.216 ;
; SW5        ; HEX4[4]     ; 8.948  ; 9.852  ; 9.801  ; 9.628  ;
; SW5        ; HEX4[5]     ; 9.233  ; 10.000 ; 10.086 ; 9.808  ;
; SW5        ; HEX4[6]     ; 9.326  ; 10.238 ; 10.179 ; 10.026 ;
; SW5        ; HEX5[0]     ; 10.024 ; 9.776  ; 10.341 ; 10.093 ;
; SW5        ; HEX5[2]     ; 9.596  ; 9.697  ; 9.913  ; 9.987  ;
; SW5        ; HEX5[3]     ; 9.968  ; 9.781  ; 10.285 ; 10.098 ;
; SW5        ; HEX5[4]     ; 12.472 ; 13.375 ; 12.789 ; 13.692 ;
; SW5        ; HEX5[5]     ; 11.838 ; 12.471 ; 12.155 ; 12.788 ;
; SW5        ; HEX5[6]     ; 10.008 ; 9.632  ; 10.325 ; 9.949  ;
; SW5        ; LED0        ; 9.467  ; 10.507 ; 10.320 ; 10.268 ;
; SW5        ; LED1        ; 10.633 ; 11.273 ; 10.928 ; 11.568 ;
; SW5        ; LED2        ; 12.055 ; 13.082 ; 12.345 ; 13.371 ;
; SW5        ; LED3        ; 11.982 ; 13.049 ; 12.273 ; 13.340 ;
; SW5        ; LED4        ; 9.695  ; 9.880  ; 10.012 ; 10.197 ;
; SW5        ; LED5        ; 9.752  ; 9.872  ; 10.039 ; 10.159 ;
; SW6        ; HEX4[0]     ; 9.849  ; 10.173 ; 10.479 ; 10.685 ;
; SW6        ; HEX4[1]     ; 9.702  ; 9.816  ; 10.202 ; 10.332 ;
; SW6        ; HEX4[2]     ; 9.643  ; 9.609  ; 10.043 ; 10.131 ;
; SW6        ; HEX4[3]     ; 9.818  ; 9.993  ; 10.326 ; 10.519 ;
; SW6        ; HEX4[4]     ; 9.262  ; 9.530  ; 9.922  ; 9.960  ;
; SW6        ; HEX4[5]     ; 9.547  ; 9.678  ; 10.055 ; 10.110 ;
; SW6        ; HEX4[6]     ; 9.640  ; 9.916  ; 10.249 ; 10.348 ;
; SW6        ; HEX5[0]     ; 9.558  ; 9.652  ; 10.160 ; 9.912  ;
; SW6        ; HEX5[2]     ; 9.472  ; 9.103  ; 9.569  ; 9.806  ;
; SW6        ; HEX5[3]     ; 9.502  ; 9.657  ; 10.104 ; 9.917  ;
; SW6        ; HEX5[4]     ; 12.121 ; 13.251 ; 12.608 ; 13.400 ;
; SW6        ; HEX5[5]     ; 11.470 ; 12.347 ; 11.974 ; 12.392 ;
; SW6        ; HEX5[6]     ; 9.884  ; 9.508  ; 10.144 ; 9.768  ;
; SW6        ; LED0        ; 9.781  ;        ;        ; 10.600 ;
; SW6        ; LED1        ; 9.419  ; 10.883 ; 10.499 ; 10.268 ;
; SW6        ; LED2        ; 11.931 ; 12.958 ; 12.164 ; 13.190 ;
; SW6        ; LED3        ; 11.858 ; 12.925 ; 12.092 ; 13.159 ;
; SW6        ; LED4        ; 9.571  ; 9.756  ; 9.831  ; 10.016 ;
; SW6        ; LED5        ; 9.628  ; 9.748  ; 9.858  ; 9.978  ;
; SW7        ; HEX4[0]     ; 9.730  ; 9.913  ; 10.182 ; 10.365 ;
; SW7        ; HEX4[1]     ; 9.445  ; 9.560  ; 9.897  ; 10.012 ;
; SW7        ; HEX4[2]     ; 9.318  ; 9.359  ; 9.770  ; 9.811  ;
; SW7        ; HEX4[3]     ; 9.560  ; 9.747  ; 10.012 ; 10.199 ;
; SW7        ; HEX4[4]     ; 9.165  ; 9.190  ; 9.617  ; 9.642  ;
; SW7        ; HEX4[5]     ; 9.288  ; 9.338  ; 9.740  ; 9.790  ;
; SW7        ; HEX4[6]     ; 9.477  ; 9.576  ; 9.929  ; 10.028 ;
; SW7        ; HEX5[0]     ; 9.284  ; 9.155  ; 9.736  ; 9.607  ;
; SW7        ; HEX5[2]     ; 8.762  ; 8.781  ; 9.214  ; 9.233  ;
; SW7        ; HEX5[3]     ; 9.228  ; 9.160  ; 9.680  ; 9.612  ;
; SW7        ; HEX5[4]     ; 11.819 ; 12.602 ; 12.271 ; 13.054 ;
; SW7        ; HEX5[5]     ; 11.186 ; 12.164 ; 11.638 ; 12.112 ;
; SW7        ; HEX5[6]     ; 9.686  ; 9.003  ; 9.634  ; 9.455  ;
; SW7        ; LED0        ; 10.208 ;        ;        ; 11.046 ;
; SW7        ; LED2        ; 11.139 ; 12.446 ; 11.591 ; 12.394 ;
; SW7        ; LED3        ; 11.759 ; 12.826 ; 11.990 ; 13.057 ;
; SW7        ; LED4        ; 9.472  ; 9.657  ; 9.729  ; 9.914  ;
; SW7        ; LED5        ; 9.529  ; 9.649  ; 9.756  ; 9.876  ;
; SW8        ; HEX4[0]     ; 9.565  ; 9.821  ; 9.840  ; 10.023 ;
; SW8        ; HEX4[1]     ; 9.338  ; 9.468  ; 9.540  ; 9.670  ;
; SW8        ; HEX4[2]     ; 9.211  ; 9.267  ; 9.413  ; 9.469  ;
; SW8        ; HEX4[3]     ; 9.463  ; 9.655  ; 9.665  ; 9.857  ;
; SW8        ; HEX4[4]     ; 8.978  ; 9.098  ; 9.260  ; 9.300  ;
; SW8        ; HEX4[5]     ; 9.191  ; 9.246  ; 9.393  ; 9.448  ;
; SW8        ; HEX4[6]     ; 9.356  ; 9.484  ; 9.587  ; 9.686  ;
; SW8        ; HEX5[0]     ; 9.462  ; 9.329  ; 9.664  ; 9.531  ;
; SW8        ; HEX5[2]     ; 8.944  ; 8.977  ; 9.146  ; 9.179  ;
; SW8        ; HEX5[3]     ; 9.406  ; 9.334  ; 9.608  ; 9.536  ;
; SW8        ; HEX5[4]     ; 11.994 ; 12.781 ; 12.196 ; 12.983 ;
; SW8        ; HEX5[5]     ; 11.284 ; 11.938 ; 11.486 ; 12.177 ;
; SW8        ; HEX5[6]     ; 9.514  ; 9.178  ; 9.753  ; 9.380  ;
; SW8        ; LED0        ; 9.497  ;        ;        ; 10.459 ;
; SW8        ; LED3        ; 11.228 ; 12.322 ; 11.430 ; 12.561 ;
; SW8        ; LED4        ; 9.275  ; 9.460  ; 9.540  ; 9.725  ;
; SW8        ; LED5        ; 9.332  ; 9.452  ; 9.567  ; 9.687  ;
; SW9        ; HEX4[0]     ; 9.561  ; 9.756  ; 9.765  ; 9.960  ;
; SW9        ; HEX4[1]     ; 9.260  ; 9.463  ; 9.464  ; 9.667  ;
; SW9        ; HEX4[2]     ; 9.133  ; 9.262  ; 9.337  ; 9.466  ;
; SW9        ; HEX4[3]     ; 9.385  ; 9.586  ; 9.589  ; 9.790  ;
; SW9        ; HEX4[4]     ; 8.980  ; 9.093  ; 9.184  ; 9.297  ;
; SW9        ; HEX4[5]     ; 9.113  ; 9.177  ; 9.317  ; 9.381  ;
; SW9        ; HEX4[6]     ; 9.307  ; 9.418  ; 9.511  ; 9.622  ;
; SW9        ; HEX5[0]     ; 9.161  ; 8.913  ; 9.365  ; 9.117  ;
; SW9        ; HEX5[2]     ; 8.733  ; 8.915  ; 8.937  ; 9.143  ;
; SW9        ; HEX5[3]     ; 9.105  ; 8.918  ; 9.309  ; 9.122  ;
; SW9        ; HEX5[4]     ; 11.609 ; 12.512 ; 11.813 ; 12.716 ;
; SW9        ; HEX5[5]     ; 10.975 ; 11.658 ; 11.179 ; 11.886 ;
; SW9        ; HEX5[6]     ; 9.195  ; 8.769  ; 9.423  ; 8.973  ;
; SW9        ; LED0        ; 9.676  ;        ;        ; 10.529 ;
; SW9        ; LED4        ; 8.832  ; 9.067  ; 9.036  ; 9.295  ;
; SW9        ; LED5        ; 9.327  ; 9.447  ; 9.540  ; 9.660  ;
+------------+-------------+--------+--------+--------+--------+


----------------------------------------------
; Slow 1100mV 85C Model Metastability Report ;
----------------------------------------------
No synchronizer chains to report.


-------------------------------------
; Slow 1100mV 0C Model Fmax Summary ;
-------------------------------------
No paths to report.


--------------------------------------
; Slow 1100mV 0C Model Setup Summary ;
--------------------------------------
No paths to report.


-------------------------------------
; Slow 1100mV 0C Model Hold Summary ;
-------------------------------------
No paths to report.


-----------------------------------------
; Slow 1100mV 0C Model Recovery Summary ;
-----------------------------------------
No paths to report.


----------------------------------------
; Slow 1100mV 0C Model Removal Summary ;
----------------------------------------
No paths to report.


----------------------------------------------------
; Slow 1100mV 0C Model Minimum Pulse Width Summary ;
----------------------------------------------------
No paths to report.


+--------------------------------------------------------------+
; Propagation Delay                                            ;
+------------+-------------+--------+--------+--------+--------+
; Input Port ; Output Port ; RR     ; RF     ; FR     ; FF     ;
+------------+-------------+--------+--------+--------+--------+
; KEY0       ; HEX4[0]     ; 13.146 ; 13.469 ; 13.655 ; 13.978 ;
; KEY0       ; HEX4[1]     ; 12.813 ; 13.022 ; 13.322 ; 13.531 ;
; KEY0       ; HEX4[2]     ; 12.646 ; 12.653 ; 13.155 ; 13.162 ;
; KEY0       ; HEX4[3]     ; 12.999 ; 13.276 ; 13.508 ; 13.785 ;
; KEY0       ; HEX4[4]     ; 12.492 ; 12.555 ; 13.001 ; 13.064 ;
; KEY0       ; HEX4[5]     ; 12.650 ; 12.631 ; 13.159 ; 13.140 ;
; KEY0       ; HEX4[6]     ; 12.871 ; 13.012 ; 13.380 ; 13.521 ;
; KEY0       ; HEX5[0]     ; 12.076 ; 11.922 ; 12.585 ; 12.431 ;
; KEY0       ; HEX5[2]     ; 11.475 ; 11.504 ; 11.984 ; 12.013 ;
; KEY0       ; HEX5[3]     ; 12.011 ; 11.910 ; 12.520 ; 12.419 ;
; KEY0       ; HEX5[4]     ; 14.927 ; 16.038 ; 15.436 ; 16.547 ;
; KEY0       ; HEX5[5]     ; 13.445 ; 14.714 ; 13.954 ; 15.223 ;
; KEY0       ; HEX5[6]     ; 11.892 ; 11.140 ; 12.401 ; 11.650 ;
; KEY0       ; LED0        ; 10.275 ; 11.060 ; 10.721 ; 11.569 ;
; KEY0       ; LED1        ; 10.822 ; 11.811 ; 11.313 ; 12.309 ;
; KEY0       ; LED2        ; 13.494 ; 15.200 ; 14.003 ; 15.709 ;
; KEY0       ; LED3        ; 13.068 ; 14.804 ; 13.831 ; 15.305 ;
; KEY0       ; LED4        ; 10.773 ; 11.137 ; 11.282 ; 11.646 ;
; KEY0       ; LED5        ; 9.912  ; 10.188 ; 10.465 ; 10.749 ;
; KEY1       ; HEX4[0]     ; 13.122 ; 13.445 ; 13.562 ; 13.885 ;
; KEY1       ; HEX4[1]     ; 12.789 ; 12.998 ; 13.229 ; 13.438 ;
; KEY1       ; HEX4[2]     ; 12.622 ; 12.629 ; 13.062 ; 13.069 ;
; KEY1       ; HEX4[3]     ; 12.975 ; 13.252 ; 13.415 ; 13.692 ;
; KEY1       ; HEX4[4]     ; 12.468 ; 12.531 ; 12.908 ; 12.971 ;
; KEY1       ; HEX4[5]     ; 12.626 ; 12.607 ; 13.066 ; 13.047 ;
; KEY1       ; HEX4[6]     ; 12.847 ; 12.988 ; 13.287 ; 13.428 ;
; KEY1       ; HEX5[0]     ; 12.052 ; 11.898 ; 12.492 ; 12.338 ;
; KEY1       ; HEX5[2]     ; 11.476 ; 11.480 ; 11.909 ; 11.920 ;
; KEY1       ; HEX5[3]     ; 11.987 ; 11.886 ; 12.427 ; 12.326 ;
; KEY1       ; HEX5[4]     ; 14.903 ; 16.018 ; 15.343 ; 16.454 ;
; KEY1       ; HEX5[5]     ; 13.570 ; 14.690 ; 14.009 ; 15.130 ;
; KEY1       ; HEX5[6]     ; 11.868 ; 11.389 ; 12.308 ; 11.619 ;
; KEY1       ; LED0        ; 10.018 ; 10.758 ; 10.457 ; 11.184 ;
; KEY1       ; LED1        ; 11.259 ; 12.235 ; 11.698 ; 12.668 ;
; KEY1       ; LED2        ; 13.530 ; 15.176 ; 13.973 ; 15.616 ;
; KEY1       ; LED3        ; 13.570 ; 14.716 ; 13.534 ; 14.882 ;
; KEY1       ; LED4        ; 10.811 ; 11.113 ; 11.254 ; 11.555 ;
; KEY1       ; LED5        ; 10.204 ; 10.488 ; 10.544 ; 10.820 ;
; KEY2       ; HEX4[0]     ; 12.923 ; 13.234 ; 13.279 ; 13.590 ;
; KEY2       ; HEX4[1]     ; 12.590 ; 12.732 ; 12.946 ; 13.088 ;
; KEY2       ; HEX4[2]     ; 12.324 ; 12.470 ; 12.680 ; 12.826 ;
; KEY2       ; HEX4[3]     ; 12.753 ; 13.018 ; 13.109 ; 13.374 ;
; KEY2       ; HEX4[4]     ; 12.223 ; 12.272 ; 12.579 ; 12.628 ;
; KEY2       ; HEX4[5]     ; 12.403 ; 12.440 ; 12.759 ; 12.796 ;
; KEY2       ; HEX4[6]     ; 12.620 ; 12.750 ; 12.976 ; 13.106 ;
; KEY2       ; HEX5[0]     ; 11.726 ; 11.722 ; 12.050 ; 12.078 ;
; KEY2       ; HEX5[2]     ; 11.320 ; 11.154 ; 11.676 ; 11.490 ;
; KEY2       ; HEX5[3]     ; 11.661 ; 11.710 ; 11.985 ; 12.066 ;
; KEY2       ; HEX5[4]     ; 14.577 ; 15.862 ; 14.911 ; 16.218 ;
; KEY2       ; HEX5[5]     ; 13.338 ; 14.523 ; 13.892 ; 14.879 ;
; KEY2       ; HEX5[6]     ; 11.542 ; 10.995 ; 11.771 ; 11.748 ;
; KEY2       ; LED0        ; 10.225 ; 10.923 ; 10.553 ; 11.237 ;
; KEY2       ; LED1        ; 11.027 ; 12.079 ; 11.317 ; 12.435 ;
; KEY2       ; LED2        ; 12.905 ; 14.850 ; 13.706 ; 14.890 ;
; KEY2       ; LED3        ; 13.176 ; 14.668 ; 13.929 ; 15.075 ;
; KEY2       ; LED4        ; 10.186 ; 10.504 ; 10.528 ; 10.829 ;
; KEY2       ; LED5        ; 10.186 ; 10.462 ; 10.563 ; 10.847 ;
; KEY3       ; HEX4[0]     ; 12.734 ; 13.045 ; 13.097 ; 13.408 ;
; KEY3       ; HEX4[1]     ; 12.401 ; 12.543 ; 12.764 ; 12.906 ;
; KEY3       ; HEX4[2]     ; 12.140 ; 12.281 ; 12.498 ; 12.644 ;
; KEY3       ; HEX4[3]     ; 12.564 ; 12.829 ; 12.927 ; 13.192 ;
; KEY3       ; HEX4[4]     ; 12.034 ; 12.083 ; 12.397 ; 12.446 ;
; KEY3       ; HEX4[5]     ; 12.214 ; 12.251 ; 12.577 ; 12.614 ;
; KEY3       ; HEX4[6]     ; 12.431 ; 12.561 ; 12.794 ; 12.924 ;
; KEY3       ; HEX5[0]     ; 11.570 ; 11.533 ; 11.884 ; 11.896 ;
; KEY3       ; HEX5[2]     ; 11.131 ; 10.998 ; 11.494 ; 11.324 ;
; KEY3       ; HEX5[3]     ; 11.505 ; 11.521 ; 11.819 ; 11.884 ;
; KEY3       ; HEX5[4]     ; 14.421 ; 15.673 ; 14.745 ; 16.036 ;
; KEY3       ; HEX5[5]     ; 13.182 ; 14.334 ; 13.726 ; 14.697 ;
; KEY3       ; HEX5[6]     ; 11.386 ; 10.839 ; 11.651 ; 11.582 ;
; KEY3       ; LED0        ; 10.050 ; 10.736 ; 10.359 ; 11.054 ;
; KEY3       ; LED1        ; 10.871 ; 11.890 ; 11.120 ; 12.253 ;
; KEY3       ; LED2        ; 12.890 ; 14.694 ; 13.540 ; 14.959 ;
; KEY3       ; LED3        ; 13.020 ; 14.499 ; 13.763 ; 14.909 ;
; KEY3       ; LED4        ; 10.194 ; 10.472 ; 10.532 ; 10.896 ;
; KEY3       ; LED5        ; 10.030 ; 10.306 ; 10.397 ; 10.681 ;
; SW0        ; HEX4[0]     ; 13.887 ; 14.198 ; 14.277 ; 14.588 ;
; SW0        ; HEX4[1]     ; 13.554 ; 13.696 ; 13.944 ; 14.086 ;
; SW0        ; HEX4[2]     ; 13.288 ; 13.434 ; 13.678 ; 13.824 ;
; SW0        ; HEX4[3]     ; 13.717 ; 13.982 ; 14.107 ; 14.372 ;
; SW0        ; HEX4[4]     ; 13.187 ; 13.236 ; 13.577 ; 13.626 ;
; SW0        ; HEX4[5]     ; 13.367 ; 13.404 ; 13.757 ; 13.794 ;
; SW0        ; HEX4[6]     ; 13.584 ; 13.714 ; 13.974 ; 14.104 ;
; SW0        ; HEX5[0]     ; 12.488 ; 12.686 ; 12.855 ; 13.076 ;
; SW0        ; HEX5[2]     ; 12.284 ; 11.927 ; 12.674 ; 12.294 ;
; SW0        ; HEX5[3]     ; 12.423 ; 12.674 ; 12.790 ; 13.064 ;
; SW0        ; HEX5[4]     ; 15.339 ; 16.826 ; 15.706 ; 17.216 ;
; SW0        ; HEX5[5]     ; 14.372 ; 15.487 ; 14.762 ; 15.877 ;
; SW0        ; HEX5[6]     ; 12.304 ; 11.693 ; 12.671 ; 12.069 ;
; SW0        ; LED0        ; 11.205 ; 12.183 ; 11.590 ; 12.613 ;
; SW0        ; LED1        ; 12.061 ; 13.043 ; 12.451 ; 13.433 ;
; SW0        ; LED2        ; 13.777 ; 15.354 ; 14.180 ; 15.769 ;
; SW0        ; LED3        ; 13.874 ; 15.608 ; 14.250 ; 15.975 ;
; SW0        ; LED4        ; 11.109 ; 11.330 ; 11.418 ; 11.694 ;
; SW0        ; LED5        ; 10.827 ; 11.054 ; 11.215 ; 11.442 ;
; SW1        ; HEX4[0]     ; 13.627 ; 13.938 ; 14.025 ; 14.336 ;
; SW1        ; HEX4[1]     ; 13.294 ; 13.445 ; 13.692 ; 13.852 ;
; SW1        ; HEX4[2]     ; 13.069 ; 13.174 ; 13.476 ; 13.572 ;
; SW1        ; HEX4[3]     ; 13.457 ; 13.722 ; 13.855 ; 14.120 ;
; SW1        ; HEX4[4]     ; 12.927 ; 12.978 ; 13.325 ; 13.385 ;
; SW1        ; HEX4[5]     ; 13.107 ; 13.144 ; 13.505 ; 13.542 ;
; SW1        ; HEX4[6]     ; 13.324 ; 13.454 ; 13.722 ; 13.852 ;
; SW1        ; HEX5[0]     ; 12.498 ; 12.426 ; 12.905 ; 12.824 ;
; SW1        ; HEX5[2]     ; 12.024 ; 11.937 ; 12.422 ; 12.344 ;
; SW1        ; HEX5[3]     ; 12.433 ; 12.414 ; 12.840 ; 12.812 ;
; SW1        ; HEX5[4]     ; 15.349 ; 16.566 ; 15.756 ; 16.964 ;
; SW1        ; HEX5[5]     ; 13.981 ; 15.227 ; 14.393 ; 15.625 ;
; SW1        ; HEX5[6]     ; 12.314 ; 11.717 ; 12.721 ; 12.138 ;
; SW1        ; LED0        ;        ; 11.893 ; 11.501 ;        ;
; SW1        ; LED1        ; 11.670 ; 12.783 ; 12.082 ; 13.181 ;
; SW1        ; LED2        ; 13.609 ; 15.186 ; 14.003 ; 15.592 ;
; SW1        ; LED3        ; 13.898 ; 15.618 ; 14.319 ; 16.025 ;
; SW1        ; LED4        ; 10.942 ; 11.163 ; 11.291 ; 11.517 ;
; SW1        ; LED5        ; 10.659 ; 10.886 ; 11.038 ; 11.265 ;
; SW2        ; HEX4[0]     ; 13.977 ; 14.300 ; 14.547 ; 14.870 ;
; SW2        ; HEX4[1]     ; 13.644 ; 13.853 ; 14.214 ; 14.423 ;
; SW2        ; HEX4[2]     ; 13.477 ; 13.483 ; 14.047 ; 14.053 ;
; SW2        ; HEX4[3]     ; 13.830 ; 14.107 ; 14.400 ; 14.677 ;
; SW2        ; HEX4[4]     ; 13.323 ; 13.386 ; 13.893 ; 13.956 ;
; SW2        ; HEX4[5]     ; 13.481 ; 13.428 ; 14.051 ; 13.998 ;
; SW2        ; HEX4[6]     ; 13.702 ; 13.843 ; 14.272 ; 14.413 ;
; SW2        ; HEX5[0]     ; 12.906 ; 12.751 ; 13.476 ; 13.321 ;
; SW2        ; HEX5[2]     ; 12.315 ; 12.345 ; 12.885 ; 12.915 ;
; SW2        ; HEX5[3]     ; 12.841 ; 12.739 ; 13.411 ; 13.309 ;
; SW2        ; HEX5[4]     ; 15.757 ; 16.868 ; 16.327 ; 17.438 ;
; SW2        ; HEX5[5]     ; 14.120 ; 15.530 ; 14.858 ; 16.100 ;
; SW2        ; HEX5[6]     ; 12.722 ; 11.976 ; 13.292 ; 12.714 ;
; SW2        ; LED0        ;        ; 12.220 ; 11.905 ;        ;
; SW2        ; LED2        ; 13.770 ; 15.223 ; 14.335 ; 15.905 ;
; SW2        ; LED3        ; 14.157 ; 16.026 ; 14.895 ; 16.596 ;
; SW2        ; LED4        ; 11.204 ; 11.451 ; 11.861 ; 12.070 ;
; SW2        ; LED5        ; 10.982 ; 11.209 ; 11.497 ; 11.724 ;
; SW3        ; HEX4[0]     ; 13.294 ; 13.617 ; 13.756 ; 14.079 ;
; SW3        ; HEX4[1]     ; 12.961 ; 13.170 ; 13.423 ; 13.632 ;
; SW3        ; HEX4[2]     ; 12.794 ; 12.800 ; 13.256 ; 13.262 ;
; SW3        ; HEX4[3]     ; 13.147 ; 13.424 ; 13.609 ; 13.886 ;
; SW3        ; HEX4[4]     ; 12.640 ; 12.703 ; 13.102 ; 13.165 ;
; SW3        ; HEX4[5]     ; 12.798 ; 12.745 ; 13.260 ; 13.207 ;
; SW3        ; HEX4[6]     ; 13.019 ; 13.160 ; 13.481 ; 13.622 ;
; SW3        ; HEX5[0]     ; 12.223 ; 12.068 ; 12.685 ; 12.530 ;
; SW3        ; HEX5[2]     ; 11.632 ; 11.662 ; 12.094 ; 12.124 ;
; SW3        ; HEX5[3]     ; 12.158 ; 12.056 ; 12.620 ; 12.518 ;
; SW3        ; HEX5[4]     ; 15.074 ; 16.185 ; 15.536 ; 16.647 ;
; SW3        ; HEX5[5]     ; 13.740 ; 14.847 ; 14.202 ; 15.309 ;
; SW3        ; HEX5[6]     ; 12.039 ; 11.596 ; 12.501 ; 12.058 ;
; SW3        ; LED0        ;        ; 11.756 ; 11.377 ;        ;
; SW3        ; LED3        ; 13.777 ; 15.343 ; 14.239 ; 15.805 ;
; SW3        ; LED4        ; 11.028 ; 11.413 ; 11.430 ; 11.802 ;
; SW3        ; LED5        ; 10.944 ; 11.171 ; 11.323 ; 11.550 ;
; SW4        ; HEX4[0]     ; 12.750 ; 13.073 ; 13.164 ; 13.487 ;
; SW4        ; HEX4[1]     ; 12.417 ; 12.626 ; 12.831 ; 13.040 ;
; SW4        ; HEX4[2]     ; 12.250 ; 12.241 ; 12.664 ; 12.655 ;
; SW4        ; HEX4[3]     ; 12.603 ; 12.880 ; 13.017 ; 13.294 ;
; SW4        ; HEX4[4]     ; 12.096 ; 12.159 ; 12.510 ; 12.573 ;
; SW4        ; HEX4[5]     ; 12.254 ; 12.186 ; 12.668 ; 12.600 ;
; SW4        ; HEX4[6]     ; 12.475 ; 12.616 ; 12.889 ; 13.030 ;
; SW4        ; HEX5[0]     ; 11.611 ; 11.473 ; 12.025 ; 11.887 ;
; SW4        ; HEX5[2]     ; 10.984 ; 11.286 ; 11.387 ; 11.700 ;
; SW4        ; HEX5[3]     ; 11.546 ; 11.461 ; 11.960 ; 11.875 ;
; SW4        ; HEX5[4]     ; 14.516 ; 15.611 ; 14.930 ; 16.025 ;
; SW4        ; HEX5[5]     ; 13.350 ; 14.255 ; 13.753 ; 14.669 ;
; SW4        ; HEX5[6]     ; 11.435 ; 11.022 ; 11.849 ; 11.425 ;
; SW4        ; LED0        ;        ; 11.899 ; 11.520 ;        ;
; SW4        ; LED4        ; 10.874 ; 11.186 ; 11.277 ; 11.600 ;
; SW4        ; LED5        ; 10.964 ; 11.191 ; 11.285 ; 11.512 ;
; SW5        ; HEX4[0]     ; 14.071 ; 14.382 ; 14.437 ; 14.748 ;
; SW5        ; HEX4[1]     ; 13.738 ; 13.880 ; 14.104 ; 14.246 ;
; SW5        ; HEX4[2]     ; 13.472 ; 13.618 ; 13.838 ; 13.984 ;
; SW5        ; HEX4[3]     ; 13.901 ; 14.166 ; 14.267 ; 14.532 ;
; SW5        ; HEX4[4]     ; 13.371 ; 13.420 ; 13.737 ; 13.786 ;
; SW5        ; HEX4[5]     ; 13.551 ; 13.588 ; 13.917 ; 13.954 ;
; SW5        ; HEX4[6]     ; 13.768 ; 13.898 ; 14.134 ; 14.264 ;
; SW5        ; HEX5[0]     ; 12.561 ; 12.870 ; 12.927 ; 13.236 ;
; SW5        ; HEX5[2]     ; 12.468 ; 12.034 ; 12.834 ; 12.400 ;
; SW5        ; HEX5[3]     ; 12.496 ; 12.858 ; 12.862 ; 13.224 ;
; SW5        ; HEX5[4]     ; 15.443 ; 17.010 ; 15.809 ; 17.376 ;
; SW5        ; HEX5[5]     ; 14.556 ; 15.671 ; 14.922 ; 16.037 ;
; SW5        ; HEX5[6]     ; 12.230 ; 11.607 ; 12.621 ; 11.986 ;
; SW5        ; LED0        ; 11.677 ; 12.462 ; 12.125 ; 12.898 ;
; SW5        ; LED1        ; 12.245 ; 13.227 ; 12.611 ; 13.593 ;
; SW5        ; LED2        ; 13.961 ; 15.538 ; 14.340 ; 15.929 ;
; SW5        ; LED3        ; 13.693 ; 15.296 ; 14.058 ; 15.661 ;
; SW5        ; LED4        ; 11.095 ; 11.480 ; 11.482 ; 11.854 ;
; SW5        ; LED5        ; 11.011 ; 11.238 ; 11.375 ; 11.602 ;
; SW6        ; HEX4[0]     ; 14.061 ; 14.372 ; 14.414 ; 14.725 ;
; SW6        ; HEX4[1]     ; 13.728 ; 13.870 ; 14.081 ; 14.223 ;
; SW6        ; HEX4[2]     ; 13.462 ; 13.608 ; 13.815 ; 13.961 ;
; SW6        ; HEX4[3]     ; 13.891 ; 14.156 ; 14.244 ; 14.509 ;
; SW6        ; HEX4[4]     ; 13.361 ; 13.410 ; 13.714 ; 13.763 ;
; SW6        ; HEX4[5]     ; 13.541 ; 13.578 ; 13.894 ; 13.931 ;
; SW6        ; HEX4[6]     ; 13.758 ; 13.888 ; 14.111 ; 14.241 ;
; SW6        ; HEX5[0]     ; 12.588 ; 12.860 ; 12.941 ; 13.213 ;
; SW6        ; HEX5[2]     ; 12.458 ; 12.061 ; 12.811 ; 12.414 ;
; SW6        ; HEX5[3]     ; 12.523 ; 12.848 ; 12.876 ; 13.201 ;
; SW6        ; HEX5[4]     ; 15.470 ; 17.000 ; 15.823 ; 17.353 ;
; SW6        ; HEX5[5]     ; 14.583 ; 15.661 ; 14.936 ; 16.014 ;
; SW6        ; HEX5[6]     ; 12.106 ; 11.483 ; 12.402 ; 11.767 ;
; SW6        ; LED0        ; 10.561 ;        ;        ; 11.764 ;
; SW6        ; LED1        ; 12.272 ; 13.217 ; 12.625 ; 13.570 ;
; SW6        ; LED2        ; 13.837 ; 15.414 ; 14.121 ; 15.710 ;
; SW6        ; LED3        ; 13.569 ; 15.172 ; 13.839 ; 15.442 ;
; SW6        ; LED4        ; 10.971 ; 11.356 ; 11.263 ; 11.635 ;
; SW6        ; LED5        ; 10.887 ; 11.114 ; 11.156 ; 11.383 ;
; SW7        ; HEX4[0]     ; 12.910 ; 13.233 ; 13.298 ; 13.621 ;
; SW7        ; HEX4[1]     ; 12.577 ; 12.786 ; 12.965 ; 13.174 ;
; SW7        ; HEX4[2]     ; 12.410 ; 12.416 ; 12.798 ; 12.804 ;
; SW7        ; HEX4[3]     ; 12.763 ; 13.040 ; 13.151 ; 13.428 ;
; SW7        ; HEX4[4]     ; 12.256 ; 12.319 ; 12.644 ; 12.707 ;
; SW7        ; HEX4[5]     ; 12.414 ; 12.361 ; 12.802 ; 12.753 ;
; SW7        ; HEX4[6]     ; 12.635 ; 12.776 ; 13.023 ; 13.164 ;
; SW7        ; HEX5[0]     ; 11.839 ; 11.684 ; 12.227 ; 12.072 ;
; SW7        ; HEX5[2]     ; 11.248 ; 11.278 ; 11.636 ; 11.666 ;
; SW7        ; HEX5[3]     ; 11.774 ; 11.672 ; 12.162 ; 12.060 ;
; SW7        ; HEX5[4]     ; 14.690 ; 15.801 ; 15.078 ; 16.189 ;
; SW7        ; HEX5[5]     ; 13.319 ; 14.463 ; 13.707 ; 14.851 ;
; SW7        ; HEX5[6]     ; 11.655 ; 11.175 ; 12.043 ; 11.563 ;
; SW7        ; LED0        ; 11.187 ;        ;        ; 12.375 ;
; SW7        ; LED2        ; 13.171 ; 14.894 ; 13.554 ; 15.322 ;
; SW7        ; LED3        ; 13.356 ; 14.959 ; 13.744 ; 15.347 ;
; SW7        ; LED4        ; 10.758 ; 11.143 ; 11.168 ; 11.540 ;
; SW7        ; LED5        ; 10.674 ; 10.901 ; 11.061 ; 11.288 ;
; SW8        ; HEX4[0]     ; 12.567 ; 12.890 ; 13.235 ; 13.558 ;
; SW8        ; HEX4[1]     ; 12.234 ; 12.443 ; 12.902 ; 13.111 ;
; SW8        ; HEX4[2]     ; 12.067 ; 12.073 ; 12.735 ; 12.741 ;
; SW8        ; HEX4[3]     ; 12.420 ; 12.697 ; 13.088 ; 13.365 ;
; SW8        ; HEX4[4]     ; 11.913 ; 11.976 ; 12.581 ; 12.644 ;
; SW8        ; HEX4[5]     ; 12.071 ; 12.018 ; 12.739 ; 12.686 ;
; SW8        ; HEX4[6]     ; 12.292 ; 12.433 ; 12.960 ; 13.101 ;
; SW8        ; HEX5[0]     ; 11.496 ; 11.341 ; 12.164 ; 12.009 ;
; SW8        ; HEX5[2]     ; 10.905 ; 10.992 ; 11.573 ; 11.603 ;
; SW8        ; HEX5[3]     ; 11.431 ; 11.329 ; 12.099 ; 11.997 ;
; SW8        ; HEX5[4]     ; 14.347 ; 15.458 ; 15.015 ; 16.126 ;
; SW8        ; HEX5[5]     ; 13.187 ; 14.120 ; 13.293 ; 14.788 ;
; SW8        ; HEX5[6]     ; 11.312 ; 11.043 ; 11.980 ; 11.020 ;
; SW8        ; LED0        ; 10.246 ;        ;        ; 11.520 ;
; SW8        ; LED3        ; 13.224 ; 14.616 ; 13.201 ; 15.284 ;
; SW8        ; LED4        ; 10.507 ; 10.892 ; 10.817 ; 11.189 ;
; SW8        ; LED5        ; 10.423 ; 10.650 ; 10.710 ; 10.937 ;
; SW9        ; HEX4[0]     ; 12.129 ; 12.452 ; 12.483 ; 12.806 ;
; SW9        ; HEX4[1]     ; 11.796 ; 12.005 ; 12.150 ; 12.359 ;
; SW9        ; HEX4[2]     ; 11.629 ; 11.620 ; 11.983 ; 11.974 ;
; SW9        ; HEX4[3]     ; 11.982 ; 12.259 ; 12.336 ; 12.613 ;
; SW9        ; HEX4[4]     ; 11.475 ; 11.538 ; 11.829 ; 11.892 ;
; SW9        ; HEX4[5]     ; 11.633 ; 11.565 ; 11.987 ; 11.919 ;
; SW9        ; HEX4[6]     ; 11.854 ; 11.995 ; 12.208 ; 12.349 ;
; SW9        ; HEX5[0]     ; 10.990 ; 10.852 ; 11.344 ; 11.206 ;
; SW9        ; HEX5[2]     ; 10.156 ; 10.665 ; 10.466 ; 11.019 ;
; SW9        ; HEX5[3]     ; 10.925 ; 10.840 ; 11.279 ; 11.194 ;
; SW9        ; HEX5[4]     ; 13.895 ; 14.990 ; 14.249 ; 15.344 ;
; SW9        ; HEX5[5]     ; 12.522 ; 13.634 ; 12.832 ; 13.988 ;
; SW9        ; HEX5[6]     ; 10.814 ; 10.194 ; 11.168 ; 10.504 ;
; SW9        ; LED0        ; 10.454 ;        ;        ; 11.749 ;
; SW9        ; LED4        ; 10.046 ; 10.565 ; 10.356 ; 10.919 ;
; SW9        ; LED5        ; 10.426 ; 10.653 ; 10.740 ; 10.967 ;
+------------+-------------+--------+--------+--------+--------+


+--------------------------------------------------------------+
; Minimum Propagation Delay                                    ;
+------------+-------------+--------+--------+--------+--------+
; Input Port ; Output Port ; RR     ; RF     ; FR     ; FF     ;
+------------+-------------+--------+--------+--------+--------+
; KEY0       ; HEX4[0]     ; 9.197  ; 9.518  ; 9.490  ; 9.873  ;
; KEY0       ; HEX4[1]     ; 8.992  ; 9.199  ; 9.347  ; 9.527  ;
; KEY0       ; HEX4[2]     ; 8.856  ; 8.992  ; 9.211  ; 9.303  ;
; KEY0       ; HEX4[3]     ; 9.142  ; 9.341  ; 9.497  ; 9.696  ;
; KEY0       ; HEX4[4]     ; 8.627  ; 8.826  ; 8.920  ; 9.174  ;
; KEY0       ; HEX4[5]     ; 8.860  ; 8.921  ; 9.215  ; 9.276  ;
; KEY0       ; HEX4[6]     ; 8.993  ; 9.164  ; 9.286  ; 9.519  ;
; KEY0       ; HEX5[0]     ; 9.094  ; 8.808  ; 9.288  ; 8.998  ;
; KEY0       ; HEX5[2]     ; 8.645  ; 8.712  ; 8.835  ; 9.216  ;
; KEY0       ; HEX5[3]     ; 9.032  ; 8.794  ; 9.226  ; 8.984  ;
; KEY0       ; HEX5[4]     ; 11.535 ; 12.539 ; 11.725 ; 12.733 ;
; KEY0       ; HEX5[5]     ; 10.787 ; 11.439 ; 10.977 ; 11.940 ;
; KEY0       ; HEX5[6]     ; 8.918  ; 8.661  ; 9.419  ; 8.851  ;
; KEY0       ; LED0        ; 9.109  ; 9.699  ; 9.402  ; 9.980  ;
; KEY0       ; LED1        ; 9.452  ; 10.205 ; 9.759  ; 10.525 ;
; KEY0       ; LED2        ; 11.060 ; 12.361 ; 11.564 ; 12.502 ;
; KEY0       ; LED3        ; 11.512 ; 12.429 ; 11.907 ; 13.009 ;
; KEY0       ; LED4        ; 8.642  ; 8.789  ; 8.832  ; 9.290  ;
; KEY0       ; LED5        ; 8.219  ; 8.788  ; 8.881  ; 8.726  ;
; KEY1       ; HEX4[0]     ; 9.064  ; 9.449  ; 9.356  ; 9.741  ;
; KEY1       ; HEX4[1]     ; 8.960  ; 9.101  ; 9.252  ; 9.393  ;
; KEY1       ; HEX4[2]     ; 8.866  ; 8.877  ; 9.161  ; 9.169  ;
; KEY1       ; HEX4[3]     ; 9.101  ; 9.273  ; 9.393  ; 9.565  ;
; KEY1       ; HEX4[4]     ; 8.494  ; 8.850  ; 8.786  ; 9.145  ;
; KEY1       ; HEX4[5]     ; 8.821  ; 8.931  ; 9.113  ; 9.226  ;
; KEY1       ; HEX4[6]     ; 8.860  ; 9.174  ; 9.152  ; 9.469  ;
; KEY1       ; HEX5[0]     ; 9.220  ; 8.930  ; 9.545  ; 9.255  ;
; KEY1       ; HEX5[2]     ; 8.767  ; 8.906  ; 9.092  ; 9.159  ;
; KEY1       ; HEX5[3]     ; 9.158  ; 8.916  ; 9.483  ; 9.241  ;
; KEY1       ; HEX5[4]     ; 11.657 ; 12.665 ; 11.982 ; 12.990 ;
; KEY1       ; HEX5[5]     ; 10.909 ; 11.855 ; 11.234 ; 12.000 ;
; KEY1       ; HEX5[6]     ; 9.334  ; 8.783  ; 9.479  ; 9.108  ;
; KEY1       ; LED0        ; 8.976  ; 9.609  ; 9.268  ; 9.840  ;
; KEY1       ; LED1        ; 9.391  ; 10.196 ; 9.778  ; 10.458 ;
; KEY1       ; LED2        ; 11.254 ; 12.417 ; 11.507 ; 12.747 ;
; KEY1       ; LED3        ; 11.419 ; 12.671 ; 11.714 ; 12.876 ;
; KEY1       ; LED4        ; 8.764  ; 9.205  ; 9.089  ; 9.350  ;
; KEY1       ; LED5        ; 8.813  ; 8.641  ; 8.664  ; 9.349  ;
; KEY2       ; HEX4[0]     ; 8.816  ; 9.201  ; 9.129  ; 9.514  ;
; KEY2       ; HEX4[1]     ; 8.712  ; 8.853  ; 9.025  ; 9.166  ;
; KEY2       ; HEX4[2]     ; 8.799  ; 8.629  ; 8.963  ; 8.942  ;
; KEY2       ; HEX4[3]     ; 8.853  ; 9.025  ; 9.166  ; 9.338  ;
; KEY2       ; HEX4[4]     ; 8.246  ; 8.753  ; 8.559  ; 8.917  ;
; KEY2       ; HEX4[5]     ; 8.573  ; 8.977  ; 8.886  ; 9.141  ;
; KEY2       ; HEX4[6]     ; 8.612  ; 9.133  ; 8.925  ; 9.297  ;
; KEY2       ; HEX5[0]     ; 9.213  ; 8.923  ; 9.552  ; 9.353  ;
; KEY2       ; HEX5[2]     ; 8.760  ; 8.955  ; 9.146  ; 9.178  ;
; KEY2       ; HEX5[3]     ; 9.151  ; 8.909  ; 9.490  ; 9.339  ;
; KEY2       ; HEX5[4]     ; 11.650 ; 12.658 ; 12.080 ; 12.997 ;
; KEY2       ; HEX5[5]     ; 10.902 ; 11.867 ; 11.332 ; 11.897 ;
; KEY2       ; HEX5[6]     ; 9.346  ; 8.776  ; 9.376  ; 9.206  ;
; KEY2       ; LED0        ; 8.728  ; 9.415  ; 9.041  ; 9.579  ;
; KEY2       ; LED1        ; 9.489  ; 10.216 ; 9.712  ; 10.424 ;
; KEY2       ; LED2        ; 11.303 ; 12.382 ; 11.539 ; 12.667 ;
; KEY2       ; LED3        ; 11.601 ; 12.672 ; 11.815 ; 12.979 ;
; KEY2       ; LED4        ; 8.757  ; 9.217  ; 9.187  ; 9.247  ;
; KEY2       ; LED5        ; 8.806  ; 8.684  ; 8.680  ; 9.246  ;
; KEY3       ; HEX4[0]     ; 8.560  ; 8.945  ; 8.783  ; 9.168  ;
; KEY3       ; HEX4[1]     ; 8.456  ; 8.597  ; 8.679  ; 8.820  ;
; KEY3       ; HEX4[2]     ; 8.528  ; 8.373  ; 8.688  ; 8.596  ;
; KEY3       ; HEX4[3]     ; 8.597  ; 8.769  ; 8.820  ; 8.992  ;
; KEY3       ; HEX4[4]     ; 7.990  ; 8.482  ; 8.213  ; 8.642  ;
; KEY3       ; HEX4[5]     ; 8.317  ; 8.706  ; 8.540  ; 8.866  ;
; KEY3       ; HEX4[6]     ; 8.356  ; 8.862  ; 8.579  ; 9.022  ;
; KEY3       ; HEX5[0]     ; 9.033  ; 8.743  ; 9.367  ; 9.172  ;
; KEY3       ; HEX5[2]     ; 8.580  ; 8.779  ; 9.009  ; 8.977  ;
; KEY3       ; HEX5[3]     ; 8.971  ; 8.729  ; 9.305  ; 9.158  ;
; KEY3       ; HEX5[4]     ; 11.470 ; 12.478 ; 11.899 ; 12.812 ;
; KEY3       ; HEX5[5]     ; 10.722 ; 11.691 ; 11.151 ; 11.712 ;
; KEY3       ; HEX5[6]     ; 9.170  ; 8.596  ; 9.191  ; 9.025  ;
; KEY3       ; LED0        ; 8.472  ; 9.144  ; 8.695  ; 9.304  ;
; KEY3       ; LED1        ; 9.301  ; 9.813  ; 9.235  ; 10.347 ;
; KEY3       ; LED2        ; 11.127 ; 12.334 ; 11.487 ; 12.486 ;
; KEY3       ; LED3        ; 11.423 ; 12.496 ; 11.641 ; 12.799 ;
; KEY3       ; LED4        ; 8.577  ; 9.041  ; 9.006  ; 9.062  ;
; KEY3       ; LED5        ; 8.285  ; 9.178  ; 9.230  ; 8.709  ;
; SW0        ; HEX4[0]     ; 9.119  ; 9.504  ; 9.416  ; 9.801  ;
; SW0        ; HEX4[1]     ; 9.015  ; 9.156  ; 9.312  ; 9.453  ;
; SW0        ; HEX4[2]     ; 8.954  ; 8.932  ; 9.237  ; 9.229  ;
; SW0        ; HEX4[3]     ; 9.156  ; 9.328  ; 9.453  ; 9.625  ;
; SW0        ; HEX4[4]     ; 8.549  ; 8.908  ; 8.846  ; 9.191  ;
; SW0        ; HEX4[5]     ; 8.876  ; 9.076  ; 9.173  ; 9.382  ;
; SW0        ; HEX4[6]     ; 8.915  ; 9.288  ; 9.212  ; 9.571  ;
; SW0        ; HEX5[0]     ; 9.061  ; 8.910  ; 9.367  ; 9.215  ;
; SW0        ; HEX5[2]     ; 8.514  ; 8.559  ; 8.820  ; 8.865  ;
; SW0        ; HEX5[3]     ; 8.999  ; 8.896  ; 9.305  ; 9.201  ;
; SW0        ; HEX5[4]     ; 11.604 ; 12.473 ; 11.910 ; 12.779 ;
; SW0        ; HEX5[5]     ; 10.866 ; 11.589 ; 11.172 ; 11.880 ;
; SW0        ; HEX5[6]     ; 9.061  ; 8.755  ; 9.352  ; 9.061  ;
; SW0        ; LED0        ; 9.031  ; 9.570  ; 9.328  ; 9.853  ;
; SW0        ; LED1        ; 9.976  ; 10.752 ; 10.252 ; 11.016 ;
; SW0        ; LED2        ; 10.907 ; 11.942 ; 11.213 ; 12.233 ;
; SW0        ; LED3        ; 11.787 ; 12.947 ; 12.095 ; 13.255 ;
; SW0        ; LED4        ; 8.787  ; 9.038  ; 9.049  ; 9.294  ;
; SW0        ; LED5        ; 8.484  ; 9.604  ; 9.719  ; 9.028  ;
; SW1        ; HEX4[0]     ; 9.691  ; 9.911  ; 9.985  ; 10.205 ;
; SW1        ; HEX4[1]     ; 9.442  ; 9.557  ; 9.705  ; 9.851  ;
; SW1        ; HEX4[2]     ; 9.306  ; 9.350  ; 9.569  ; 9.644  ;
; SW1        ; HEX4[3]     ; 9.559  ; 9.741  ; 9.853  ; 10.035 ;
; SW1        ; HEX4[4]     ; 9.170  ; 9.184  ; 9.433  ; 9.478  ;
; SW1        ; HEX4[5]     ; 9.277  ; 9.321  ; 9.571  ; 9.615  ;
; SW1        ; HEX4[6]     ; 9.444  ; 9.558  ; 9.738  ; 9.852  ;
; SW1        ; HEX5[0]     ; 9.306  ; 9.093  ; 9.600  ; 9.356  ;
; SW1        ; HEX5[2]     ; 8.759  ; 8.804  ; 9.053  ; 9.098  ;
; SW1        ; HEX5[3]     ; 9.244  ; 9.079  ; 9.538  ; 9.342  ;
; SW1        ; HEX5[4]     ; 11.820 ; 12.718 ; 12.083 ; 13.012 ;
; SW1        ; HEX5[5]     ; 11.072 ; 11.828 ; 11.335 ; 12.085 ;
; SW1        ; HEX5[6]     ; 9.307  ; 8.946  ; 9.564  ; 9.209  ;
; SW1        ; LED0        ;        ; 10.574 ; 10.178 ;        ;
; SW1        ; LED1        ; 9.518  ; 10.374 ; 9.810  ; 10.602 ;
; SW1        ; LED2        ; 11.152 ; 12.200 ; 11.446 ; 12.489 ;
; SW1        ; LED3        ; 11.615 ; 12.775 ; 11.969 ; 13.129 ;
; SW1        ; LED4        ; 8.927  ; 9.178  ; 9.190  ; 9.435  ;
; SW1        ; LED5        ; 8.624  ; 9.432  ; 9.593  ; 9.169  ;
; SW2        ; HEX4[0]     ; 10.099 ; 10.334 ; 10.610 ; 10.845 ;
; SW2        ; HEX4[1]     ; 9.808  ; 9.998  ; 10.319 ; 10.495 ;
; SW2        ; HEX4[2]     ; 9.672  ; 9.791  ; 10.183 ; 10.288 ;
; SW2        ; HEX4[3]     ; 9.958  ; 10.157 ; 10.469 ; 10.668 ;
; SW2        ; HEX4[4]     ; 9.536  ; 9.625  ; 10.047 ; 10.122 ;
; SW2        ; HEX4[5]     ; 9.676  ; 9.737  ; 10.187 ; 10.248 ;
; SW2        ; HEX4[6]     ; 9.851  ; 9.980  ; 10.362 ; 10.491 ;
; SW2        ; HEX5[0]     ; 9.747  ; 9.459  ; 10.244 ; 9.970  ;
; SW2        ; HEX5[2]     ; 9.200  ; 9.245  ; 9.697  ; 9.742  ;
; SW2        ; HEX5[3]     ; 9.685  ; 9.445  ; 10.182 ; 9.956  ;
; SW2        ; HEX5[4]     ; 12.186 ; 13.159 ; 12.697 ; 13.656 ;
; SW2        ; HEX5[5]     ; 11.438 ; 12.194 ; 11.949 ; 12.699 ;
; SW2        ; HEX5[6]     ; 9.673  ; 9.312  ; 10.178 ; 9.823  ;
; SW2        ; LED0        ;        ; 10.925 ; 10.566 ;        ;
; SW2        ; LED2        ; 11.593 ; 12.770 ; 12.090 ; 13.167 ;
; SW2        ; LED3        ; 12.114 ; 13.274 ; 12.541 ; 13.701 ;
; SW2        ; LED4        ; 9.293  ; 9.544  ; 9.804  ; 10.049 ;
; SW2        ; LED5        ; 8.973  ; 9.931  ; 10.165 ; 9.783  ;
; SW3        ; HEX4[0]     ; 9.606  ; 9.841  ; 10.050 ; 10.285 ;
; SW3        ; HEX4[1]     ; 9.315  ; 9.536  ; 9.759  ; 9.980  ;
; SW3        ; HEX4[2]     ; 9.179  ; 9.329  ; 9.623  ; 9.773  ;
; SW3        ; HEX4[3]     ; 9.465  ; 9.664  ; 9.909  ; 10.108 ;
; SW3        ; HEX4[4]     ; 9.043  ; 9.163  ; 9.487  ; 9.607  ;
; SW3        ; HEX4[5]     ; 9.183  ; 9.244  ; 9.627  ; 9.688  ;
; SW3        ; HEX4[6]     ; 9.358  ; 9.487  ; 9.802  ; 9.931  ;
; SW3        ; HEX5[0]     ; 9.617  ; 9.327  ; 9.907  ; 9.617  ;
; SW3        ; HEX5[2]     ; 9.164  ; 9.333  ; 9.454  ; 9.627  ;
; SW3        ; HEX5[3]     ; 9.555  ; 9.313  ; 9.845  ; 9.603  ;
; SW3        ; HEX5[4]     ; 12.054 ; 13.062 ; 12.344 ; 13.352 ;
; SW3        ; HEX5[5]     ; 11.306 ; 12.062 ; 11.596 ; 12.346 ;
; SW3        ; HEX5[6]     ; 9.541  ; 9.180  ; 9.825  ; 9.470  ;
; SW3        ; LED0        ;        ; 10.488 ; 10.094 ;        ;
; SW3        ; LED3        ; 11.560 ; 12.668 ; 11.891 ; 12.990 ;
; SW3        ; LED4        ; 9.161  ; 9.412  ; 9.451  ; 9.696  ;
; SW3        ; LED5        ; 8.388  ; 9.602  ; 9.773  ; 9.060  ;
; SW4        ; HEX4[0]     ; 8.907  ; 9.142  ; 9.219  ; 9.454  ;
; SW4        ; HEX4[1]     ; 8.616  ; 8.816  ; 8.928  ; 9.128  ;
; SW4        ; HEX4[2]     ; 8.480  ; 8.609  ; 8.792  ; 8.921  ;
; SW4        ; HEX4[3]     ; 8.766  ; 8.965  ; 9.078  ; 9.277  ;
; SW4        ; HEX4[4]     ; 8.344  ; 8.443  ; 8.656  ; 8.755  ;
; SW4        ; HEX4[5]     ; 8.484  ; 8.545  ; 8.796  ; 8.857  ;
; SW4        ; HEX4[6]     ; 8.659  ; 8.788  ; 8.971  ; 9.100  ;
; SW4        ; HEX5[0]     ; 8.557  ; 8.267  ; 8.869  ; 8.579  ;
; SW4        ; HEX5[2]     ; 8.104  ; 8.267  ; 8.416  ; 8.564  ;
; SW4        ; HEX5[3]     ; 8.495  ; 8.253  ; 8.807  ; 8.565  ;
; SW4        ; HEX5[4]     ; 10.994 ; 12.002 ; 11.306 ; 12.314 ;
; SW4        ; HEX5[5]     ; 10.246 ; 10.986 ; 10.558 ; 11.283 ;
; SW4        ; HEX5[6]     ; 8.465  ; 8.120  ; 8.762  ; 8.432  ;
; SW4        ; LED0        ;        ; 10.630 ; 10.220 ;        ;
; SW4        ; LED4        ; 8.101  ; 8.336  ; 8.413  ; 8.633  ;
; SW4        ; LED5        ; 8.256  ; 9.633  ; 9.761  ; 8.828  ;
; SW5        ; HEX4[0]     ; 9.317  ; 9.702  ; 9.963  ; 10.219 ;
; SW5        ; HEX4[1]     ; 9.213  ; 9.354  ; 9.760  ; 9.952  ;
; SW5        ; HEX4[2]     ; 9.815  ; 9.130  ; 9.527  ; 10.093 ;
; SW5        ; HEX4[3]     ; 9.354  ; 9.526  ; 9.901  ; 10.124 ;
; SW5        ; HEX4[4]     ; 8.747  ; 9.747  ; 9.710  ; 9.481  ;
; SW5        ; HEX4[5]     ; 9.074  ; 9.884  ; 10.037 ; 9.705  ;
; SW5        ; HEX4[6]     ; 9.113  ; 10.121 ; 10.076 ; 9.861  ;
; SW5        ; HEX5[0]     ; 9.908  ; 9.618  ; 10.285 ; 9.995  ;
; SW5        ; HEX5[2]     ; 9.455  ; 9.622  ; 9.832  ; 9.960  ;
; SW5        ; HEX5[3]     ; 9.846  ; 9.604  ; 10.223 ; 9.981  ;
; SW5        ; HEX5[4]     ; 12.345 ; 13.353 ; 12.722 ; 13.730 ;
; SW5        ; HEX5[5]     ; 11.597 ; 12.358 ; 11.974 ; 12.734 ;
; SW5        ; HEX5[6]     ; 9.837  ; 9.471  ; 10.213 ; 9.848  ;
; SW5        ; LED0        ; 9.229  ; 10.431 ; 10.192 ; 10.143 ;
; SW5        ; LED1        ; 10.528 ; 11.242 ; 10.878 ; 11.592 ;
; SW5        ; LED2        ; 11.970 ; 13.081 ; 12.308 ; 13.419 ;
; SW5        ; LED3        ; 11.877 ; 13.037 ; 12.226 ; 13.386 ;
; SW5        ; LED4        ; 9.452  ; 9.708  ; 9.829  ; 10.084 ;
; SW5        ; LED5        ; 9.502  ; 9.694  ; 9.850  ; 10.042 ;
; SW6        ; HEX4[0]     ; 9.574  ; 9.959  ; 10.244 ; 10.500 ;
; SW6        ; HEX4[1]     ; 9.470  ; 9.611  ; 10.041 ; 10.233 ;
; SW6        ; HEX4[2]     ; 9.465  ; 9.387  ; 9.808  ; 10.071 ;
; SW6        ; HEX4[3]     ; 9.611  ; 9.783  ; 10.182 ; 10.405 ;
; SW6        ; HEX4[4]     ; 9.004  ; 9.347  ; 9.882  ; 9.762  ;
; SW6        ; HEX4[5]     ; 9.331  ; 9.484  ; 9.998  ; 9.986  ;
; SW6        ; HEX4[6]     ; 9.370  ; 9.721  ; 10.165 ; 10.142 ;
; SW6        ; HEX5[0]     ; 9.409  ; 9.490  ; 10.095 ; 9.805  ;
; SW6        ; HEX5[2]     ; 9.327  ; 8.949  ; 9.454  ; 9.770  ;
; SW6        ; HEX5[3]     ; 9.347  ; 9.476  ; 10.033 ; 9.791  ;
; SW6        ; HEX5[4]     ; 11.981 ; 13.225 ; 12.532 ; 13.407 ;
; SW6        ; HEX5[5]     ; 11.219 ; 12.230 ; 11.784 ; 12.336 ;
; SW6        ; HEX5[6]     ; 9.709  ; 9.343  ; 10.023 ; 9.658  ;
; SW6        ; LED0        ; 9.486  ;        ;        ; 10.424 ;
; SW6        ; LED1        ; 9.207  ; 10.838 ; 10.430 ; 10.172 ;
; SW6        ; LED2        ; 11.842 ; 12.953 ; 12.118 ; 13.229 ;
; SW6        ; LED3        ; 11.749 ; 12.909 ; 12.036 ; 13.196 ;
; SW6        ; LED4        ; 9.324  ; 9.580  ; 9.639  ; 9.894  ;
; SW6        ; LED5        ; 9.374  ; 9.566  ; 9.660  ; 9.852  ;
; SW7        ; HEX4[0]     ; 9.492  ; 9.712  ; 10.008 ; 10.228 ;
; SW7        ; HEX4[1]     ; 9.255  ; 9.358  ; 9.771  ; 9.874  ;
; SW7        ; HEX4[2]     ; 9.119  ; 9.151  ; 9.635  ; 9.667  ;
; SW7        ; HEX4[3]     ; 9.360  ; 9.542  ; 9.876  ; 10.058 ;
; SW7        ; HEX4[4]     ; 8.983  ; 8.985  ; 9.499  ; 9.501  ;
; SW7        ; HEX4[5]     ; 9.078  ; 9.122  ; 9.594  ; 9.638  ;
; SW7        ; HEX4[6]     ; 9.245  ; 9.359  ; 9.761  ; 9.875  ;
; SW7        ; HEX5[0]     ; 9.107  ; 8.956  ; 9.623  ; 9.472  ;
; SW7        ; HEX5[2]     ; 8.560  ; 8.605  ; 9.076  ; 9.121  ;
; SW7        ; HEX5[3]     ; 9.045  ; 8.942  ; 9.561  ; 9.458  ;
; SW7        ; HEX5[4]     ; 11.650 ; 12.519 ; 12.166 ; 13.035 ;
; SW7        ; HEX5[5]     ; 10.912 ; 12.010 ; 11.428 ; 11.998 ;
; SW7        ; HEX5[6]     ; 9.482  ; 8.801  ; 9.470  ; 9.317  ;
; SW7        ; LED0        ; 9.972  ;        ;        ; 10.924 ;
; SW7        ; LED2        ; 10.953 ; 12.363 ; 11.469 ; 12.351 ;
; SW7        ; LED3        ; 11.631 ; 12.791 ; 11.924 ; 13.084 ;
; SW7        ; LED4        ; 9.206  ; 9.462  ; 9.527  ; 9.782  ;
; SW7        ; LED5        ; 9.256  ; 9.448  ; 9.548  ; 9.740  ;
; SW8        ; HEX4[0]     ; 9.308  ; 9.677  ; 9.704  ; 9.924  ;
; SW8        ; HEX4[1]     ; 9.203  ; 9.323  ; 9.450  ; 9.570  ;
; SW8        ; HEX4[2]     ; 9.067  ; 9.116  ; 9.314  ; 9.363  ;
; SW8        ; HEX4[3]     ; 9.325  ; 9.507  ; 9.572  ; 9.754  ;
; SW8        ; HEX4[4]     ; 8.738  ; 8.950  ; 9.178  ; 9.197  ;
; SW8        ; HEX4[5]     ; 9.043  ; 9.087  ; 9.290  ; 9.334  ;
; SW8        ; HEX4[6]     ; 9.104  ; 9.324  ; 9.457  ; 9.571  ;
; SW8        ; HEX5[0]     ; 9.342  ; 9.173  ; 9.589  ; 9.438  ;
; SW8        ; HEX5[2]     ; 8.794  ; 8.853  ; 9.041  ; 9.100  ;
; SW8        ; HEX5[3]     ; 9.280  ; 9.159  ; 9.527  ; 9.424  ;
; SW8        ; HEX5[4]     ; 11.884 ; 12.754 ; 12.131 ; 13.001 ;
; SW8        ; HEX5[5]     ; 11.042 ; 11.850 ; 11.289 ; 12.138 ;
; SW8        ; HEX5[6]     ; 9.384  ; 9.026  ; 9.672  ; 9.283  ;
; SW8        ; LED0        ; 9.220  ;        ;        ; 10.293 ;
; SW8        ; LED3        ; 11.080 ; 12.271 ; 11.327 ; 12.559 ;
; SW8        ; LED4        ; 9.007  ; 9.263  ; 9.352  ; 9.607  ;
; SW8        ; LED5        ; 9.057  ; 9.249  ; 9.373  ; 9.565  ;
; SW9        ; HEX4[0]     ; 9.311  ; 9.546  ; 9.562  ; 9.797  ;
; SW9        ; HEX4[1]     ; 9.020  ; 9.220  ; 9.271  ; 9.471  ;
; SW9        ; HEX4[2]     ; 8.884  ; 9.013  ; 9.135  ; 9.264  ;
; SW9        ; HEX4[3]     ; 9.170  ; 9.369  ; 9.421  ; 9.620  ;
; SW9        ; HEX4[4]     ; 8.748  ; 8.847  ; 8.999  ; 9.098  ;
; SW9        ; HEX4[5]     ; 8.888  ; 8.949  ; 9.139  ; 9.200  ;
; SW9        ; HEX4[6]     ; 9.063  ; 9.192  ; 9.314  ; 9.443  ;
; SW9        ; HEX5[0]     ; 8.961  ; 8.671  ; 9.212  ; 8.922  ;
; SW9        ; HEX5[2]     ; 8.508  ; 8.745  ; 8.759  ; 9.028  ;
; SW9        ; HEX5[3]     ; 8.899  ; 8.657  ; 9.150  ; 8.908  ;
; SW9        ; HEX5[4]     ; 11.398 ; 12.406 ; 11.649 ; 12.657 ;
; SW9        ; HEX5[5]     ; 10.650 ; 11.464 ; 10.901 ; 11.747 ;
; SW9        ; HEX5[6]     ; 8.943  ; 8.524  ; 9.226  ; 8.775  ;
; SW9        ; LED0        ; 9.423  ;        ;        ; 10.418 ;
; SW9        ; LED4        ; 8.505  ; 8.814  ; 8.756  ; 9.097  ;
; SW9        ; LED5        ; 9.051  ; 9.243  ; 9.324  ; 9.516  ;
+------------+-------------+--------+--------+--------+--------+


---------------------------------------------
; Slow 1100mV 0C Model Metastability Report ;
---------------------------------------------
No synchronizer chains to report.


---------------------------------------
; Fast 1100mV 85C Model Setup Summary ;
---------------------------------------
No paths to report.


--------------------------------------
; Fast 1100mV 85C Model Hold Summary ;
--------------------------------------
No paths to report.


------------------------------------------
; Fast 1100mV 85C Model Recovery Summary ;
------------------------------------------
No paths to report.


-----------------------------------------
; Fast 1100mV 85C Model Removal Summary ;
-----------------------------------------
No paths to report.


-----------------------------------------------------
; Fast 1100mV 85C Model Minimum Pulse Width Summary ;
-----------------------------------------------------
No paths to report.


+-----------------------------------------------------------+
; Propagation Delay                                         ;
+------------+-------------+-------+-------+-------+--------+
; Input Port ; Output Port ; RR    ; RF    ; FR    ; FF     ;
+------------+-------------+-------+-------+-------+--------+
; KEY0       ; HEX4[0]     ; 7.048 ; 7.372 ; 7.771 ; 8.095  ;
; KEY0       ; HEX4[1]     ; 6.885 ; 7.117 ; 7.608 ; 7.840  ;
; KEY0       ; HEX4[2]     ; 6.783 ; 6.948 ; 7.506 ; 7.671  ;
; KEY0       ; HEX4[3]     ; 6.999 ; 7.298 ; 7.722 ; 8.021  ;
; KEY0       ; HEX4[4]     ; 6.677 ; 6.822 ; 7.400 ; 7.545  ;
; KEY0       ; HEX4[5]     ; 6.746 ; 6.904 ; 7.469 ; 7.627  ;
; KEY0       ; HEX4[6]     ; 6.885 ; 7.079 ; 7.608 ; 7.802  ;
; KEY0       ; HEX5[0]     ; 6.760 ; 6.539 ; 7.483 ; 7.262  ;
; KEY0       ; HEX5[2]     ; 6.280 ; 6.378 ; 7.003 ; 7.101  ;
; KEY0       ; HEX5[3]     ; 6.692 ; 6.530 ; 7.415 ; 7.253  ;
; KEY0       ; HEX5[4]     ; 8.436 ; 9.395 ; 9.159 ; 10.118 ;
; KEY0       ; HEX5[5]     ; 7.354 ; 8.426 ; 8.192 ; 9.149  ;
; KEY0       ; HEX5[6]     ; 6.660 ; 5.988 ; 7.383 ; 6.857  ;
; KEY0       ; LED0        ; 5.733 ; 6.407 ; 6.436 ; 7.117  ;
; KEY0       ; LED1        ; 6.135 ; 6.964 ; 6.785 ; 7.756  ;
; KEY0       ; LED2        ; 7.502 ; 8.846 ; 8.225 ; 9.569  ;
; KEY0       ; LED3        ; 7.394 ; 8.831 ; 8.427 ; 9.547  ;
; KEY0       ; LED4        ; 5.624 ; 5.960 ; 6.347 ; 6.683  ;
; KEY0       ; LED5        ; 5.327 ; 5.618 ; 6.126 ; 6.419  ;
; KEY1       ; HEX4[0]     ; 7.060 ; 7.384 ; 7.705 ; 8.029  ;
; KEY1       ; HEX4[1]     ; 6.897 ; 7.129 ; 7.542 ; 7.774  ;
; KEY1       ; HEX4[2]     ; 6.752 ; 6.960 ; 7.407 ; 7.605  ;
; KEY1       ; HEX4[3]     ; 7.011 ; 7.310 ; 7.656 ; 7.955  ;
; KEY1       ; HEX4[4]     ; 6.689 ; 6.834 ; 7.334 ; 7.479  ;
; KEY1       ; HEX4[5]     ; 6.715 ; 6.916 ; 7.370 ; 7.561  ;
; KEY1       ; HEX4[6]     ; 6.897 ; 7.091 ; 7.542 ; 7.736  ;
; KEY1       ; HEX5[0]     ; 6.702 ; 6.497 ; 7.384 ; 7.163  ;
; KEY1       ; HEX5[2]     ; 6.283 ; 6.320 ; 6.928 ; 7.002  ;
; KEY1       ; HEX5[3]     ; 6.634 ; 6.488 ; 7.316 ; 7.154  ;
; KEY1       ; HEX5[4]     ; 8.378 ; 9.395 ; 9.060 ; 10.040 ;
; KEY1       ; HEX5[5]     ; 7.520 ; 8.407 ; 7.978 ; 9.052  ;
; KEY1       ; HEX5[6]     ; 6.602 ; 6.185 ; 7.284 ; 6.612  ;
; KEY1       ; LED0        ; 5.592 ; 6.245 ; 6.261 ; 6.891  ;
; KEY1       ; LED1        ; 6.151 ; 7.084 ; 6.859 ; 7.729  ;
; KEY1       ; LED2        ; 7.544 ; 8.788 ; 8.126 ; 9.470  ;
; KEY1       ; LED3        ; 7.755 ; 8.799 ; 8.049 ; 9.364  ;
; KEY1       ; LED4        ; 5.566 ; 5.902 ; 6.248 ; 6.584  ;
; KEY1       ; LED5        ; 5.454 ; 5.747 ; 6.051 ; 6.342  ;
; KEY2       ; HEX4[0]     ; 6.932 ; 7.256 ; 7.596 ; 7.920  ;
; KEY2       ; HEX4[1]     ; 6.769 ; 7.001 ; 7.433 ; 7.665  ;
; KEY2       ; HEX4[2]     ; 6.624 ; 6.832 ; 7.288 ; 7.496  ;
; KEY2       ; HEX4[3]     ; 6.883 ; 7.182 ; 7.547 ; 7.846  ;
; KEY2       ; HEX4[4]     ; 6.561 ; 6.706 ; 7.225 ; 7.370  ;
; KEY2       ; HEX4[5]     ; 6.587 ; 6.788 ; 7.251 ; 7.452  ;
; KEY2       ; HEX4[6]     ; 6.769 ; 6.963 ; 7.433 ; 7.627  ;
; KEY2       ; HEX5[0]     ; 6.584 ; 6.369 ; 7.064 ; 7.033  ;
; KEY2       ; HEX5[2]     ; 6.155 ; 6.202 ; 6.819 ; 6.682  ;
; KEY2       ; HEX5[3]     ; 6.516 ; 6.360 ; 6.996 ; 7.024  ;
; KEY2       ; HEX5[4]     ; 8.260 ; 9.267 ; 8.740 ; 9.931  ;
; KEY2       ; HEX5[5]     ; 7.219 ; 8.279 ; 8.056 ; 8.943  ;
; KEY2       ; HEX5[6]     ; 6.484 ; 5.727 ; 6.964 ; 6.721  ;
; KEY2       ; LED0        ; 5.610 ; 6.253 ; 6.216 ; 6.857  ;
; KEY2       ; LED1        ; 6.107 ; 6.956 ; 6.647 ; 7.620  ;
; KEY2       ; LED2        ; 7.209 ; 8.670 ; 8.080 ; 9.150  ;
; KEY2       ; LED3        ; 7.297 ; 8.676 ; 8.291 ; 9.335  ;
; KEY2       ; LED4        ; 5.320 ; 5.656 ; 5.928 ; 6.264  ;
; KEY2       ; LED5        ; 5.299 ; 5.590 ; 5.990 ; 6.283  ;
; KEY3       ; HEX4[0]     ; 6.835 ; 7.159 ; 7.528 ; 7.852  ;
; KEY3       ; HEX4[1]     ; 6.672 ; 6.904 ; 7.365 ; 7.597  ;
; KEY3       ; HEX4[2]     ; 6.548 ; 6.735 ; 7.220 ; 7.428  ;
; KEY3       ; HEX4[3]     ; 6.786 ; 7.085 ; 7.479 ; 7.778  ;
; KEY3       ; HEX4[4]     ; 6.464 ; 6.609 ; 7.157 ; 7.302  ;
; KEY3       ; HEX4[5]     ; 6.511 ; 6.691 ; 7.183 ; 7.384  ;
; KEY3       ; HEX4[6]     ; 6.672 ; 6.866 ; 7.365 ; 7.559  ;
; KEY3       ; HEX5[0]     ; 6.525 ; 6.304 ; 7.073 ; 6.965  ;
; KEY3       ; HEX5[2]     ; 6.058 ; 6.143 ; 6.751 ; 6.691  ;
; KEY3       ; HEX5[3]     ; 6.457 ; 6.295 ; 7.005 ; 6.956  ;
; KEY3       ; HEX5[4]     ; 8.201 ; 9.170 ; 8.749 ; 9.863  ;
; KEY3       ; HEX5[5]     ; 7.160 ; 8.191 ; 7.988 ; 8.875  ;
; KEY3       ; HEX5[6]     ; 6.425 ; 5.683 ; 6.973 ; 6.653  ;
; KEY3       ; LED0        ; 5.536 ; 6.177 ; 6.129 ; 6.772  ;
; KEY3       ; LED1        ; 6.048 ; 6.859 ; 6.558 ; 7.552  ;
; KEY3       ; LED2        ; 7.197 ; 8.611 ; 8.012 ; 9.159  ;
; KEY3       ; LED3        ; 7.238 ; 8.615 ; 8.223 ; 9.267  ;
; KEY3       ; LED4        ; 5.319 ; 5.634 ; 5.937 ; 6.273  ;
; KEY3       ; LED5        ; 5.240 ; 5.531 ; 5.922 ; 6.215  ;
; SW0        ; HEX4[0]     ; 7.401 ; 7.725 ; 8.073 ; 8.397  ;
; SW0        ; HEX4[1]     ; 7.238 ; 7.470 ; 7.910 ; 8.142  ;
; SW0        ; HEX4[2]     ; 7.093 ; 7.301 ; 7.765 ; 7.973  ;
; SW0        ; HEX4[3]     ; 7.352 ; 7.651 ; 8.024 ; 8.323  ;
; SW0        ; HEX4[4]     ; 7.030 ; 7.175 ; 7.702 ; 7.847  ;
; SW0        ; HEX4[5]     ; 7.056 ; 7.257 ; 7.728 ; 7.929  ;
; SW0        ; HEX4[6]     ; 7.238 ; 7.432 ; 7.910 ; 8.104  ;
; SW0        ; HEX5[0]     ; 6.822 ; 6.838 ; 7.494 ; 7.510  ;
; SW0        ; HEX5[2]     ; 6.624 ; 6.450 ; 7.296 ; 7.122  ;
; SW0        ; HEX5[3]     ; 6.754 ; 6.829 ; 7.426 ; 7.501  ;
; SW0        ; HEX5[4]     ; 8.492 ; 9.736 ; 9.164 ; 10.408 ;
; SW0        ; HEX5[5]     ; 7.667 ; 8.748 ; 8.339 ; 9.420  ;
; SW0        ; HEX5[6]     ; 6.722 ; 6.134 ; 7.394 ; 6.808  ;
; SW0        ; LED0        ; 6.013 ; 6.860 ; 6.796 ; 7.435  ;
; SW0        ; LED1        ; 6.555 ; 7.425 ; 7.227 ; 8.097  ;
; SW0        ; LED2        ; 7.495 ; 8.802 ; 8.170 ; 9.478  ;
; SW0        ; LED3        ; 7.704 ; 9.112 ; 8.378 ; 9.784  ;
; SW0        ; LED4        ; 5.645 ; 5.944 ; 6.330 ; 6.627  ;
; SW0        ; LED5        ; 5.653 ; 5.948 ; 6.317 ; 6.612  ;
; SW1        ; HEX4[0]     ; 7.226 ; 7.550 ; 7.901 ; 8.225  ;
; SW1        ; HEX4[1]     ; 7.063 ; 7.295 ; 7.738 ; 7.970  ;
; SW1        ; HEX4[2]     ; 6.918 ; 7.126 ; 7.593 ; 7.801  ;
; SW1        ; HEX4[3]     ; 7.177 ; 7.476 ; 7.852 ; 8.151  ;
; SW1        ; HEX4[4]     ; 6.855 ; 7.000 ; 7.530 ; 7.675  ;
; SW1        ; HEX4[5]     ; 6.881 ; 7.082 ; 7.556 ; 7.757  ;
; SW1        ; HEX4[6]     ; 7.063 ; 7.257 ; 7.738 ; 7.932  ;
; SW1        ; HEX5[0]     ; 6.870 ; 6.663 ; 7.552 ; 7.338  ;
; SW1        ; HEX5[2]     ; 6.449 ; 6.498 ; 7.124 ; 7.180  ;
; SW1        ; HEX5[3]     ; 6.802 ; 6.654 ; 7.484 ; 7.329  ;
; SW1        ; HEX5[4]     ; 8.540 ; 9.561 ; 9.222 ; 10.236 ;
; SW1        ; HEX5[5]     ; 7.461 ; 8.573 ; 8.145 ; 9.248  ;
; SW1        ; HEX5[6]     ; 6.770 ; 6.126 ; 7.452 ; 6.810  ;
; SW1        ; LED0        ;       ; 6.799 ; 6.769 ;        ;
; SW1        ; LED1        ; 6.336 ; 7.250 ; 7.013 ; 7.925  ;
; SW1        ; LED2        ; 7.457 ; 8.764 ; 8.127 ; 9.435  ;
; SW1        ; LED3        ; 7.696 ; 9.160 ; 8.380 ; 9.842  ;
; SW1        ; LED4        ; 5.609 ; 5.908 ; 6.298 ; 6.595  ;
; SW1        ; LED5        ; 5.615 ; 5.910 ; 6.274 ; 6.569  ;
; SW2        ; HEX4[0]     ; 7.413 ; 7.737 ; 8.209 ; 8.533  ;
; SW2        ; HEX4[1]     ; 7.250 ; 7.482 ; 8.046 ; 8.278  ;
; SW2        ; HEX4[2]     ; 7.141 ; 7.313 ; 7.937 ; 8.109  ;
; SW2        ; HEX4[3]     ; 7.364 ; 7.663 ; 8.160 ; 8.459  ;
; SW2        ; HEX4[4]     ; 7.042 ; 7.187 ; 7.838 ; 7.983  ;
; SW2        ; HEX4[5]     ; 7.104 ; 7.269 ; 7.900 ; 8.065  ;
; SW2        ; HEX4[6]     ; 7.250 ; 7.444 ; 8.046 ; 8.240  ;
; SW2        ; HEX5[0]     ; 7.122 ; 6.893 ; 7.918 ; 7.689  ;
; SW2        ; HEX5[2]     ; 6.645 ; 6.750 ; 7.441 ; 7.546  ;
; SW2        ; HEX5[3]     ; 7.054 ; 6.884 ; 7.850 ; 7.680  ;
; SW2        ; HEX5[4]     ; 8.792 ; 9.759 ; 9.588 ; 10.555 ;
; SW2        ; HEX5[5]     ; 7.684 ; 8.794 ; 8.527 ; 9.590  ;
; SW2        ; HEX5[6]     ; 7.022 ; 6.349 ; 7.818 ; 7.192  ;
; SW2        ; LED0        ;       ; 7.028 ; 7.097 ;        ;
; SW2        ; LED2        ; 7.621 ; 8.896 ; 8.413 ; 9.721  ;
; SW2        ; LED3        ; 7.919 ; 9.412 ; 8.762 ; 10.208 ;
; SW2        ; LED4        ; 5.834 ; 6.133 ; 6.666 ; 6.963  ;
; SW2        ; LED5        ; 5.840 ; 6.135 ; 6.613 ; 6.908  ;
; SW3        ; HEX4[0]     ; 7.099 ; 7.423 ; 7.839 ; 8.163  ;
; SW3        ; HEX4[1]     ; 6.936 ; 7.168 ; 7.676 ; 7.908  ;
; SW3        ; HEX4[2]     ; 6.827 ; 6.999 ; 7.567 ; 7.739  ;
; SW3        ; HEX4[3]     ; 7.050 ; 7.349 ; 7.790 ; 8.089  ;
; SW3        ; HEX4[4]     ; 6.728 ; 6.873 ; 7.468 ; 7.613  ;
; SW3        ; HEX4[5]     ; 6.790 ; 6.955 ; 7.530 ; 7.695  ;
; SW3        ; HEX4[6]     ; 6.936 ; 7.130 ; 7.676 ; 7.870  ;
; SW3        ; HEX5[0]     ; 6.808 ; 6.579 ; 7.548 ; 7.319  ;
; SW3        ; HEX5[2]     ; 6.331 ; 6.436 ; 7.071 ; 7.176  ;
; SW3        ; HEX5[3]     ; 6.740 ; 6.570 ; 7.480 ; 7.310  ;
; SW3        ; HEX5[4]     ; 8.478 ; 9.445 ; 9.218 ; 10.185 ;
; SW3        ; HEX5[5]     ; 7.404 ; 8.480 ; 8.147 ; 9.220  ;
; SW3        ; HEX5[6]     ; 6.708 ; 6.069 ; 7.448 ; 6.812  ;
; SW3        ; LED0        ;       ; 6.748 ; 6.770 ;        ;
; SW3        ; LED3        ; 7.639 ; 9.098 ; 8.382 ; 9.838  ;
; SW3        ; LED4        ; 5.633 ; 5.964 ; 6.331 ; 6.660  ;
; SW3        ; LED5        ; 5.708 ; 6.003 ; 6.395 ; 6.690  ;
; SW4        ; HEX4[0]     ; 6.632 ; 6.944 ; 7.161 ; 7.486  ;
; SW4        ; HEX4[1]     ; 6.478 ; 6.748 ; 6.998 ; 7.231  ;
; SW4        ; HEX4[2]     ; 6.369 ; 6.365 ; 6.904 ; 7.058  ;
; SW4        ; HEX4[3]     ; 6.586 ; 6.923 ; 7.112 ; 7.413  ;
; SW4        ; HEX4[4]     ; 6.096 ; 6.387 ; 6.789 ; 6.935  ;
; SW4        ; HEX4[5]     ; 6.174 ; 6.528 ; 6.867 ; 7.014  ;
; SW4        ; HEX4[6]     ; 6.304 ; 6.689 ; 6.997 ; 7.193  ;
; SW4        ; HEX5[0]     ; 6.123 ; 5.912 ; 6.816 ; 6.605  ;
; SW4        ; HEX5[2]     ; 5.544 ; 5.844 ; 6.235 ; 6.537  ;
; SW4        ; HEX5[3]     ; 6.055 ; 5.903 ; 6.748 ; 6.596  ;
; SW4        ; HEX5[4]     ; 7.847 ; 8.796 ; 8.540 ; 9.489  ;
; SW4        ; HEX5[5]     ; 6.999 ; 7.800 ; 7.690 ; 8.493  ;
; SW4        ; HEX5[6]     ; 6.032 ; 5.622 ; 6.725 ; 6.313  ;
; SW4        ; LED0        ;       ; 6.817 ; 6.841 ;        ;
; SW4        ; LED4        ; 5.573 ; 5.887 ; 6.264 ; 6.580  ;
; SW4        ; LED5        ; 5.714 ; 6.009 ; 6.373 ; 6.668  ;
; SW5        ; HEX4[0]     ; 7.493 ; 7.817 ; 8.160 ; 8.484  ;
; SW5        ; HEX4[1]     ; 7.330 ; 7.562 ; 7.997 ; 8.229  ;
; SW5        ; HEX4[2]     ; 7.185 ; 7.393 ; 7.852 ; 8.060  ;
; SW5        ; HEX4[3]     ; 7.444 ; 7.743 ; 8.111 ; 8.410  ;
; SW5        ; HEX4[4]     ; 7.122 ; 7.267 ; 7.789 ; 7.934  ;
; SW5        ; HEX4[5]     ; 7.148 ; 7.349 ; 7.815 ; 8.016  ;
; SW5        ; HEX4[6]     ; 7.330 ; 7.524 ; 7.997 ; 8.191  ;
; SW5        ; HEX5[0]     ; 6.812 ; 6.930 ; 7.479 ; 7.597  ;
; SW5        ; HEX5[2]     ; 6.716 ; 6.440 ; 7.383 ; 7.103  ;
; SW5        ; HEX5[3]     ; 6.744 ; 6.921 ; 7.411 ; 7.588  ;
; SW5        ; HEX5[4]     ; 8.484 ; 9.828 ; 9.155 ; 10.495 ;
; SW5        ; HEX5[5]     ; 7.759 ; 8.840 ; 8.426 ; 9.507  ;
; SW5        ; HEX5[6]     ; 6.712 ; 6.115 ; 7.379 ; 6.778  ;
; SW5        ; LED0        ; 6.196 ; 6.871 ; 6.894 ; 7.583  ;
; SW5        ; LED1        ; 6.647 ; 7.517 ; 7.314 ; 8.184  ;
; SW5        ; LED2        ; 7.587 ; 8.894 ; 8.257 ; 9.565  ;
; SW5        ; LED3        ; 7.685 ; 9.102 ; 8.348 ; 9.765  ;
; SW5        ; LED4        ; 5.670 ; 6.001 ; 6.340 ; 6.669  ;
; SW5        ; LED5        ; 5.745 ; 6.040 ; 6.404 ; 6.699  ;
; SW6        ; HEX4[0]     ; 7.341 ; 7.665 ; 7.991 ; 8.315  ;
; SW6        ; HEX4[1]     ; 7.178 ; 7.410 ; 7.828 ; 8.060  ;
; SW6        ; HEX4[2]     ; 7.033 ; 7.241 ; 7.683 ; 7.891  ;
; SW6        ; HEX4[3]     ; 7.292 ; 7.591 ; 7.942 ; 8.241  ;
; SW6        ; HEX4[4]     ; 6.970 ; 7.115 ; 7.620 ; 7.765  ;
; SW6        ; HEX4[5]     ; 6.996 ; 7.197 ; 7.646 ; 7.847  ;
; SW6        ; HEX4[6]     ; 7.178 ; 7.372 ; 7.828 ; 8.022  ;
; SW6        ; HEX5[0]     ; 6.732 ; 6.778 ; 7.351 ; 7.428  ;
; SW6        ; HEX5[2]     ; 6.564 ; 6.360 ; 7.214 ; 6.975  ;
; SW6        ; HEX5[3]     ; 6.664 ; 6.769 ; 7.283 ; 7.419  ;
; SW6        ; HEX5[4]     ; 8.404 ; 9.676 ; 9.027 ; 10.326 ;
; SW6        ; HEX5[5]     ; 7.616 ; 8.688 ; 8.267 ; 9.338  ;
; SW6        ; HEX5[6]     ; 6.632 ; 6.035 ; 7.251 ; 6.650  ;
; SW6        ; LED0        ; 5.945 ;       ;       ; 7.309  ;
; SW6        ; LED1        ; 6.504 ; 7.365 ; 7.155 ; 8.015  ;
; SW6        ; LED2        ; 7.507 ; 8.814 ; 8.129 ; 9.437  ;
; SW6        ; LED3        ; 7.605 ; 9.022 ; 8.220 ; 9.637  ;
; SW6        ; LED4        ; 5.590 ; 5.921 ; 6.212 ; 6.541  ;
; SW6        ; LED5        ; 5.665 ; 5.960 ; 6.276 ; 6.571  ;
; SW7        ; HEX4[0]     ; 6.967 ; 7.291 ; 7.622 ; 7.946  ;
; SW7        ; HEX4[1]     ; 6.804 ; 7.036 ; 7.459 ; 7.691  ;
; SW7        ; HEX4[2]     ; 6.695 ; 6.867 ; 7.350 ; 7.522  ;
; SW7        ; HEX4[3]     ; 6.918 ; 7.217 ; 7.573 ; 7.872  ;
; SW7        ; HEX4[4]     ; 6.596 ; 6.741 ; 7.251 ; 7.396  ;
; SW7        ; HEX4[5]     ; 6.658 ; 6.823 ; 7.313 ; 7.478  ;
; SW7        ; HEX4[6]     ; 6.804 ; 6.998 ; 7.459 ; 7.653  ;
; SW7        ; HEX5[0]     ; 6.676 ; 6.447 ; 7.331 ; 7.102  ;
; SW7        ; HEX5[2]     ; 6.199 ; 6.304 ; 6.854 ; 6.959  ;
; SW7        ; HEX5[3]     ; 6.608 ; 6.438 ; 7.263 ; 7.093  ;
; SW7        ; HEX5[4]     ; 8.346 ; 9.313 ; 9.001 ; 9.968  ;
; SW7        ; HEX5[5]     ; 7.314 ; 8.348 ; 7.969 ; 9.003  ;
; SW7        ; HEX5[6]     ; 6.576 ; 5.979 ; 7.231 ; 6.634  ;
; SW7        ; LED0        ; 6.140 ;       ;       ; 7.516  ;
; SW7        ; LED2        ; 7.298 ; 8.643 ; 7.960 ; 9.322  ;
; SW7        ; LED3        ; 7.549 ; 8.966 ; 8.204 ; 9.621  ;
; SW7        ; LED4        ; 5.534 ; 5.865 ; 6.196 ; 6.525  ;
; SW7        ; LED5        ; 5.609 ; 5.904 ; 6.260 ; 6.555  ;
; SW8        ; HEX4[0]     ; 6.690 ; 7.014 ; 7.510 ; 7.834  ;
; SW8        ; HEX4[1]     ; 6.527 ; 6.759 ; 7.347 ; 7.579  ;
; SW8        ; HEX4[2]     ; 6.418 ; 6.590 ; 7.238 ; 7.410  ;
; SW8        ; HEX4[3]     ; 6.641 ; 6.940 ; 7.461 ; 7.760  ;
; SW8        ; HEX4[4]     ; 6.319 ; 6.464 ; 7.139 ; 7.284  ;
; SW8        ; HEX4[5]     ; 6.381 ; 6.546 ; 7.201 ; 7.366  ;
; SW8        ; HEX4[6]     ; 6.527 ; 6.721 ; 7.347 ; 7.541  ;
; SW8        ; HEX5[0]     ; 6.399 ; 6.170 ; 7.219 ; 6.990  ;
; SW8        ; HEX5[2]     ; 5.922 ; 6.027 ; 6.742 ; 6.847  ;
; SW8        ; HEX5[3]     ; 6.331 ; 6.161 ; 7.151 ; 6.981  ;
; SW8        ; HEX5[4]     ; 8.069 ; 9.036 ; 8.889 ; 9.856  ;
; SW8        ; HEX5[5]     ; 7.200 ; 8.071 ; 7.596 ; 8.891  ;
; SW8        ; HEX5[6]     ; 6.299 ; 5.865 ; 7.119 ; 6.261  ;
; SW8        ; LED0        ; 5.756 ;       ;       ; 7.084  ;
; SW8        ; LED3        ; 7.435 ; 8.689 ; 7.831 ; 9.509  ;
; SW8        ; LED4        ; 5.394 ; 5.725 ; 5.994 ; 6.323  ;
; SW8        ; LED5        ; 5.469 ; 5.764 ; 6.058 ; 6.353  ;
; SW9        ; HEX4[0]     ; 6.179 ; 6.504 ; 6.966 ; 7.278  ;
; SW9        ; HEX4[1]     ; 6.016 ; 6.249 ; 6.812 ; 7.082  ;
; SW9        ; HEX4[2]     ; 5.922 ; 6.076 ; 6.703 ; 6.699  ;
; SW9        ; HEX4[3]     ; 6.130 ; 6.431 ; 6.920 ; 7.257  ;
; SW9        ; HEX4[4]     ; 5.807 ; 5.953 ; 6.430 ; 6.721  ;
; SW9        ; HEX4[5]     ; 5.885 ; 6.032 ; 6.508 ; 6.862  ;
; SW9        ; HEX4[6]     ; 6.015 ; 6.211 ; 6.638 ; 7.023  ;
; SW9        ; HEX5[0]     ; 5.834 ; 5.623 ; 6.457 ; 6.246  ;
; SW9        ; HEX5[2]     ; 5.201 ; 5.555 ; 5.808 ; 6.178  ;
; SW9        ; HEX5[3]     ; 5.766 ; 5.614 ; 6.389 ; 6.237  ;
; SW9        ; HEX5[4]     ; 7.558 ; 8.507 ; 8.181 ; 9.130  ;
; SW9        ; HEX5[5]     ; 6.656 ; 7.511 ; 7.263 ; 8.134  ;
; SW9        ; HEX5[6]     ; 5.743 ; 5.279 ; 6.366 ; 5.886  ;
; SW9        ; LED0        ; 5.803 ;       ;       ; 7.151  ;
; SW9        ; LED4        ; 5.230 ; 5.598 ; 5.837 ; 6.221  ;
; SW9        ; LED5        ; 5.462 ; 5.757 ; 6.061 ; 6.356  ;
+------------+-------------+-------+-------+-------+--------+


+----------------------------------------------------------+
; Minimum Propagation Delay                                ;
+------------+-------------+-------+-------+-------+-------+
; Input Port ; Output Port ; RR    ; RF    ; FR    ; FF    ;
+------------+-------------+-------+-------+-------+-------+
; KEY0       ; HEX4[0]     ; 5.134 ; 5.429 ; 5.723 ; 5.970 ;
; KEY0       ; HEX4[1]     ; 5.046 ; 5.218 ; 5.587 ; 5.807 ;
; KEY0       ; HEX4[2]     ; 4.989 ; 5.090 ; 5.511 ; 5.679 ;
; KEY0       ; HEX4[3]     ; 5.127 ; 5.343 ; 5.678 ; 5.904 ;
; KEY0       ; HEX4[4]     ; 4.805 ; 5.061 ; 5.394 ; 5.583 ;
; KEY0       ; HEX4[5]     ; 4.928 ; 5.090 ; 5.478 ; 5.612 ;
; KEY0       ; HEX4[6]     ; 5.018 ; 5.239 ; 5.591 ; 5.761 ;
; KEY0       ; HEX5[0]     ; 5.126 ; 4.877 ; 5.648 ; 5.399 ;
; KEY0       ; HEX5[2]     ; 4.738 ; 4.886 ; 5.260 ; 5.618 ;
; KEY0       ; HEX5[3]     ; 5.060 ; 4.868 ; 5.582 ; 5.390 ;
; KEY0       ; HEX5[4]     ; 6.628 ; 7.475 ; 7.150 ; 7.997 ;
; KEY0       ; HEX5[5]     ; 6.070 ; 6.690 ; 6.592 ; 7.422 ;
; KEY0       ; HEX5[6]     ; 5.074 ; 4.797 ; 5.806 ; 5.319 ;
; KEY0       ; LED0        ; 5.143 ; 5.683 ; 5.732 ; 6.268 ;
; KEY0       ; LED1        ; 5.476 ; 6.134 ; 6.066 ; 6.741 ;
; KEY0       ; LED2        ; 6.442 ; 7.549 ; 7.137 ; 8.035 ;
; KEY0       ; LED3        ; 6.634 ; 7.512 ; 7.278 ; 8.342 ;
; KEY0       ; LED4        ; 4.806 ; 5.003 ; 5.328 ; 5.735 ;
; KEY0       ; LED5        ; 4.613 ; 5.000 ; 5.334 ; 5.468 ;
; KEY1       ; HEX4[0]     ; 5.062 ; 5.357 ; 5.639 ; 5.934 ;
; KEY1       ; HEX4[1]     ; 4.974 ; 5.146 ; 5.551 ; 5.723 ;
; KEY1       ; HEX4[2]     ; 4.969 ; 5.018 ; 5.592 ; 5.595 ;
; KEY1       ; HEX4[3]     ; 5.055 ; 5.271 ; 5.632 ; 5.848 ;
; KEY1       ; HEX4[4]     ; 4.733 ; 5.041 ; 5.310 ; 5.645 ;
; KEY1       ; HEX4[5]     ; 4.856 ; 5.070 ; 5.433 ; 5.693 ;
; KEY1       ; HEX4[6]     ; 4.946 ; 5.219 ; 5.523 ; 5.842 ;
; KEY1       ; HEX5[0]     ; 5.106 ; 4.857 ; 5.737 ; 5.488 ;
; KEY1       ; HEX5[2]     ; 4.718 ; 5.002 ; 5.349 ; 5.526 ;
; KEY1       ; HEX5[3]     ; 5.040 ; 4.848 ; 5.671 ; 5.479 ;
; KEY1       ; HEX5[4]     ; 6.608 ; 7.455 ; 7.239 ; 8.086 ;
; KEY1       ; HEX5[5]     ; 6.050 ; 6.885 ; 6.681 ; 7.330 ;
; KEY1       ; HEX5[6]     ; 5.269 ; 4.777 ; 5.714 ; 5.408 ;
; KEY1       ; LED0        ; 5.071 ; 5.610 ; 5.648 ; 6.185 ;
; KEY1       ; LED1        ; 5.425 ; 6.103 ; 6.024 ; 6.677 ;
; KEY1       ; LED2        ; 6.443 ; 7.486 ; 7.052 ; 8.062 ;
; KEY1       ; LED3        ; 6.593 ; 7.713 ; 7.169 ; 8.123 ;
; KEY1       ; LED4        ; 4.786 ; 5.198 ; 5.417 ; 5.643 ;
; KEY1       ; LED5        ; 4.792 ; 4.930 ; 5.223 ; 5.640 ;
; KEY2       ; HEX4[0]     ; 4.964 ; 5.259 ; 5.524 ; 5.819 ;
; KEY2       ; HEX4[1]     ; 4.876 ; 5.048 ; 5.436 ; 5.608 ;
; KEY2       ; HEX4[2]     ; 4.899 ; 4.920 ; 5.518 ; 5.480 ;
; KEY2       ; HEX4[3]     ; 4.957 ; 5.173 ; 5.517 ; 5.733 ;
; KEY2       ; HEX4[4]     ; 4.635 ; 4.971 ; 5.195 ; 5.553 ;
; KEY2       ; HEX4[5]     ; 4.758 ; 5.000 ; 5.318 ; 5.632 ;
; KEY2       ; HEX4[6]     ; 4.848 ; 5.149 ; 5.408 ; 5.773 ;
; KEY2       ; HEX5[0]     ; 5.036 ; 4.787 ; 5.697 ; 5.467 ;
; KEY2       ; HEX5[2]     ; 4.648 ; 4.968 ; 5.328 ; 5.410 ;
; KEY2       ; HEX5[3]     ; 4.970 ; 4.778 ; 5.631 ; 5.458 ;
; KEY2       ; HEX5[4]     ; 6.538 ; 7.385 ; 7.218 ; 8.046 ;
; KEY2       ; HEX5[5]     ; 5.980 ; 6.772 ; 6.660 ; 7.214 ;
; KEY2       ; HEX5[6]     ; 5.156 ; 4.707 ; 5.598 ; 5.387 ;
; KEY2       ; LED0        ; 4.973 ; 5.535 ; 5.533 ; 6.040 ;
; KEY2       ; LED1        ; 5.376 ; 6.048 ; 5.905 ; 6.575 ;
; KEY2       ; LED2        ; 6.436 ; 7.390 ; 6.924 ; 8.005 ;
; KEY2       ; LED3        ; 6.578 ; 7.499 ; 7.108 ; 8.202 ;
; KEY2       ; LED4        ; 4.716 ; 5.085 ; 5.396 ; 5.527 ;
; KEY2       ; LED5        ; 4.722 ; 4.874 ; 5.133 ; 5.524 ;
; KEY3       ; HEX4[0]     ; 4.854 ; 5.149 ; 5.376 ; 5.671 ;
; KEY3       ; HEX4[1]     ; 4.766 ; 4.938 ; 5.288 ; 5.460 ;
; KEY3       ; HEX4[2]     ; 4.831 ; 4.810 ; 5.402 ; 5.332 ;
; KEY3       ; HEX4[3]     ; 4.847 ; 5.063 ; 5.369 ; 5.585 ;
; KEY3       ; HEX4[4]     ; 4.525 ; 4.903 ; 5.047 ; 5.437 ;
; KEY3       ; HEX4[5]     ; 4.648 ; 4.932 ; 5.170 ; 5.533 ;
; KEY3       ; HEX4[6]     ; 4.738 ; 5.081 ; 5.260 ; 5.657 ;
; KEY3       ; HEX5[0]     ; 4.968 ; 4.719 ; 5.620 ; 5.396 ;
; KEY3       ; HEX5[2]     ; 4.580 ; 4.904 ; 5.257 ; 5.333 ;
; KEY3       ; HEX5[3]     ; 4.902 ; 4.710 ; 5.554 ; 5.387 ;
; KEY3       ; HEX5[4]     ; 6.470 ; 7.317 ; 7.147 ; 7.969 ;
; KEY3       ; HEX5[5]     ; 5.912 ; 6.708 ; 6.589 ; 7.137 ;
; KEY3       ; HEX5[6]     ; 5.092 ; 4.639 ; 5.521 ; 5.316 ;
; KEY3       ; LED0        ; 4.863 ; 5.426 ; 5.385 ; 5.924 ;
; KEY3       ; LED1        ; 5.354 ; 5.922 ; 5.748 ; 6.554 ;
; KEY3       ; LED2        ; 6.363 ; 7.367 ; 6.885 ; 7.886 ;
; KEY3       ; LED3        ; 6.514 ; 7.435 ; 7.036 ; 8.129 ;
; KEY3       ; LED4        ; 4.648 ; 5.021 ; 5.325 ; 5.450 ;
; KEY3       ; LED5        ; 4.535 ; 5.053 ; 5.387 ; 5.325 ;
; SW0        ; HEX4[0]     ; 5.141 ; 5.407 ; 5.729 ; 6.007 ;
; SW0        ; HEX4[1]     ; 5.024 ; 5.225 ; 5.624 ; 5.813 ;
; SW0        ; HEX4[2]     ; 4.948 ; 5.097 ; 5.548 ; 5.685 ;
; SW0        ; HEX4[3]     ; 5.115 ; 5.341 ; 5.715 ; 5.938 ;
; SW0        ; HEX4[4]     ; 4.812 ; 5.020 ; 5.400 ; 5.620 ;
; SW0        ; HEX4[5]     ; 4.915 ; 5.049 ; 5.515 ; 5.649 ;
; SW0        ; HEX4[6]     ; 5.025 ; 5.198 ; 5.613 ; 5.798 ;
; SW0        ; HEX5[0]     ; 5.085 ; 4.836 ; 5.685 ; 5.436 ;
; SW0        ; HEX5[2]     ; 4.697 ; 4.899 ; 5.297 ; 5.495 ;
; SW0        ; HEX5[3]     ; 5.019 ; 4.827 ; 5.619 ; 5.427 ;
; SW0        ; HEX5[4]     ; 6.587 ; 7.434 ; 7.187 ; 8.034 ;
; SW0        ; HEX5[5]     ; 6.029 ; 6.721 ; 6.629 ; 7.318 ;
; SW0        ; HEX5[6]     ; 5.105 ; 4.756 ; 5.702 ; 5.356 ;
; SW0        ; LED0        ; 5.150 ; 5.678 ; 5.738 ; 6.265 ;
; SW0        ; LED1        ; 5.626 ; 6.303 ; 6.209 ; 6.882 ;
; SW0        ; LED2        ; 6.340 ; 7.311 ; 6.936 ; 7.906 ;
; SW0        ; LED3        ; 6.810 ; 7.919 ; 7.358 ; 8.470 ;
; SW0        ; LED4        ; 4.765 ; 5.034 ; 5.365 ; 5.631 ;
; SW0        ; LED5        ; 4.700 ; 5.365 ; 5.674 ; 5.558 ;
; SW1        ; HEX4[0]     ; 5.210 ; 5.455 ; 5.797 ; 6.042 ;
; SW1        ; HEX4[1]     ; 5.072 ; 5.302 ; 5.659 ; 5.889 ;
; SW1        ; HEX4[2]     ; 4.996 ; 5.173 ; 5.583 ; 5.760 ;
; SW1        ; HEX4[3]     ; 5.163 ; 5.389 ; 5.750 ; 5.976 ;
; SW1        ; HEX4[4]     ; 4.890 ; 5.068 ; 5.477 ; 5.655 ;
; SW1        ; HEX4[5]     ; 4.963 ; 5.097 ; 5.550 ; 5.684 ;
; SW1        ; HEX4[6]     ; 5.076 ; 5.246 ; 5.663 ; 5.833 ;
; SW1        ; HEX5[0]     ; 5.133 ; 4.884 ; 5.720 ; 5.471 ;
; SW1        ; HEX5[2]     ; 4.745 ; 4.965 ; 5.332 ; 5.549 ;
; SW1        ; HEX5[3]     ; 5.067 ; 4.875 ; 5.654 ; 5.462 ;
; SW1        ; HEX5[4]     ; 6.635 ; 7.482 ; 7.222 ; 8.069 ;
; SW1        ; HEX5[5]     ; 6.077 ; 6.769 ; 6.664 ; 7.353 ;
; SW1        ; HEX5[6]     ; 5.153 ; 4.804 ; 5.737 ; 5.391 ;
; SW1        ; LED0        ;       ; 6.152 ; 6.121 ;       ;
; SW1        ; LED1        ; 5.484 ; 6.201 ; 6.082 ; 6.733 ;
; SW1        ; LED2        ; 6.419 ; 7.401 ; 7.004 ; 7.984 ;
; SW1        ; LED3        ; 6.769 ; 7.878 ; 7.340 ; 8.449 ;
; SW1        ; LED4        ; 4.813 ; 5.082 ; 5.400 ; 5.666 ;
; SW1        ; LED5        ; 4.748 ; 5.324 ; 5.624 ; 5.593 ;
; SW2        ; HEX4[0]     ; 5.440 ; 5.685 ; 6.154 ; 6.399 ;
; SW2        ; HEX4[1]     ; 5.302 ; 5.532 ; 6.016 ; 6.246 ;
; SW2        ; HEX4[2]     ; 5.226 ; 5.403 ; 5.940 ; 6.117 ;
; SW2        ; HEX4[3]     ; 5.393 ; 5.619 ; 6.107 ; 6.333 ;
; SW2        ; HEX4[4]     ; 5.120 ; 5.298 ; 5.834 ; 6.012 ;
; SW2        ; HEX4[5]     ; 5.193 ; 5.327 ; 5.907 ; 6.041 ;
; SW2        ; HEX4[6]     ; 5.306 ; 5.476 ; 6.020 ; 6.190 ;
; SW2        ; HEX5[0]     ; 5.363 ; 5.114 ; 6.077 ; 5.828 ;
; SW2        ; HEX5[2]     ; 4.975 ; 5.195 ; 5.689 ; 5.906 ;
; SW2        ; HEX5[3]     ; 5.297 ; 5.105 ; 6.011 ; 5.819 ;
; SW2        ; HEX5[4]     ; 6.865 ; 7.712 ; 7.579 ; 8.426 ;
; SW2        ; HEX5[5]     ; 6.307 ; 6.999 ; 7.021 ; 7.710 ;
; SW2        ; HEX5[6]     ; 5.383 ; 5.034 ; 6.094 ; 5.748 ;
; SW2        ; LED0        ;       ; 6.381 ; 6.409 ;       ;
; SW2        ; LED2        ; 6.697 ; 7.688 ; 7.370 ; 8.349 ;
; SW2        ; LED3        ; 7.032 ; 8.141 ; 7.688 ; 8.797 ;
; SW2        ; LED4        ; 5.043 ; 5.312 ; 5.757 ; 6.023 ;
; SW2        ; LED5        ; 4.978 ; 5.587 ; 5.972 ; 5.950 ;
; SW3        ; HEX4[0]     ; 5.322 ; 5.567 ; 5.948 ; 6.193 ;
; SW3        ; HEX4[1]     ; 5.184 ; 5.414 ; 5.810 ; 6.040 ;
; SW3        ; HEX4[2]     ; 5.108 ; 5.285 ; 5.734 ; 5.911 ;
; SW3        ; HEX4[3]     ; 5.275 ; 5.501 ; 5.901 ; 6.127 ;
; SW3        ; HEX4[4]     ; 5.002 ; 5.180 ; 5.628 ; 5.806 ;
; SW3        ; HEX4[5]     ; 5.075 ; 5.209 ; 5.701 ; 5.835 ;
; SW3        ; HEX4[6]     ; 5.188 ; 5.358 ; 5.814 ; 5.984 ;
; SW3        ; HEX5[0]     ; 5.245 ; 4.996 ; 5.871 ; 5.622 ;
; SW3        ; HEX5[2]     ; 4.857 ; 5.077 ; 5.483 ; 5.700 ;
; SW3        ; HEX5[3]     ; 5.179 ; 4.987 ; 5.805 ; 5.613 ;
; SW3        ; HEX5[4]     ; 6.747 ; 7.594 ; 7.373 ; 8.220 ;
; SW3        ; HEX5[5]     ; 6.189 ; 6.881 ; 6.815 ; 7.504 ;
; SW3        ; HEX5[6]     ; 5.265 ; 4.916 ; 5.888 ; 5.542 ;
; SW3        ; LED0        ;       ; 6.115 ; 6.121 ;       ;
; SW3        ; LED3        ; 6.654 ; 7.753 ; 7.265 ; 8.361 ;
; SW3        ; LED4        ; 4.925 ; 5.194 ; 5.551 ; 5.817 ;
; SW3        ; LED5        ; 4.704 ; 5.387 ; 5.728 ; 5.624 ;
; SW4        ; HEX4[0]     ; 4.939 ; 5.184 ; 5.532 ; 5.777 ;
; SW4        ; HEX4[1]     ; 4.801 ; 5.031 ; 5.394 ; 5.624 ;
; SW4        ; HEX4[2]     ; 4.725 ; 4.902 ; 5.318 ; 5.495 ;
; SW4        ; HEX4[3]     ; 4.892 ; 5.118 ; 5.485 ; 5.711 ;
; SW4        ; HEX4[4]     ; 4.619 ; 4.797 ; 5.212 ; 5.390 ;
; SW4        ; HEX4[5]     ; 4.692 ; 4.826 ; 5.285 ; 5.419 ;
; SW4        ; HEX4[6]     ; 4.805 ; 4.975 ; 5.398 ; 5.568 ;
; SW4        ; HEX5[0]     ; 4.862 ; 4.613 ; 5.455 ; 5.206 ;
; SW4        ; HEX5[2]     ; 4.474 ; 4.682 ; 5.067 ; 5.274 ;
; SW4        ; HEX5[3]     ; 4.796 ; 4.604 ; 5.389 ; 5.197 ;
; SW4        ; HEX5[4]     ; 6.364 ; 7.211 ; 6.957 ; 7.804 ;
; SW4        ; HEX5[5]     ; 5.806 ; 6.486 ; 6.399 ; 7.078 ;
; SW4        ; HEX5[6]     ; 4.870 ; 4.533 ; 5.462 ; 5.126 ;
; SW4        ; LED0        ;       ; 6.184 ; 6.180 ;       ;
; SW4        ; LED4        ; 4.542 ; 4.799 ; 5.135 ; 5.391 ;
; SW4        ; LED5        ; 4.641 ; 5.397 ; 5.718 ; 5.500 ;
; SW5        ; HEX4[0]     ; 5.275 ; 5.570 ; 6.064 ; 6.309 ;
; SW5        ; HEX4[1]     ; 5.187 ; 5.359 ; 5.926 ; 6.152 ;
; SW5        ; HEX4[2]     ; 5.255 ; 5.231 ; 5.850 ; 6.024 ;
; SW5        ; HEX4[3]     ; 5.268 ; 5.484 ; 6.017 ; 6.243 ;
; SW5        ; HEX4[4]     ; 4.946 ; 5.327 ; 5.739 ; 5.922 ;
; SW5        ; HEX4[5]     ; 5.069 ; 5.356 ; 5.817 ; 5.951 ;
; SW5        ; HEX4[6]     ; 5.159 ; 5.505 ; 5.930 ; 6.100 ;
; SW5        ; HEX5[0]     ; 5.392 ; 5.143 ; 5.987 ; 5.738 ;
; SW5        ; HEX5[2]     ; 5.004 ; 5.220 ; 5.599 ; 5.815 ;
; SW5        ; HEX5[3]     ; 5.326 ; 5.134 ; 5.921 ; 5.729 ;
; SW5        ; HEX5[4]     ; 6.894 ; 7.741 ; 7.489 ; 8.336 ;
; SW5        ; HEX5[5]     ; 6.336 ; 7.024 ; 6.931 ; 7.619 ;
; SW5        ; HEX5[6]     ; 5.408 ; 5.063 ; 6.003 ; 5.658 ;
; SW5        ; LED0        ; 5.284 ; 6.029 ; 6.077 ; 6.409 ;
; SW5        ; LED1        ; 5.931 ; 6.606 ; 6.519 ; 7.194 ;
; SW5        ; LED2        ; 6.760 ; 7.755 ; 7.351 ; 8.344 ;
; SW5        ; LED3        ; 6.880 ; 7.989 ; 7.464 ; 8.573 ;
; SW5        ; LED4        ; 5.072 ; 5.337 ; 5.667 ; 5.932 ;
; SW5        ; LED5        ; 5.168 ; 5.435 ; 5.748 ; 6.015 ;
; SW6        ; HEX4[0]     ; 5.391 ; 5.636 ; 5.958 ; 6.203 ;
; SW6        ; HEX4[1]     ; 5.253 ; 5.483 ; 5.820 ; 6.050 ;
; SW6        ; HEX4[2]     ; 5.177 ; 5.354 ; 5.744 ; 5.921 ;
; SW6        ; HEX4[3]     ; 5.344 ; 5.570 ; 5.911 ; 6.137 ;
; SW6        ; HEX4[4]     ; 5.071 ; 5.249 ; 5.638 ; 5.816 ;
; SW6        ; HEX4[5]     ; 5.144 ; 5.278 ; 5.711 ; 5.845 ;
; SW6        ; HEX4[6]     ; 5.257 ; 5.427 ; 5.824 ; 5.994 ;
; SW6        ; HEX5[0]     ; 5.314 ; 5.065 ; 5.881 ; 5.632 ;
; SW6        ; HEX5[2]     ; 4.926 ; 5.086 ; 5.493 ; 5.709 ;
; SW6        ; HEX5[3]     ; 5.248 ; 5.056 ; 5.815 ; 5.623 ;
; SW6        ; HEX5[4]     ; 6.816 ; 7.663 ; 7.383 ; 8.230 ;
; SW6        ; HEX5[5]     ; 6.258 ; 6.946 ; 6.825 ; 7.513 ;
; SW6        ; HEX5[6]     ; 5.330 ; 4.985 ; 5.897 ; 5.552 ;
; SW6        ; LED0        ; 5.426 ;       ;       ; 6.590 ;
; SW6        ; LED1        ; 5.370 ; 6.340 ; 6.235 ; 6.593 ;
; SW6        ; LED2        ; 6.682 ; 7.677 ; 7.245 ; 8.238 ;
; SW6        ; LED3        ; 6.802 ; 7.911 ; 7.358 ; 8.467 ;
; SW6        ; LED4        ; 4.994 ; 5.259 ; 5.561 ; 5.826 ;
; SW6        ; LED5        ; 5.090 ; 5.357 ; 5.642 ; 5.909 ;
; SW7        ; HEX4[0]     ; 5.351 ; 5.596 ; 5.924 ; 6.169 ;
; SW7        ; HEX4[1]     ; 5.213 ; 5.413 ; 5.786 ; 6.016 ;
; SW7        ; HEX4[2]     ; 5.137 ; 5.284 ; 5.710 ; 5.887 ;
; SW7        ; HEX4[3]     ; 5.304 ; 5.530 ; 5.877 ; 6.103 ;
; SW7        ; HEX4[4]     ; 5.031 ; 5.179 ; 5.604 ; 5.782 ;
; SW7        ; HEX4[5]     ; 5.104 ; 5.238 ; 5.677 ; 5.811 ;
; SW7        ; HEX4[6]     ; 5.217 ; 5.387 ; 5.790 ; 5.960 ;
; SW7        ; HEX5[0]     ; 5.274 ; 5.025 ; 5.847 ; 5.598 ;
; SW7        ; HEX5[2]     ; 4.842 ; 4.934 ; 5.459 ; 5.595 ;
; SW7        ; HEX5[3]     ; 5.208 ; 5.016 ; 5.781 ; 5.589 ;
; SW7        ; HEX5[4]     ; 6.776 ; 7.590 ; 7.349 ; 8.196 ;
; SW7        ; HEX5[5]     ; 6.218 ; 6.906 ; 6.791 ; 7.479 ;
; SW7        ; HEX5[6]     ; 5.290 ; 4.945 ; 5.863 ; 5.518 ;
; SW7        ; LED0        ; 5.586 ;       ;       ; 6.764 ;
; SW7        ; LED2        ; 6.375 ; 7.478 ; 7.036 ; 7.936 ;
; SW7        ; LED3        ; 6.762 ; 7.871 ; 7.324 ; 8.433 ;
; SW7        ; LED4        ; 4.954 ; 5.219 ; 5.527 ; 5.792 ;
; SW7        ; LED5        ; 5.050 ; 5.317 ; 5.608 ; 5.875 ;
; SW8        ; HEX4[0]     ; 5.231 ; 5.476 ; 5.766 ; 6.011 ;
; SW8        ; HEX4[1]     ; 5.093 ; 5.299 ; 5.628 ; 5.834 ;
; SW8        ; HEX4[2]     ; 5.017 ; 5.170 ; 5.552 ; 5.705 ;
; SW8        ; HEX4[3]     ; 5.184 ; 5.410 ; 5.719 ; 5.945 ;
; SW8        ; HEX4[4]     ; 4.911 ; 5.065 ; 5.446 ; 5.600 ;
; SW8        ; HEX4[5]     ; 4.984 ; 5.118 ; 5.519 ; 5.653 ;
; SW8        ; HEX4[6]     ; 5.097 ; 5.267 ; 5.632 ; 5.802 ;
; SW8        ; HEX5[0]     ; 5.168 ; 4.919 ; 5.711 ; 5.462 ;
; SW8        ; HEX5[2]     ; 4.780 ; 4.955 ; 5.323 ; 5.490 ;
; SW8        ; HEX5[3]     ; 5.102 ; 4.910 ; 5.645 ; 5.453 ;
; SW8        ; HEX5[4]     ; 6.670 ; 7.517 ; 7.213 ; 8.060 ;
; SW8        ; HEX5[5]     ; 6.112 ; 6.800 ; 6.655 ; 7.343 ;
; SW8        ; HEX5[6]     ; 5.184 ; 4.839 ; 5.727 ; 5.382 ;
; SW8        ; LED0        ; 5.268 ;       ;       ; 6.440 ;
; SW8        ; LED3        ; 6.439 ; 7.558 ; 6.974 ; 8.109 ;
; SW8        ; LED4        ; 4.848 ; 5.113 ; 5.391 ; 5.656 ;
; SW8        ; LED5        ; 4.944 ; 5.211 ; 5.472 ; 5.739 ;
; SW9        ; HEX4[0]     ; 5.064 ; 5.309 ; 5.606 ; 5.851 ;
; SW9        ; HEX4[1]     ; 4.926 ; 5.156 ; 5.468 ; 5.698 ;
; SW9        ; HEX4[2]     ; 4.850 ; 5.027 ; 5.392 ; 5.569 ;
; SW9        ; HEX4[3]     ; 5.017 ; 5.243 ; 5.559 ; 5.785 ;
; SW9        ; HEX4[4]     ; 4.744 ; 4.922 ; 5.286 ; 5.464 ;
; SW9        ; HEX4[5]     ; 4.817 ; 4.951 ; 5.359 ; 5.493 ;
; SW9        ; HEX4[6]     ; 4.930 ; 5.100 ; 5.472 ; 5.642 ;
; SW9        ; HEX5[0]     ; 4.987 ; 4.738 ; 5.529 ; 5.280 ;
; SW9        ; HEX5[2]     ; 4.599 ; 4.832 ; 5.141 ; 5.382 ;
; SW9        ; HEX5[3]     ; 4.921 ; 4.729 ; 5.463 ; 5.271 ;
; SW9        ; HEX5[4]     ; 6.489 ; 7.336 ; 7.031 ; 7.878 ;
; SW9        ; HEX5[5]     ; 5.931 ; 6.636 ; 6.473 ; 7.186 ;
; SW9        ; HEX5[6]     ; 5.020 ; 4.658 ; 5.570 ; 5.200 ;
; SW9        ; LED0        ; 5.319 ;       ;       ; 6.466 ;
; SW9        ; LED4        ; 4.667 ; 4.949 ; 5.209 ; 5.499 ;
; SW9        ; LED5        ; 4.930 ; 5.197 ; 5.464 ; 5.731 ;
+------------+-------------+-------+-------+-------+-------+


----------------------------------------------
; Fast 1100mV 85C Model Metastability Report ;
----------------------------------------------
No synchronizer chains to report.


--------------------------------------
; Fast 1100mV 0C Model Setup Summary ;
--------------------------------------
No paths to report.


-------------------------------------
; Fast 1100mV 0C Model Hold Summary ;
-------------------------------------
No paths to report.


-----------------------------------------
; Fast 1100mV 0C Model Recovery Summary ;
-----------------------------------------
No paths to report.


----------------------------------------
; Fast 1100mV 0C Model Removal Summary ;
----------------------------------------
No paths to report.


----------------------------------------------------
; Fast 1100mV 0C Model Minimum Pulse Width Summary ;
----------------------------------------------------
No paths to report.


+----------------------------------------------------------+
; Propagation Delay                                        ;
+------------+-------------+-------+-------+-------+-------+
; Input Port ; Output Port ; RR    ; RF    ; FR    ; FF    ;
+------------+-------------+-------+-------+-------+-------+
; KEY0       ; HEX4[0]     ; 6.728 ; 6.974 ; 7.423 ; 7.669 ;
; KEY0       ; HEX4[1]     ; 6.543 ; 6.732 ; 7.238 ; 7.427 ;
; KEY0       ; HEX4[2]     ; 6.442 ; 6.564 ; 7.137 ; 7.259 ;
; KEY0       ; HEX4[3]     ; 6.659 ; 6.901 ; 7.354 ; 7.596 ;
; KEY0       ; HEX4[4]     ; 6.332 ; 6.459 ; 7.027 ; 7.154 ;
; KEY0       ; HEX4[5]     ; 6.412 ; 6.528 ; 7.107 ; 7.223 ;
; KEY0       ; HEX4[6]     ; 6.521 ; 6.685 ; 7.216 ; 7.380 ;
; KEY0       ; HEX5[0]     ; 6.385 ; 6.190 ; 7.080 ; 6.885 ;
; KEY0       ; HEX5[2]     ; 5.955 ; 6.032 ; 6.650 ; 6.727 ;
; KEY0       ; HEX5[3]     ; 6.319 ; 6.184 ; 7.014 ; 6.879 ;
; KEY0       ; HEX5[4]     ; 8.057 ; 8.864 ; 8.752 ; 9.559 ;
; KEY0       ; HEX5[5]     ; 7.028 ; 7.943 ; 7.791 ; 8.638 ;
; KEY0       ; HEX5[6]     ; 6.290 ; 5.720 ; 6.985 ; 6.516 ;
; KEY0       ; LED0        ; 5.487 ; 6.040 ; 6.160 ; 6.729 ;
; KEY0       ; LED1        ; 5.877 ; 6.568 ; 6.523 ; 7.312 ;
; KEY0       ; LED2        ; 7.184 ; 8.350 ; 7.879 ; 9.045 ;
; KEY0       ; LED3        ; 7.099 ; 8.337 ; 8.040 ; 9.028 ;
; KEY0       ; LED4        ; 5.292 ; 5.592 ; 5.987 ; 6.287 ;
; KEY0       ; LED5        ; 4.983 ; 5.243 ; 5.735 ; 5.999 ;
; KEY1       ; HEX4[0]     ; 6.704 ; 6.950 ; 7.350 ; 7.596 ;
; KEY1       ; HEX4[1]     ; 6.518 ; 6.708 ; 7.164 ; 7.354 ;
; KEY1       ; HEX4[2]     ; 6.389 ; 6.551 ; 7.040 ; 7.197 ;
; KEY1       ; HEX4[3]     ; 6.639 ; 6.879 ; 7.285 ; 7.525 ;
; KEY1       ; HEX4[4]     ; 6.313 ; 6.438 ; 6.959 ; 7.084 ;
; KEY1       ; HEX4[5]     ; 6.359 ; 6.515 ; 7.010 ; 7.161 ;
; KEY1       ; HEX4[6]     ; 6.502 ; 6.663 ; 7.148 ; 7.309 ;
; KEY1       ; HEX5[0]     ; 6.332 ; 6.137 ; 6.983 ; 6.788 ;
; KEY1       ; HEX5[2]     ; 5.929 ; 5.979 ; 6.575 ; 6.630 ;
; KEY1       ; HEX5[3]     ; 6.266 ; 6.131 ; 6.917 ; 6.782 ;
; KEY1       ; HEX5[4]     ; 8.004 ; 8.834 ; 8.655 ; 9.480 ;
; KEY1       ; HEX5[5]     ; 7.146 ; 7.895 ; 7.626 ; 8.541 ;
; KEY1       ; HEX5[6]     ; 6.237 ; 5.871 ; 6.888 ; 6.318 ;
; KEY1       ; LED0        ; 5.340 ; 5.879 ; 5.985 ; 6.500 ;
; KEY1       ; LED1        ; 5.921 ; 6.667 ; 6.572 ; 7.313 ;
; KEY1       ; LED2        ; 7.200 ; 8.297 ; 7.782 ; 8.948 ;
; KEY1       ; LED3        ; 7.395 ; 8.286 ; 7.716 ; 8.840 ;
; KEY1       ; LED4        ; 5.239 ; 5.539 ; 5.890 ; 6.190 ;
; KEY1       ; LED5        ; 5.090 ; 5.354 ; 5.668 ; 5.928 ;
; KEY2       ; HEX4[0]     ; 6.591 ; 6.837 ; 7.216 ; 7.462 ;
; KEY2       ; HEX4[1]     ; 6.405 ; 6.595 ; 7.030 ; 7.220 ;
; KEY2       ; HEX4[2]     ; 6.271 ; 6.438 ; 6.896 ; 7.063 ;
; KEY2       ; HEX4[3]     ; 6.526 ; 6.766 ; 7.151 ; 7.391 ;
; KEY2       ; HEX4[4]     ; 6.200 ; 6.325 ; 6.825 ; 6.950 ;
; KEY2       ; HEX4[5]     ; 6.241 ; 6.402 ; 6.866 ; 7.027 ;
; KEY2       ; HEX4[6]     ; 6.389 ; 6.550 ; 7.014 ; 7.175 ;
; KEY2       ; HEX5[0]     ; 6.196 ; 6.009 ; 6.662 ; 6.634 ;
; KEY2       ; HEX5[2]     ; 5.816 ; 5.843 ; 6.441 ; 6.311 ;
; KEY2       ; HEX5[3]     ; 6.130 ; 6.003 ; 6.596 ; 6.628 ;
; KEY2       ; HEX5[4]     ; 7.868 ; 8.721 ; 8.334 ; 9.346 ;
; KEY2       ; HEX5[5]     ; 6.872 ; 7.782 ; 7.658 ; 8.407 ;
; KEY2       ; HEX5[6]     ; 6.101 ; 5.471 ; 6.567 ; 6.383 ;
; KEY2       ; LED0        ; 5.358 ; 5.885 ; 5.946 ; 6.470 ;
; KEY2       ; LED1        ; 5.841 ; 6.554 ; 6.377 ; 7.179 ;
; KEY2       ; LED2        ; 6.878 ; 8.161 ; 7.712 ; 8.627 ;
; KEY2       ; LED3        ; 6.995 ; 8.175 ; 7.907 ; 8.798 ;
; KEY2       ; LED4        ; 4.980 ; 5.280 ; 5.570 ; 5.869 ;
; KEY2       ; LED5        ; 4.947 ; 5.207 ; 5.602 ; 5.866 ;
; KEY3       ; HEX4[0]     ; 6.496 ; 6.742 ; 7.143 ; 7.389 ;
; KEY3       ; HEX4[1]     ; 6.310 ; 6.500 ; 6.957 ; 7.147 ;
; KEY3       ; HEX4[2]     ; 6.188 ; 6.343 ; 6.823 ; 6.990 ;
; KEY3       ; HEX4[3]     ; 6.431 ; 6.671 ; 7.078 ; 7.318 ;
; KEY3       ; HEX4[4]     ; 6.105 ; 6.230 ; 6.752 ; 6.877 ;
; KEY3       ; HEX4[5]     ; 6.158 ; 6.307 ; 6.793 ; 6.954 ;
; KEY3       ; HEX4[6]     ; 6.294 ; 6.455 ; 6.941 ; 7.102 ;
; KEY3       ; HEX5[0]     ; 6.131 ; 5.936 ; 6.659 ; 6.561 ;
; KEY3       ; HEX5[2]     ; 5.721 ; 5.778 ; 6.368 ; 6.306 ;
; KEY3       ; HEX5[3]     ; 6.065 ; 5.930 ; 6.593 ; 6.555 ;
; KEY3       ; HEX5[4]     ; 7.803 ; 8.626 ; 8.331 ; 9.273 ;
; KEY3       ; HEX5[5]     ; 6.807 ; 7.689 ; 7.585 ; 8.334 ;
; KEY3       ; HEX5[6]     ; 6.036 ; 5.406 ; 6.564 ; 6.310 ;
; KEY3       ; LED0        ; 5.278 ; 5.802 ; 5.854 ; 6.380 ;
; KEY3       ; LED1        ; 5.776 ; 6.459 ; 6.294 ; 7.106 ;
; KEY3       ; LED2        ; 6.858 ; 8.096 ; 7.639 ; 8.624 ;
; KEY3       ; LED3        ; 6.930 ; 8.108 ; 7.834 ; 8.725 ;
; KEY3       ; LED4        ; 4.966 ; 5.243 ; 5.566 ; 5.866 ;
; KEY3       ; LED5        ; 4.882 ; 5.142 ; 5.529 ; 5.793 ;
; SW0        ; HEX4[0]     ; 7.072 ; 7.318 ; 7.705 ; 7.951 ;
; SW0        ; HEX4[1]     ; 6.886 ; 7.076 ; 7.519 ; 7.709 ;
; SW0        ; HEX4[2]     ; 6.752 ; 6.919 ; 7.385 ; 7.552 ;
; SW0        ; HEX4[3]     ; 7.007 ; 7.247 ; 7.640 ; 7.880 ;
; SW0        ; HEX4[4]     ; 6.681 ; 6.806 ; 7.314 ; 7.439 ;
; SW0        ; HEX4[5]     ; 6.722 ; 6.883 ; 7.355 ; 7.516 ;
; SW0        ; HEX4[6]     ; 6.870 ; 7.031 ; 7.503 ; 7.664 ;
; SW0        ; HEX5[0]     ; 6.454 ; 6.490 ; 7.090 ; 7.123 ;
; SW0        ; HEX5[2]     ; 6.297 ; 6.109 ; 6.930 ; 6.745 ;
; SW0        ; HEX5[3]     ; 6.388 ; 6.484 ; 7.024 ; 7.117 ;
; SW0        ; HEX5[4]     ; 8.119 ; 9.202 ; 8.755 ; 9.835 ;
; SW0        ; HEX5[5]     ; 7.349 ; 8.263 ; 7.982 ; 8.896 ;
; SW0        ; HEX5[6]     ; 6.359 ; 5.854 ; 6.995 ; 6.493 ;
; SW0        ; LED0        ; 5.764 ; 6.449 ; 6.476 ; 7.037 ;
; SW0        ; LED1        ; 6.318 ; 7.035 ; 6.951 ; 7.668 ;
; SW0        ; LED2        ; 7.195 ; 8.323 ; 7.830 ; 8.960 ;
; SW0        ; LED3        ; 7.378 ; 8.602 ; 8.017 ; 9.238 ;
; SW0        ; LED4        ; 5.324 ; 5.585 ; 5.963 ; 6.221 ;
; SW0        ; LED5        ; 5.326 ; 5.586 ; 5.953 ; 6.213 ;
; SW1        ; HEX4[0]     ; 6.878 ; 7.124 ; 7.528 ; 7.774 ;
; SW1        ; HEX4[1]     ; 6.692 ; 6.882 ; 7.342 ; 7.532 ;
; SW1        ; HEX4[2]     ; 6.558 ; 6.725 ; 7.208 ; 7.375 ;
; SW1        ; HEX4[3]     ; 6.813 ; 7.053 ; 7.463 ; 7.703 ;
; SW1        ; HEX4[4]     ; 6.487 ; 6.612 ; 7.137 ; 7.262 ;
; SW1        ; HEX4[5]     ; 6.528 ; 6.689 ; 7.178 ; 7.339 ;
; SW1        ; HEX4[6]     ; 6.676 ; 6.837 ; 7.326 ; 7.487 ;
; SW1        ; HEX5[0]     ; 6.484 ; 6.296 ; 7.137 ; 6.946 ;
; SW1        ; HEX5[2]     ; 6.103 ; 6.139 ; 6.753 ; 6.792 ;
; SW1        ; HEX5[3]     ; 6.418 ; 6.290 ; 7.071 ; 6.940 ;
; SW1        ; HEX5[4]     ; 8.149 ; 9.008 ; 8.802 ; 9.658 ;
; SW1        ; HEX5[5]     ; 7.120 ; 8.069 ; 7.775 ; 8.719 ;
; SW1        ; HEX5[6]     ; 6.389 ; 5.845 ; 7.042 ; 6.500 ;
; SW1        ; LED0        ;       ; 6.375 ; 6.442 ;       ;
; SW1        ; LED1        ; 6.078 ; 6.841 ; 6.730 ; 7.491 ;
; SW1        ; LED2        ; 7.136 ; 8.264 ; 7.770 ; 8.900 ;
; SW1        ; LED3        ; 7.369 ; 8.632 ; 8.024 ; 9.285 ;
; SW1        ; LED4        ; 5.268 ; 5.529 ; 5.920 ; 6.178 ;
; SW1        ; LED5        ; 5.267 ; 5.527 ; 5.893 ; 6.153 ;
; SW2        ; HEX4[0]     ; 7.074 ; 7.323 ; 7.816 ; 8.065 ;
; SW2        ; HEX4[1]     ; 6.887 ; 7.081 ; 7.629 ; 7.823 ;
; SW2        ; HEX4[2]     ; 6.789 ; 6.918 ; 7.531 ; 7.660 ;
; SW2        ; HEX4[3]     ; 7.006 ; 7.248 ; 7.748 ; 7.990 ;
; SW2        ; HEX4[4]     ; 6.680 ; 6.806 ; 7.422 ; 7.548 ;
; SW2        ; HEX4[5]     ; 6.759 ; 6.882 ; 7.501 ; 7.624 ;
; SW2        ; HEX4[6]     ; 6.869 ; 7.032 ; 7.611 ; 7.774 ;
; SW2        ; HEX5[0]     ; 6.736 ; 6.534 ; 7.478 ; 7.276 ;
; SW2        ; HEX5[2]     ; 6.307 ; 6.391 ; 7.049 ; 7.133 ;
; SW2        ; HEX5[3]     ; 6.670 ; 6.528 ; 7.412 ; 7.270 ;
; SW2        ; HEX5[4]     ; 8.401 ; 9.215 ; 9.143 ; 9.957 ;
; SW2        ; HEX5[5]     ; 7.339 ; 8.304 ; 8.129 ; 9.046 ;
; SW2        ; HEX5[6]     ; 6.641 ; 6.064 ; 7.383 ; 6.854 ;
; SW2        ; LED0        ;       ; 6.603 ; 6.750 ;       ;
; SW2        ; LED2        ; 7.300 ; 8.393 ; 8.042 ; 9.170 ;
; SW2        ; LED3        ; 7.588 ; 8.884 ; 8.378 ; 9.626 ;
; SW2        ; LED4        ; 5.491 ; 5.752 ; 6.263 ; 6.521 ;
; SW2        ; LED5        ; 5.491 ; 5.751 ; 6.214 ; 6.474 ;
; SW3        ; HEX4[0]     ; 6.762 ; 7.011 ; 7.467 ; 7.716 ;
; SW3        ; HEX4[1]     ; 6.575 ; 6.769 ; 7.280 ; 7.474 ;
; SW3        ; HEX4[2]     ; 6.477 ; 6.606 ; 7.182 ; 7.311 ;
; SW3        ; HEX4[3]     ; 6.694 ; 6.936 ; 7.399 ; 7.641 ;
; SW3        ; HEX4[4]     ; 6.368 ; 6.494 ; 7.073 ; 7.199 ;
; SW3        ; HEX4[5]     ; 6.447 ; 6.570 ; 7.152 ; 7.275 ;
; SW3        ; HEX4[6]     ; 6.557 ; 6.720 ; 7.262 ; 7.425 ;
; SW3        ; HEX5[0]     ; 6.424 ; 6.222 ; 7.129 ; 6.927 ;
; SW3        ; HEX5[2]     ; 5.995 ; 6.079 ; 6.700 ; 6.784 ;
; SW3        ; HEX5[3]     ; 6.358 ; 6.216 ; 7.063 ; 6.921 ;
; SW3        ; HEX5[4]     ; 8.089 ; 8.903 ; 8.794 ; 9.608 ;
; SW3        ; HEX5[5]     ; 7.061 ; 7.992 ; 7.771 ; 8.697 ;
; SW3        ; HEX5[6]     ; 6.329 ; 5.786 ; 7.034 ; 6.496 ;
; SW3        ; LED0        ;       ; 6.341 ; 6.447 ;       ;
; SW3        ; LED3        ; 7.310 ; 8.572 ; 8.020 ; 9.277 ;
; SW3        ; LED4        ; 5.302 ; 5.599 ; 5.967 ; 6.262 ;
; SW3        ; LED5        ; 5.362 ; 5.622 ; 6.018 ; 6.278 ;
; SW4        ; HEX4[0]     ; 6.310 ; 6.548 ; 6.840 ; 7.088 ;
; SW4        ; HEX4[1]     ; 6.147 ; 6.377 ; 6.654 ; 6.846 ;
; SW4        ; HEX4[2]     ; 6.021 ; 6.007 ; 6.556 ; 6.670 ;
; SW4        ; HEX4[3]     ; 6.260 ; 6.541 ; 6.773 ; 7.015 ;
; SW4        ; HEX4[4]     ; 5.783 ; 6.028 ; 6.446 ; 6.573 ;
; SW4        ; HEX4[5]     ; 5.863 ; 6.177 ; 6.526 ; 6.634 ;
; SW4        ; HEX4[6]     ; 5.972 ; 6.311 ; 6.635 ; 6.799 ;
; SW4        ; HEX5[0]     ; 5.774 ; 5.587 ; 6.437 ; 6.250 ;
; SW4        ; HEX5[2]     ; 5.272 ; 5.538 ; 5.933 ; 6.201 ;
; SW4        ; HEX5[3]     ; 5.708 ; 5.581 ; 6.371 ; 6.244 ;
; SW4        ; HEX5[4]     ; 7.491 ; 8.289 ; 8.154 ; 8.952 ;
; SW4        ; HEX5[5]     ; 6.655 ; 7.347 ; 7.316 ; 8.010 ;
; SW4        ; HEX5[6]     ; 5.687 ; 5.337 ; 6.350 ; 5.998 ;
; SW4        ; LED0        ;       ; 6.424 ; 6.534 ;       ;
; SW4        ; LED4        ; 5.263 ; 5.538 ; 5.924 ; 6.201 ;
; SW4        ; LED5        ; 5.388 ; 5.648 ; 6.019 ; 6.279 ;
; SW5        ; HEX4[0]     ; 7.164 ; 7.410 ; 7.800 ; 8.046 ;
; SW5        ; HEX4[1]     ; 6.978 ; 7.168 ; 7.614 ; 7.804 ;
; SW5        ; HEX4[2]     ; 6.844 ; 7.011 ; 7.480 ; 7.647 ;
; SW5        ; HEX4[3]     ; 7.099 ; 7.339 ; 7.735 ; 7.975 ;
; SW5        ; HEX4[4]     ; 6.773 ; 6.898 ; 7.409 ; 7.534 ;
; SW5        ; HEX4[5]     ; 6.814 ; 6.975 ; 7.450 ; 7.611 ;
; SW5        ; HEX4[6]     ; 6.962 ; 7.123 ; 7.598 ; 7.759 ;
; SW5        ; HEX5[0]     ; 6.454 ; 6.582 ; 7.090 ; 7.218 ;
; SW5        ; HEX5[2]     ; 6.389 ; 6.109 ; 7.025 ; 6.742 ;
; SW5        ; HEX5[3]     ; 6.388 ; 6.576 ; 7.024 ; 7.212 ;
; SW5        ; HEX5[4]     ; 8.122 ; 9.294 ; 8.762 ; 9.930 ;
; SW5        ; HEX5[5]     ; 7.441 ; 8.355 ; 8.077 ; 8.991 ;
; SW5        ; HEX5[6]     ; 6.359 ; 5.867 ; 6.995 ; 6.500 ;
; SW5        ; LED0        ; 5.948 ; 6.506 ; 6.613 ; 7.170 ;
; SW5        ; LED1        ; 6.410 ; 7.127 ; 7.046 ; 7.763 ;
; SW5        ; LED2        ; 7.287 ; 8.415 ; 7.925 ; 9.055 ;
; SW5        ; LED3        ; 7.391 ; 8.602 ; 8.024 ; 9.235 ;
; SW5        ; LED4        ; 5.358 ; 5.655 ; 5.997 ; 6.292 ;
; SW5        ; LED5        ; 5.418 ; 5.678 ; 6.048 ; 6.308 ;
; SW6        ; HEX4[0]     ; 7.011 ; 7.257 ; 7.638 ; 7.884 ;
; SW6        ; HEX4[1]     ; 6.825 ; 7.015 ; 7.452 ; 7.642 ;
; SW6        ; HEX4[2]     ; 6.691 ; 6.858 ; 7.318 ; 7.485 ;
; SW6        ; HEX4[3]     ; 6.946 ; 7.186 ; 7.573 ; 7.813 ;
; SW6        ; HEX4[4]     ; 6.620 ; 6.745 ; 7.247 ; 7.372 ;
; SW6        ; HEX4[5]     ; 6.661 ; 6.822 ; 7.288 ; 7.449 ;
; SW6        ; HEX4[6]     ; 6.809 ; 6.970 ; 7.436 ; 7.597 ;
; SW6        ; HEX5[0]     ; 6.371 ; 6.429 ; 6.968 ; 7.056 ;
; SW6        ; HEX5[2]     ; 6.236 ; 6.026 ; 6.863 ; 6.620 ;
; SW6        ; HEX5[3]     ; 6.305 ; 6.423 ; 6.902 ; 7.050 ;
; SW6        ; HEX5[4]     ; 8.039 ; 9.141 ; 8.640 ; 9.768 ;
; SW6        ; HEX5[5]     ; 7.295 ; 8.202 ; 7.922 ; 8.829 ;
; SW6        ; HEX5[6]     ; 6.276 ; 5.784 ; 6.873 ; 6.378 ;
; SW6        ; LED0        ; 5.658 ;       ;       ; 6.878 ;
; SW6        ; LED1        ; 6.264 ; 6.974 ; 6.891 ; 7.601 ;
; SW6        ; LED2        ; 7.204 ; 8.332 ; 7.803 ; 8.933 ;
; SW6        ; LED3        ; 7.308 ; 8.519 ; 7.902 ; 9.113 ;
; SW6        ; LED4        ; 5.275 ; 5.572 ; 5.875 ; 6.170 ;
; SW6        ; LED5        ; 5.335 ; 5.595 ; 5.926 ; 6.186 ;
; SW7        ; HEX4[0]     ; 6.654 ; 6.903 ; 7.283 ; 7.532 ;
; SW7        ; HEX4[1]     ; 6.467 ; 6.661 ; 7.096 ; 7.290 ;
; SW7        ; HEX4[2]     ; 6.369 ; 6.498 ; 6.998 ; 7.127 ;
; SW7        ; HEX4[3]     ; 6.586 ; 6.828 ; 7.215 ; 7.457 ;
; SW7        ; HEX4[4]     ; 6.260 ; 6.386 ; 6.889 ; 7.015 ;
; SW7        ; HEX4[5]     ; 6.339 ; 6.462 ; 6.968 ; 7.091 ;
; SW7        ; HEX4[6]     ; 6.449 ; 6.612 ; 7.078 ; 7.241 ;
; SW7        ; HEX5[0]     ; 6.316 ; 6.114 ; 6.945 ; 6.743 ;
; SW7        ; HEX5[2]     ; 5.887 ; 5.971 ; 6.516 ; 6.600 ;
; SW7        ; HEX5[3]     ; 6.250 ; 6.108 ; 6.879 ; 6.737 ;
; SW7        ; HEX5[4]     ; 7.981 ; 8.795 ; 8.610 ; 9.424 ;
; SW7        ; HEX5[5]     ; 7.004 ; 7.884 ; 7.633 ; 8.513 ;
; SW7        ; HEX5[6]     ; 6.221 ; 5.729 ; 6.850 ; 6.358 ;
; SW7        ; LED0        ; 5.861 ;       ;       ; 7.086 ;
; SW7        ; LED2        ; 6.996 ; 8.159 ; 7.637 ; 8.816 ;
; SW7        ; LED3        ; 7.253 ; 8.464 ; 7.882 ; 9.093 ;
; SW7        ; LED4        ; 5.220 ; 5.517 ; 5.855 ; 6.150 ;
; SW7        ; LED5        ; 5.280 ; 5.540 ; 5.906 ; 6.166 ;
; SW8        ; HEX4[0]     ; 6.382 ; 6.631 ; 7.172 ; 7.421 ;
; SW8        ; HEX4[1]     ; 6.195 ; 6.389 ; 6.985 ; 7.179 ;
; SW8        ; HEX4[2]     ; 6.097 ; 6.226 ; 6.887 ; 7.016 ;
; SW8        ; HEX4[3]     ; 6.314 ; 6.556 ; 7.104 ; 7.346 ;
; SW8        ; HEX4[4]     ; 5.988 ; 6.114 ; 6.778 ; 6.904 ;
; SW8        ; HEX4[5]     ; 6.067 ; 6.190 ; 6.857 ; 6.980 ;
; SW8        ; HEX4[6]     ; 6.177 ; 6.340 ; 6.967 ; 7.130 ;
; SW8        ; HEX5[0]     ; 6.044 ; 5.842 ; 6.834 ; 6.632 ;
; SW8        ; HEX5[2]     ; 5.615 ; 5.699 ; 6.405 ; 6.489 ;
; SW8        ; HEX5[3]     ; 5.978 ; 5.836 ; 6.768 ; 6.626 ;
; SW8        ; HEX5[4]     ; 7.709 ; 8.523 ; 8.499 ; 9.313 ;
; SW8        ; HEX5[5]     ; 6.879 ; 7.612 ; 7.270 ; 8.402 ;
; SW8        ; HEX5[6]     ; 5.949 ; 5.604 ; 6.739 ; 5.995 ;
; SW8        ; LED0        ; 5.480 ;       ;       ; 6.668 ;
; SW8        ; LED3        ; 7.128 ; 8.192 ; 7.519 ; 8.982 ;
; SW8        ; LED4        ; 5.083 ; 5.380 ; 5.653 ; 5.948 ;
; SW8        ; LED5        ; 5.143 ; 5.403 ; 5.704 ; 5.964 ;
; SW9        ; HEX4[0]     ; 5.891 ; 6.139 ; 6.635 ; 6.873 ;
; SW9        ; HEX4[1]     ; 5.705 ; 5.897 ; 6.472 ; 6.702 ;
; SW9        ; HEX4[2]     ; 5.607 ; 5.721 ; 6.346 ; 6.324 ;
; SW9        ; HEX4[3]     ; 5.824 ; 6.066 ; 6.585 ; 6.866 ;
; SW9        ; HEX4[4]     ; 5.497 ; 5.624 ; 6.100 ; 6.353 ;
; SW9        ; HEX4[5]     ; 5.577 ; 5.685 ; 6.180 ; 6.502 ;
; SW9        ; HEX4[6]     ; 5.686 ; 5.850 ; 6.289 ; 6.636 ;
; SW9        ; HEX5[0]     ; 5.488 ; 5.301 ; 6.091 ; 5.904 ;
; SW9        ; HEX5[2]     ; 4.931 ; 5.252 ; 5.518 ; 5.855 ;
; SW9        ; HEX5[3]     ; 5.422 ; 5.295 ; 6.025 ; 5.898 ;
; SW9        ; HEX5[4]     ; 7.205 ; 8.003 ; 7.808 ; 8.606 ;
; SW9        ; HEX5[5]     ; 6.314 ; 7.061 ; 6.901 ; 7.664 ;
; SW9        ; HEX5[6]     ; 5.401 ; 4.996 ; 6.004 ; 5.583 ;
; SW9        ; LED0        ; 5.540 ;       ;       ; 6.749 ;
; SW9        ; LED4        ; 4.922 ; 5.252 ; 5.509 ; 5.855 ;
; SW9        ; LED5        ; 5.138 ; 5.398 ; 5.714 ; 5.974 ;
+------------+-------------+-------+-------+-------+-------+


+----------------------------------------------------------+
; Minimum Propagation Delay                                ;
+------------+-------------+-------+-------+-------+-------+
; Input Port ; Output Port ; RR    ; RF    ; FR    ; FF    ;
+------------+-------------+-------+-------+-------+-------+
; KEY0       ; HEX4[0]     ; 4.926 ; 5.113 ; 5.446 ; 5.631 ;
; KEY0       ; HEX4[1]     ; 4.767 ; 4.955 ; 5.285 ; 5.473 ;
; KEY0       ; HEX4[2]     ; 4.686 ; 4.833 ; 5.204 ; 5.351 ;
; KEY0       ; HEX4[3]     ; 4.861 ; 5.042 ; 5.379 ; 5.560 ;
; KEY0       ; HEX4[4]     ; 4.574 ; 4.734 ; 5.103 ; 5.252 ;
; KEY0       ; HEX4[5]     ; 4.661 ; 4.774 ; 5.179 ; 5.292 ;
; KEY0       ; HEX4[6]     ; 4.754 ; 4.898 ; 5.272 ; 5.416 ;
; KEY0       ; HEX5[0]     ; 4.798 ; 4.567 ; 5.316 ; 5.085 ;
; KEY0       ; HEX5[2]     ; 4.455 ; 4.591 ; 4.973 ; 5.297 ;
; KEY0       ; HEX5[3]     ; 4.734 ; 4.560 ; 5.252 ; 5.078 ;
; KEY0       ; HEX5[4]     ; 6.292 ; 6.996 ; 6.810 ; 7.514 ;
; KEY0       ; HEX5[5]     ; 5.724 ; 6.258 ; 6.242 ; 6.964 ;
; KEY0       ; HEX5[6]     ; 4.752 ; 4.503 ; 5.458 ; 5.021 ;
; KEY0       ; LED0        ; 4.923 ; 5.356 ; 5.499 ; 5.929 ;
; KEY0       ; LED1        ; 5.248 ; 5.772 ; 5.822 ; 6.366 ;
; KEY0       ; LED2        ; 6.150 ; 7.107 ; 6.818 ; 7.597 ;
; KEY0       ; LED3        ; 6.356 ; 7.100 ; 6.976 ; 7.895 ;
; KEY0       ; LED4        ; 4.488 ; 4.654 ; 5.006 ; 5.360 ;
; KEY0       ; LED5        ; 4.295 ; 4.650 ; 5.004 ; 5.104 ;
; KEY1       ; HEX4[0]     ; 4.857 ; 5.092 ; 5.426 ; 5.661 ;
; KEY1       ; HEX4[1]     ; 4.753 ; 4.894 ; 5.322 ; 5.463 ;
; KEY1       ; HEX4[2]     ; 4.679 ; 4.770 ; 5.283 ; 5.339 ;
; KEY1       ; HEX4[3]     ; 4.838 ; 5.007 ; 5.407 ; 5.576 ;
; KEY1       ; HEX4[4]     ; 4.505 ; 4.727 ; 5.074 ; 5.331 ;
; KEY1       ; HEX4[5]     ; 4.638 ; 4.767 ; 5.207 ; 5.371 ;
; KEY1       ; HEX4[6]     ; 4.701 ; 4.891 ; 5.270 ; 5.495 ;
; KEY1       ; HEX5[0]     ; 4.791 ; 4.560 ; 5.395 ; 5.164 ;
; KEY1       ; HEX5[2]     ; 4.448 ; 4.753 ; 5.052 ; 5.228 ;
; KEY1       ; HEX5[3]     ; 4.727 ; 4.553 ; 5.331 ; 5.157 ;
; KEY1       ; HEX5[4]     ; 6.285 ; 6.989 ; 6.889 ; 7.593 ;
; KEY1       ; HEX5[5]     ; 5.717 ; 6.438 ; 6.321 ; 6.895 ;
; KEY1       ; HEX5[6]     ; 4.932 ; 4.496 ; 5.389 ; 5.100 ;
; KEY1       ; LED0        ; 4.854 ; 5.287 ; 5.423 ; 5.854 ;
; KEY1       ; LED1        ; 5.200 ; 5.750 ; 5.803 ; 6.310 ;
; KEY1       ; LED2        ; 6.159 ; 7.058 ; 6.747 ; 7.619 ;
; KEY1       ; LED3        ; 6.310 ; 7.280 ; 6.880 ; 7.697 ;
; KEY1       ; LED4        ; 4.481 ; 4.834 ; 5.085 ; 5.291 ;
; KEY1       ; LED5        ; 4.479 ; 4.578 ; 4.892 ; 5.287 ;
; KEY2       ; HEX4[0]     ; 4.741 ; 4.976 ; 5.288 ; 5.523 ;
; KEY2       ; HEX4[1]     ; 4.637 ; 4.778 ; 5.184 ; 5.325 ;
; KEY2       ; HEX4[2]     ; 4.597 ; 4.654 ; 5.239 ; 5.201 ;
; KEY2       ; HEX4[3]     ; 4.722 ; 4.891 ; 5.269 ; 5.438 ;
; KEY2       ; HEX4[4]     ; 4.389 ; 4.645 ; 4.936 ; 5.262 ;
; KEY2       ; HEX4[5]     ; 4.522 ; 4.685 ; 5.069 ; 5.334 ;
; KEY2       ; HEX4[6]     ; 4.585 ; 4.809 ; 5.132 ; 5.458 ;
; KEY2       ; HEX5[0]     ; 4.709 ; 4.478 ; 5.349 ; 5.139 ;
; KEY2       ; HEX5[2]     ; 4.366 ; 4.660 ; 5.027 ; 5.099 ;
; KEY2       ; HEX5[3]     ; 4.645 ; 4.471 ; 5.285 ; 5.132 ;
; KEY2       ; HEX5[4]     ; 6.203 ; 6.907 ; 6.864 ; 7.547 ;
; KEY2       ; HEX5[5]     ; 5.635 ; 6.327 ; 6.296 ; 6.766 ;
; KEY2       ; HEX5[6]     ; 4.821 ; 4.414 ; 5.260 ; 5.075 ;
; KEY2       ; LED0        ; 4.738 ; 5.197 ; 5.285 ; 5.693 ;
; KEY2       ; LED1        ; 5.146 ; 5.685 ; 5.667 ; 6.203 ;
; KEY2       ; LED2        ; 6.130 ; 6.956 ; 6.629 ; 7.554 ;
; KEY2       ; LED3        ; 6.291 ; 7.080 ; 6.813 ; 7.755 ;
; KEY2       ; LED4        ; 4.399 ; 4.723 ; 5.060 ; 5.162 ;
; KEY2       ; LED5        ; 4.397 ; 4.516 ; 4.801 ; 5.158 ;
; KEY3       ; HEX4[0]     ; 4.625 ; 4.860 ; 5.143 ; 5.378 ;
; KEY3       ; HEX4[1]     ; 4.521 ; 4.662 ; 5.039 ; 5.180 ;
; KEY3       ; HEX4[2]     ; 4.524 ; 4.538 ; 5.119 ; 5.056 ;
; KEY3       ; HEX4[3]     ; 4.606 ; 4.775 ; 5.124 ; 5.293 ;
; KEY3       ; HEX4[4]     ; 4.273 ; 4.572 ; 4.791 ; 5.142 ;
; KEY3       ; HEX4[5]     ; 4.406 ; 4.612 ; 4.924 ; 5.246 ;
; KEY3       ; HEX4[6]     ; 4.469 ; 4.736 ; 4.987 ; 5.338 ;
; KEY3       ; HEX5[0]     ; 4.636 ; 4.405 ; 5.268 ; 5.062 ;
; KEY3       ; HEX5[2]     ; 4.293 ; 4.590 ; 4.950 ; 5.018 ;
; KEY3       ; HEX5[3]     ; 4.572 ; 4.398 ; 5.204 ; 5.055 ;
; KEY3       ; HEX5[4]     ; 6.130 ; 6.834 ; 6.787 ; 7.466 ;
; KEY3       ; HEX5[5]     ; 5.562 ; 6.257 ; 6.219 ; 6.685 ;
; KEY3       ; HEX5[6]     ; 4.751 ; 4.341 ; 5.179 ; 4.998 ;
; KEY3       ; LED0        ; 4.622 ; 5.081 ; 5.140 ; 5.573 ;
; KEY3       ; LED1        ; 5.103 ; 5.547 ; 5.500 ; 6.163 ;
; KEY3       ; LED2        ; 6.060 ; 6.928 ; 6.584 ; 7.440 ;
; KEY3       ; LED3        ; 6.222 ; 7.010 ; 6.737 ; 7.678 ;
; KEY3       ; LED4        ; 4.326 ; 4.653 ; 4.983 ; 5.081 ;
; KEY3       ; LED5        ; 4.206 ; 4.682 ; 5.034 ; 4.955 ;
; SW0        ; HEX4[0]     ; 4.908 ; 5.093 ; 5.493 ; 5.678 ;
; SW0        ; HEX4[1]     ; 4.747 ; 4.935 ; 5.332 ; 5.520 ;
; SW0        ; HEX4[2]     ; 4.666 ; 4.813 ; 5.251 ; 5.398 ;
; SW0        ; HEX4[3]     ; 4.841 ; 5.022 ; 5.426 ; 5.607 ;
; SW0        ; HEX4[4]     ; 4.565 ; 4.714 ; 5.147 ; 5.299 ;
; SW0        ; HEX4[5]     ; 4.641 ; 4.754 ; 5.226 ; 5.339 ;
; SW0        ; HEX4[6]     ; 4.734 ; 4.878 ; 5.319 ; 5.463 ;
; SW0        ; HEX5[0]     ; 4.778 ; 4.547 ; 5.363 ; 5.132 ;
; SW0        ; HEX5[2]     ; 4.435 ; 4.635 ; 5.020 ; 5.217 ;
; SW0        ; HEX5[3]     ; 4.714 ; 4.540 ; 5.299 ; 5.125 ;
; SW0        ; HEX5[4]     ; 6.272 ; 6.976 ; 6.857 ; 7.561 ;
; SW0        ; HEX5[5]     ; 5.704 ; 6.302 ; 6.289 ; 6.884 ;
; SW0        ; HEX5[6]     ; 4.796 ; 4.483 ; 5.378 ; 5.068 ;
; SW0        ; LED0        ; 4.916 ; 5.338 ; 5.496 ; 5.916 ;
; SW0        ; LED1        ; 5.398 ; 5.940 ; 5.971 ; 6.509 ;
; SW0        ; LED2        ; 6.056 ; 6.896 ; 6.640 ; 7.478 ;
; SW0        ; LED3        ; 6.529 ; 7.480 ; 7.059 ; 8.019 ;
; SW0        ; LED4        ; 4.468 ; 4.698 ; 5.053 ; 5.280 ;
; SW0        ; LED5        ; 4.383 ; 5.012 ; 5.359 ; 5.191 ;
; SW1        ; HEX4[0]     ; 4.941 ; 5.126 ; 5.520 ; 5.705 ;
; SW1        ; HEX4[1]     ; 4.780 ; 4.968 ; 5.359 ; 5.547 ;
; SW1        ; HEX4[2]     ; 4.699 ; 4.846 ; 5.278 ; 5.425 ;
; SW1        ; HEX4[3]     ; 4.874 ; 5.055 ; 5.453 ; 5.634 ;
; SW1        ; HEX4[4]     ; 4.598 ; 4.747 ; 5.177 ; 5.326 ;
; SW1        ; HEX4[5]     ; 4.674 ; 4.787 ; 5.253 ; 5.366 ;
; SW1        ; HEX4[6]     ; 4.767 ; 4.911 ; 5.346 ; 5.490 ;
; SW1        ; HEX5[0]     ; 4.811 ; 4.580 ; 5.390 ; 5.159 ;
; SW1        ; HEX5[2]     ; 4.468 ; 4.668 ; 5.047 ; 5.244 ;
; SW1        ; HEX5[3]     ; 4.747 ; 4.573 ; 5.326 ; 5.152 ;
; SW1        ; HEX5[4]     ; 6.305 ; 7.009 ; 6.884 ; 7.588 ;
; SW1        ; HEX5[5]     ; 5.737 ; 6.335 ; 6.316 ; 6.911 ;
; SW1        ; HEX5[6]     ; 4.829 ; 4.516 ; 5.405 ; 5.095 ;
; SW1        ; LED0        ;       ; 5.756 ; 5.836 ;       ;
; SW1        ; LED1        ; 5.245 ; 5.814 ; 5.827 ; 6.356 ;
; SW1        ; LED2        ; 6.120 ; 6.969 ; 6.699 ; 7.546 ;
; SW1        ; LED3        ; 6.469 ; 7.420 ; 7.044 ; 7.995 ;
; SW1        ; LED4        ; 4.501 ; 4.731 ; 5.080 ; 5.307 ;
; SW1        ; LED5        ; 4.416 ; 4.952 ; 5.301 ; 5.218 ;
; SW2        ; HEX4[0]     ; 5.170 ; 5.355 ; 5.857 ; 6.042 ;
; SW2        ; HEX4[1]     ; 5.009 ; 5.197 ; 5.696 ; 5.884 ;
; SW2        ; HEX4[2]     ; 4.928 ; 5.075 ; 5.615 ; 5.762 ;
; SW2        ; HEX4[3]     ; 5.103 ; 5.284 ; 5.790 ; 5.971 ;
; SW2        ; HEX4[4]     ; 4.827 ; 4.976 ; 5.514 ; 5.663 ;
; SW2        ; HEX4[5]     ; 4.903 ; 5.016 ; 5.590 ; 5.703 ;
; SW2        ; HEX4[6]     ; 4.996 ; 5.140 ; 5.683 ; 5.827 ;
; SW2        ; HEX5[0]     ; 5.040 ; 4.809 ; 5.727 ; 5.496 ;
; SW2        ; HEX5[2]     ; 4.697 ; 4.897 ; 5.384 ; 5.581 ;
; SW2        ; HEX5[3]     ; 4.976 ; 4.802 ; 5.663 ; 5.489 ;
; SW2        ; HEX5[4]     ; 6.534 ; 7.238 ; 7.221 ; 7.925 ;
; SW2        ; HEX5[5]     ; 5.966 ; 6.564 ; 6.653 ; 7.248 ;
; SW2        ; HEX5[6]     ; 5.058 ; 4.745 ; 5.742 ; 5.432 ;
; SW2        ; LED0        ;       ; 5.986 ; 6.115 ;       ;
; SW2        ; LED2        ; 6.390 ; 7.261 ; 7.062 ; 7.908 ;
; SW2        ; LED3        ; 6.733 ; 7.684 ; 7.373 ; 8.324 ;
; SW2        ; LED4        ; 4.730 ; 4.960 ; 5.417 ; 5.644 ;
; SW2        ; LED5        ; 4.645 ; 5.216 ; 5.630 ; 5.555 ;
; SW3        ; HEX4[0]     ; 5.055 ; 5.240 ; 5.664 ; 5.849 ;
; SW3        ; HEX4[1]     ; 4.894 ; 5.082 ; 5.503 ; 5.691 ;
; SW3        ; HEX4[2]     ; 4.813 ; 4.960 ; 5.422 ; 5.569 ;
; SW3        ; HEX4[3]     ; 4.988 ; 5.169 ; 5.597 ; 5.778 ;
; SW3        ; HEX4[4]     ; 4.712 ; 4.861 ; 5.321 ; 5.470 ;
; SW3        ; HEX4[5]     ; 4.788 ; 4.901 ; 5.397 ; 5.510 ;
; SW3        ; HEX4[6]     ; 4.881 ; 5.025 ; 5.490 ; 5.634 ;
; SW3        ; HEX5[0]     ; 4.925 ; 4.694 ; 5.534 ; 5.303 ;
; SW3        ; HEX5[2]     ; 4.582 ; 4.782 ; 5.191 ; 5.388 ;
; SW3        ; HEX5[3]     ; 4.861 ; 4.687 ; 5.470 ; 5.296 ;
; SW3        ; HEX5[4]     ; 6.419 ; 7.123 ; 7.028 ; 7.732 ;
; SW3        ; HEX5[5]     ; 5.851 ; 6.449 ; 6.460 ; 7.055 ;
; SW3        ; HEX5[6]     ; 4.943 ; 4.630 ; 5.549 ; 5.239 ;
; SW3        ; LED0        ;       ; 5.736 ; 5.844 ;       ;
; SW3        ; LED3        ; 6.360 ; 7.299 ; 6.962 ; 7.899 ;
; SW3        ; LED4        ; 4.615 ; 4.845 ; 5.224 ; 5.451 ;
; SW3        ; LED5        ; 4.370 ; 5.018 ; 5.400 ; 5.237 ;
; SW4        ; HEX4[0]     ; 4.699 ; 4.884 ; 5.289 ; 5.474 ;
; SW4        ; HEX4[1]     ; 4.538 ; 4.726 ; 5.128 ; 5.316 ;
; SW4        ; HEX4[2]     ; 4.457 ; 4.604 ; 5.047 ; 5.194 ;
; SW4        ; HEX4[3]     ; 4.632 ; 4.813 ; 5.222 ; 5.403 ;
; SW4        ; HEX4[4]     ; 4.356 ; 4.505 ; 4.946 ; 5.095 ;
; SW4        ; HEX4[5]     ; 4.432 ; 4.545 ; 5.022 ; 5.135 ;
; SW4        ; HEX4[6]     ; 4.525 ; 4.669 ; 5.115 ; 5.259 ;
; SW4        ; HEX5[0]     ; 4.569 ; 4.338 ; 5.159 ; 4.928 ;
; SW4        ; HEX5[2]     ; 4.226 ; 4.416 ; 4.816 ; 5.004 ;
; SW4        ; HEX5[3]     ; 4.505 ; 4.331 ; 5.095 ; 4.921 ;
; SW4        ; HEX5[4]     ; 6.063 ; 6.767 ; 6.653 ; 7.357 ;
; SW4        ; HEX5[5]     ; 5.495 ; 6.083 ; 6.085 ; 6.671 ;
; SW4        ; HEX5[6]     ; 4.577 ; 4.274 ; 5.165 ; 4.864 ;
; SW4        ; LED0        ;       ; 5.819 ; 5.925 ;       ;
; SW4        ; LED4        ; 4.259 ; 4.479 ; 4.849 ; 5.067 ;
; SW4        ; LED5        ; 4.330 ; 5.048 ; 5.413 ; 5.159 ;
; SW5        ; HEX4[0]     ; 5.049 ; 5.284 ; 5.810 ; 5.995 ;
; SW5        ; HEX4[1]     ; 4.945 ; 5.086 ; 5.649 ; 5.837 ;
; SW5        ; HEX4[2]     ; 4.966 ; 4.962 ; 5.568 ; 5.715 ;
; SW5        ; HEX4[3]     ; 5.030 ; 5.199 ; 5.743 ; 5.924 ;
; SW5        ; HEX4[4]     ; 4.697 ; 5.014 ; 5.467 ; 5.616 ;
; SW5        ; HEX4[5]     ; 4.830 ; 5.054 ; 5.543 ; 5.656 ;
; SW5        ; HEX4[6]     ; 4.893 ; 5.178 ; 5.636 ; 5.780 ;
; SW5        ; HEX5[0]     ; 5.078 ; 4.847 ; 5.680 ; 5.449 ;
; SW5        ; HEX5[2]     ; 4.735 ; 4.930 ; 5.337 ; 5.533 ;
; SW5        ; HEX5[3]     ; 5.014 ; 4.840 ; 5.616 ; 5.442 ;
; SW5        ; HEX5[4]     ; 6.572 ; 7.276 ; 7.174 ; 7.878 ;
; SW5        ; HEX5[5]     ; 6.004 ; 6.597 ; 6.606 ; 7.200 ;
; SW5        ; HEX5[6]     ; 5.091 ; 4.783 ; 5.694 ; 5.385 ;
; SW5        ; LED0        ; 5.046 ; 5.690 ; 5.841 ; 6.063 ;
; SW5        ; LED1        ; 5.705 ; 6.246 ; 6.299 ; 6.840 ;
; SW5        ; LED2        ; 6.468 ; 7.324 ; 7.064 ; 7.918 ;
; SW5        ; LED3        ; 6.599 ; 7.550 ; 7.191 ; 8.142 ;
; SW5        ; LED4        ; 4.768 ; 4.993 ; 5.370 ; 5.596 ;
; SW5        ; LED5        ; 4.858 ; 5.082 ; 5.448 ; 5.672 ;
; SW6        ; HEX4[0]     ; 5.128 ; 5.313 ; 5.700 ; 5.885 ;
; SW6        ; HEX4[1]     ; 4.967 ; 5.155 ; 5.539 ; 5.727 ;
; SW6        ; HEX4[2]     ; 4.886 ; 5.033 ; 5.458 ; 5.605 ;
; SW6        ; HEX4[3]     ; 5.061 ; 5.242 ; 5.633 ; 5.814 ;
; SW6        ; HEX4[4]     ; 4.785 ; 4.934 ; 5.357 ; 5.506 ;
; SW6        ; HEX4[5]     ; 4.861 ; 4.974 ; 5.433 ; 5.546 ;
; SW6        ; HEX4[6]     ; 4.954 ; 5.098 ; 5.526 ; 5.670 ;
; SW6        ; HEX5[0]     ; 4.998 ; 4.767 ; 5.570 ; 5.339 ;
; SW6        ; HEX5[2]     ; 4.655 ; 4.823 ; 5.227 ; 5.423 ;
; SW6        ; HEX5[3]     ; 4.934 ; 4.760 ; 5.506 ; 5.332 ;
; SW6        ; HEX5[4]     ; 6.492 ; 7.196 ; 7.064 ; 7.768 ;
; SW6        ; HEX5[5]     ; 5.924 ; 6.517 ; 6.496 ; 7.090 ;
; SW6        ; HEX5[6]     ; 5.011 ; 4.703 ; 5.584 ; 5.275 ;
; SW6        ; LED0        ; 5.158 ;       ;       ; 6.211 ;
; SW6        ; LED1        ; 5.143 ; 5.980 ; 6.008 ; 6.237 ;
; SW6        ; LED2        ; 6.388 ; 7.244 ; 6.954 ; 7.808 ;
; SW6        ; LED3        ; 6.519 ; 7.470 ; 7.081 ; 8.032 ;
; SW6        ; LED4        ; 4.688 ; 4.913 ; 5.260 ; 5.486 ;
; SW6        ; LED5        ; 4.778 ; 5.002 ; 5.338 ; 5.562 ;
; SW7        ; HEX4[0]     ; 5.091 ; 5.276 ; 5.666 ; 5.851 ;
; SW7        ; HEX4[1]     ; 4.930 ; 5.118 ; 5.505 ; 5.693 ;
; SW7        ; HEX4[2]     ; 4.849 ; 4.996 ; 5.424 ; 5.571 ;
; SW7        ; HEX4[3]     ; 5.024 ; 5.205 ; 5.599 ; 5.780 ;
; SW7        ; HEX4[4]     ; 4.748 ; 4.897 ; 5.323 ; 5.472 ;
; SW7        ; HEX4[5]     ; 4.824 ; 4.937 ; 5.399 ; 5.512 ;
; SW7        ; HEX4[6]     ; 4.917 ; 5.061 ; 5.492 ; 5.636 ;
; SW7        ; HEX5[0]     ; 4.961 ; 4.730 ; 5.536 ; 5.305 ;
; SW7        ; HEX5[2]     ; 4.606 ; 4.681 ; 5.193 ; 5.341 ;
; SW7        ; HEX5[3]     ; 4.897 ; 4.723 ; 5.472 ; 5.298 ;
; SW7        ; HEX5[4]     ; 6.455 ; 7.159 ; 7.030 ; 7.734 ;
; SW7        ; HEX5[5]     ; 5.887 ; 6.480 ; 6.462 ; 7.056 ;
; SW7        ; HEX5[6]     ; 4.974 ; 4.666 ; 5.550 ; 5.241 ;
; SW7        ; LED0        ; 5.325 ;       ;       ; 6.388 ;
; SW7        ; LED2        ; 6.087 ; 7.047 ; 6.747 ; 7.513 ;
; SW7        ; LED3        ; 6.482 ; 7.433 ; 7.047 ; 7.998 ;
; SW7        ; LED4        ; 4.651 ; 4.876 ; 5.226 ; 5.452 ;
; SW7        ; LED5        ; 4.741 ; 4.965 ; 5.304 ; 5.528 ;
; SW8        ; HEX4[0]     ; 4.986 ; 5.171 ; 5.536 ; 5.721 ;
; SW8        ; HEX4[1]     ; 4.825 ; 5.013 ; 5.375 ; 5.563 ;
; SW8        ; HEX4[2]     ; 4.744 ; 4.891 ; 5.294 ; 5.441 ;
; SW8        ; HEX4[3]     ; 4.919 ; 5.100 ; 5.469 ; 5.650 ;
; SW8        ; HEX4[4]     ; 4.643 ; 4.792 ; 5.193 ; 5.342 ;
; SW8        ; HEX4[5]     ; 4.719 ; 4.832 ; 5.269 ; 5.382 ;
; SW8        ; HEX4[6]     ; 4.812 ; 4.956 ; 5.362 ; 5.506 ;
; SW8        ; HEX5[0]     ; 4.856 ; 4.625 ; 5.406 ; 5.175 ;
; SW8        ; HEX5[2]     ; 4.513 ; 4.707 ; 5.063 ; 5.245 ;
; SW8        ; HEX5[3]     ; 4.792 ; 4.618 ; 5.342 ; 5.168 ;
; SW8        ; HEX5[4]     ; 6.350 ; 7.054 ; 6.900 ; 7.604 ;
; SW8        ; HEX5[5]     ; 5.782 ; 6.375 ; 6.332 ; 6.926 ;
; SW8        ; HEX5[6]     ; 4.869 ; 4.561 ; 5.420 ; 5.111 ;
; SW8        ; LED0        ; 5.012 ;       ;       ; 6.073 ;
; SW8        ; LED3        ; 6.163 ; 7.122 ; 6.701 ; 7.679 ;
; SW8        ; LED4        ; 4.546 ; 4.771 ; 5.096 ; 5.322 ;
; SW8        ; LED5        ; 4.636 ; 4.860 ; 5.174 ; 5.398 ;
; SW9        ; HEX4[0]     ; 4.809 ; 4.994 ; 5.355 ; 5.540 ;
; SW9        ; HEX4[1]     ; 4.648 ; 4.836 ; 5.194 ; 5.382 ;
; SW9        ; HEX4[2]     ; 4.567 ; 4.714 ; 5.113 ; 5.260 ;
; SW9        ; HEX4[3]     ; 4.742 ; 4.923 ; 5.288 ; 5.469 ;
; SW9        ; HEX4[4]     ; 4.466 ; 4.615 ; 5.012 ; 5.161 ;
; SW9        ; HEX4[5]     ; 4.542 ; 4.655 ; 5.088 ; 5.201 ;
; SW9        ; HEX4[6]     ; 4.635 ; 4.779 ; 5.181 ; 5.325 ;
; SW9        ; HEX5[0]     ; 4.679 ; 4.448 ; 5.225 ; 4.994 ;
; SW9        ; HEX5[2]     ; 4.336 ; 4.547 ; 4.882 ; 5.102 ;
; SW9        ; HEX5[3]     ; 4.615 ; 4.441 ; 5.161 ; 4.987 ;
; SW9        ; HEX5[4]     ; 6.173 ; 6.877 ; 6.719 ; 7.423 ;
; SW9        ; HEX5[5]     ; 5.605 ; 6.214 ; 6.151 ; 6.769 ;
; SW9        ; HEX5[6]     ; 4.708 ; 4.384 ; 5.263 ; 4.930 ;
; SW9        ; LED0        ; 5.073 ;       ;       ; 6.115 ;
; SW9        ; LED4        ; 4.369 ; 4.610 ; 4.915 ; 5.165 ;
; SW9        ; LED5        ; 4.625 ; 4.849 ; 5.166 ; 5.390 ;
+------------+-------------+-------+-------+-------+-------+


---------------------------------------------
; Fast 1100mV 0C Model Metastability Report ;
---------------------------------------------
No synchronizer chains to report.


+----------------------------------------------------------------------------+
; Multicorner Timing Analysis Summary                                        ;
+------------------+-------+------+----------+---------+---------------------+
; Clock            ; Setup ; Hold ; Recovery ; Removal ; Minimum Pulse Width ;
+------------------+-------+------+----------+---------+---------------------+
; Worst-case Slack ; N/A   ; N/A  ; N/A      ; N/A     ; N/A                 ;
; Design-wide TNS  ; 0.0   ; 0.0  ; 0.0      ; 0.0     ; 0.0                 ;
+------------------+-------+------+----------+---------+---------------------+


+--------------------------------------------------------------+
; Propagation Delay                                            ;
+------------+-------------+--------+--------+--------+--------+
; Input Port ; Output Port ; RR     ; RF     ; FR     ; FF     ;
+------------+-------------+--------+--------+--------+--------+
; KEY0       ; HEX4[0]     ; 13.150 ; 13.469 ; 13.655 ; 13.978 ;
; KEY0       ; HEX4[1]     ; 12.813 ; 13.022 ; 13.322 ; 13.531 ;
; KEY0       ; HEX4[2]     ; 12.653 ; 12.694 ; 13.155 ; 13.162 ;
; KEY0       ; HEX4[3]     ; 12.999 ; 13.276 ; 13.508 ; 13.785 ;
; KEY0       ; HEX4[4]     ; 12.492 ; 12.555 ; 13.001 ; 13.064 ;
; KEY0       ; HEX4[5]     ; 12.650 ; 12.644 ; 13.159 ; 13.140 ;
; KEY0       ; HEX4[6]     ; 12.871 ; 13.012 ; 13.380 ; 13.521 ;
; KEY0       ; HEX5[0]     ; 12.136 ; 11.989 ; 12.602 ; 12.455 ;
; KEY0       ; HEX5[2]     ; 11.552 ; 11.563 ; 12.018 ; 12.029 ;
; KEY0       ; HEX5[3]     ; 12.076 ; 11.997 ; 12.542 ; 12.463 ;
; KEY0       ; HEX5[4]     ; 14.959 ; 16.038 ; 15.436 ; 16.547 ;
; KEY0       ; HEX5[5]     ; 13.612 ; 14.742 ; 14.078 ; 15.223 ;
; KEY0       ; HEX5[6]     ; 11.977 ; 11.237 ; 12.443 ; 11.703 ;
; KEY0       ; LED0        ; 10.484 ; 11.173 ; 10.932 ; 11.629 ;
; KEY0       ; LED1        ; 10.970 ; 11.873 ; 11.410 ; 12.392 ;
; KEY0       ; LED2        ; 13.571 ; 15.200 ; 14.037 ; 15.709 ;
; KEY0       ; LED3        ; 13.128 ; 14.804 ; 13.855 ; 15.305 ;
; KEY0       ; LED4        ; 10.989 ; 11.260 ; 11.455 ; 11.726 ;
; KEY0       ; LED5        ; 10.213 ; 10.393 ; 10.726 ; 10.914 ;
; KEY1       ; HEX4[0]     ; 13.122 ; 13.445 ; 13.562 ; 13.885 ;
; KEY1       ; HEX4[1]     ; 12.789 ; 12.998 ; 13.229 ; 13.438 ;
; KEY1       ; HEX4[2]     ; 12.623 ; 12.664 ; 13.062 ; 13.078 ;
; KEY1       ; HEX4[3]     ; 12.975 ; 13.252 ; 13.415 ; 13.692 ;
; KEY1       ; HEX4[4]     ; 12.468 ; 12.531 ; 12.908 ; 12.971 ;
; KEY1       ; HEX4[5]     ; 12.626 ; 12.614 ; 13.066 ; 13.047 ;
; KEY1       ; HEX4[6]     ; 12.847 ; 12.988 ; 13.287 ; 13.428 ;
; KEY1       ; HEX5[0]     ; 12.106 ; 11.959 ; 12.520 ; 12.373 ;
; KEY1       ; HEX5[2]     ; 11.522 ; 11.533 ; 11.936 ; 11.947 ;
; KEY1       ; HEX5[3]     ; 12.046 ; 11.967 ; 12.460 ; 12.381 ;
; KEY1       ; HEX5[4]     ; 14.929 ; 16.018 ; 15.343 ; 16.454 ;
; KEY1       ; HEX5[5]     ; 13.671 ; 14.712 ; 14.067 ; 15.130 ;
; KEY1       ; HEX5[6]     ; 11.947 ; 11.420 ; 12.361 ; 11.676 ;
; KEY1       ; LED0        ; 10.212 ; 10.885 ; 10.603 ; 11.240 ;
; KEY1       ; LED1        ; 11.332 ; 12.242 ; 11.742 ; 12.668 ;
; KEY1       ; LED2        ; 13.596 ; 15.176 ; 14.010 ; 15.616 ;
; KEY1       ; LED3        ; 13.611 ; 14.716 ; 13.600 ; 14.882 ;
; KEY1       ; LED4        ; 11.015 ; 11.231 ; 11.429 ; 11.645 ;
; KEY1       ; LED5        ; 10.482 ; 10.670 ; 10.846 ; 11.026 ;
; KEY2       ; HEX4[0]     ; 12.923 ; 13.234 ; 13.279 ; 13.590 ;
; KEY2       ; HEX4[1]     ; 12.590 ; 12.732 ; 12.946 ; 13.088 ;
; KEY2       ; HEX4[2]     ; 12.332 ; 12.470 ; 12.680 ; 12.826 ;
; KEY2       ; HEX4[3]     ; 12.753 ; 13.018 ; 13.109 ; 13.374 ;
; KEY2       ; HEX4[4]     ; 12.223 ; 12.272 ; 12.579 ; 12.628 ;
; KEY2       ; HEX4[5]     ; 12.403 ; 12.440 ; 12.759 ; 12.796 ;
; KEY2       ; HEX4[6]     ; 12.620 ; 12.750 ; 12.976 ; 13.106 ;
; KEY2       ; HEX5[0]     ; 11.815 ; 11.725 ; 12.050 ; 12.090 ;
; KEY2       ; HEX5[2]     ; 11.335 ; 11.242 ; 11.700 ; 11.490 ;
; KEY2       ; HEX5[3]     ; 11.755 ; 11.733 ; 11.985 ; 12.098 ;
; KEY2       ; HEX5[4]     ; 14.638 ; 15.862 ; 14.911 ; 16.218 ;
; KEY2       ; HEX5[5]     ; 13.491 ; 14.523 ; 13.961 ; 14.879 ;
; KEY2       ; HEX5[6]     ; 11.656 ; 10.995 ; 11.793 ; 11.748 ;
; KEY2       ; LED0        ; 10.387 ; 11.004 ; 10.698 ; 11.305 ;
; KEY2       ; LED1        ; 11.166 ; 12.079 ; 11.398 ; 12.438 ;
; KEY2       ; LED2        ; 13.015 ; 14.850 ; 13.771 ; 14.890 ;
; KEY2       ; LED3        ; 13.176 ; 14.668 ; 13.929 ; 15.075 ;
; KEY2       ; LED4        ; 10.434 ; 10.656 ; 10.751 ; 10.967 ;
; KEY2       ; LED5        ; 10.409 ; 10.589 ; 10.772 ; 10.960 ;
; KEY3       ; HEX4[0]     ; 12.734 ; 13.045 ; 13.098 ; 13.408 ;
; KEY3       ; HEX4[1]     ; 12.401 ; 12.543 ; 12.764 ; 12.925 ;
; KEY3       ; HEX4[2]     ; 12.196 ; 12.281 ; 12.506 ; 12.667 ;
; KEY3       ; HEX4[3]     ; 12.564 ; 12.829 ; 12.927 ; 13.192 ;
; KEY3       ; HEX4[4]     ; 12.034 ; 12.083 ; 12.418 ; 12.463 ;
; KEY3       ; HEX4[5]     ; 12.214 ; 12.251 ; 12.577 ; 12.617 ;
; KEY3       ; HEX4[6]     ; 12.431 ; 12.561 ; 12.801 ; 12.927 ;
; KEY3       ; HEX5[0]     ; 11.679 ; 11.554 ; 11.935 ; 11.942 ;
; KEY3       ; HEX5[2]     ; 11.164 ; 11.106 ; 11.552 ; 11.362 ;
; KEY3       ; HEX5[3]     ; 11.619 ; 11.562 ; 11.875 ; 11.950 ;
; KEY3       ; HEX5[4]     ; 14.502 ; 15.673 ; 14.758 ; 16.036 ;
; KEY3       ; HEX5[5]     ; 13.355 ; 14.334 ; 13.813 ; 14.711 ;
; KEY3       ; HEX5[6]     ; 11.520 ; 10.839 ; 11.776 ; 11.582 ;
; KEY3       ; LED0        ; 10.232 ; 10.839 ; 10.523 ; 11.139 ;
; KEY3       ; LED1        ; 11.030 ; 11.902 ; 11.200 ; 12.290 ;
; KEY3       ; LED2        ; 13.017 ; 14.694 ; 13.623 ; 14.959 ;
; KEY3       ; LED3        ; 13.027 ; 14.499 ; 13.763 ; 14.909 ;
; KEY3       ; LED4        ; 10.436 ; 10.652 ; 10.788 ; 11.059 ;
; KEY3       ; LED5        ; 10.273 ; 10.453 ; 10.624 ; 10.812 ;
; SW0        ; HEX4[0]     ; 13.887 ; 14.198 ; 14.277 ; 14.588 ;
; SW0        ; HEX4[1]     ; 13.554 ; 13.696 ; 13.944 ; 14.086 ;
; SW0        ; HEX4[2]     ; 13.288 ; 13.434 ; 13.678 ; 13.824 ;
; SW0        ; HEX4[3]     ; 13.717 ; 13.982 ; 14.107 ; 14.372 ;
; SW0        ; HEX4[4]     ; 13.187 ; 13.236 ; 13.577 ; 13.626 ;
; SW0        ; HEX4[5]     ; 13.367 ; 13.404 ; 13.757 ; 13.794 ;
; SW0        ; HEX4[6]     ; 13.584 ; 13.714 ; 13.974 ; 14.104 ;
; SW0        ; HEX5[0]     ; 12.488 ; 12.686 ; 12.855 ; 13.076 ;
; SW0        ; HEX5[2]     ; 12.284 ; 11.927 ; 12.674 ; 12.294 ;
; SW0        ; HEX5[3]     ; 12.423 ; 12.674 ; 12.790 ; 13.064 ;
; SW0        ; HEX5[4]     ; 15.339 ; 16.826 ; 15.706 ; 17.216 ;
; SW0        ; HEX5[5]     ; 14.391 ; 15.487 ; 14.762 ; 15.877 ;
; SW0        ; HEX5[6]     ; 12.304 ; 11.742 ; 12.671 ; 12.105 ;
; SW0        ; LED0        ; 11.289 ; 12.183 ; 11.697 ; 12.613 ;
; SW0        ; LED1        ; 12.066 ; 13.043 ; 12.451 ; 13.433 ;
; SW0        ; LED2        ; 13.777 ; 15.354 ; 14.180 ; 15.769 ;
; SW0        ; LED3        ; 13.933 ; 15.608 ; 14.296 ; 15.975 ;
; SW0        ; LED4        ; 11.214 ; 11.363 ; 11.537 ; 11.694 ;
; SW0        ; LED5        ; 10.970 ; 11.126 ; 11.322 ; 11.478 ;
; SW1        ; HEX4[0]     ; 13.627 ; 13.938 ; 14.025 ; 14.336 ;
; SW1        ; HEX4[1]     ; 13.294 ; 13.445 ; 13.692 ; 13.852 ;
; SW1        ; HEX4[2]     ; 13.069 ; 13.174 ; 13.476 ; 13.572 ;
; SW1        ; HEX4[3]     ; 13.457 ; 13.722 ; 13.855 ; 14.120 ;
; SW1        ; HEX4[4]     ; 12.927 ; 12.978 ; 13.325 ; 13.385 ;
; SW1        ; HEX4[5]     ; 13.107 ; 13.144 ; 13.505 ; 13.542 ;
; SW1        ; HEX4[6]     ; 13.324 ; 13.454 ; 13.722 ; 13.852 ;
; SW1        ; HEX5[0]     ; 12.498 ; 12.426 ; 12.905 ; 12.824 ;
; SW1        ; HEX5[2]     ; 12.024 ; 11.937 ; 12.422 ; 12.344 ;
; SW1        ; HEX5[3]     ; 12.433 ; 12.414 ; 12.840 ; 12.812 ;
; SW1        ; HEX5[4]     ; 15.349 ; 16.566 ; 15.756 ; 16.964 ;
; SW1        ; HEX5[5]     ; 14.049 ; 15.227 ; 14.423 ; 15.625 ;
; SW1        ; HEX5[6]     ; 12.334 ; 11.738 ; 12.721 ; 12.138 ;
; SW1        ; LED0        ;        ; 12.049 ; 11.686 ;        ;
; SW1        ; LED1        ; 11.724 ; 12.783 ; 12.098 ; 13.181 ;
; SW1        ; LED2        ; 13.615 ; 15.186 ; 14.003 ; 15.592 ;
; SW1        ; LED3        ; 13.929 ; 15.618 ; 14.319 ; 16.025 ;
; SW1        ; LED4        ; 11.099 ; 11.248 ; 11.442 ; 11.582 ;
; SW1        ; LED5        ; 10.849 ; 11.005 ; 11.182 ; 11.338 ;
; SW2        ; HEX4[0]     ; 13.977 ; 14.300 ; 14.547 ; 14.870 ;
; SW2        ; HEX4[1]     ; 13.644 ; 13.853 ; 14.214 ; 14.423 ;
; SW2        ; HEX4[2]     ; 13.477 ; 13.483 ; 14.047 ; 14.053 ;
; SW2        ; HEX4[3]     ; 13.830 ; 14.107 ; 14.400 ; 14.677 ;
; SW2        ; HEX4[4]     ; 13.323 ; 13.386 ; 13.893 ; 13.956 ;
; SW2        ; HEX4[5]     ; 13.481 ; 13.428 ; 14.051 ; 13.998 ;
; SW2        ; HEX4[6]     ; 13.702 ; 13.843 ; 14.272 ; 14.413 ;
; SW2        ; HEX5[0]     ; 12.906 ; 12.751 ; 13.476 ; 13.321 ;
; SW2        ; HEX5[2]     ; 12.315 ; 12.345 ; 12.891 ; 12.915 ;
; SW2        ; HEX5[3]     ; 12.841 ; 12.744 ; 13.411 ; 13.324 ;
; SW2        ; HEX5[4]     ; 15.757 ; 16.868 ; 16.327 ; 17.438 ;
; SW2        ; HEX5[5]     ; 14.261 ; 15.530 ; 15.002 ; 16.100 ;
; SW2        ; HEX5[6]     ; 12.726 ; 12.010 ; 13.306 ; 12.751 ;
; SW2        ; LED0        ;        ; 12.376 ; 12.106 ;        ;
; SW2        ; LED2        ; 13.788 ; 15.223 ; 14.344 ; 15.905 ;
; SW2        ; LED3        ; 14.201 ; 16.026 ; 14.942 ; 16.596 ;
; SW2        ; LED4        ; 11.377 ; 11.526 ; 12.039 ; 12.179 ;
; SW2        ; LED5        ; 11.171 ; 11.327 ; 11.684 ; 11.840 ;
; SW3        ; HEX4[0]     ; 13.294 ; 13.617 ; 13.756 ; 14.079 ;
; SW3        ; HEX4[1]     ; 12.961 ; 13.170 ; 13.423 ; 13.632 ;
; SW3        ; HEX4[2]     ; 12.794 ; 12.800 ; 13.256 ; 13.262 ;
; SW3        ; HEX4[3]     ; 13.147 ; 13.424 ; 13.609 ; 13.886 ;
; SW3        ; HEX4[4]     ; 12.640 ; 12.703 ; 13.102 ; 13.165 ;
; SW3        ; HEX4[5]     ; 12.798 ; 12.745 ; 13.260 ; 13.207 ;
; SW3        ; HEX4[6]     ; 13.019 ; 13.160 ; 13.481 ; 13.622 ;
; SW3        ; HEX5[0]     ; 12.223 ; 12.068 ; 12.685 ; 12.530 ;
; SW3        ; HEX5[2]     ; 11.632 ; 11.662 ; 12.094 ; 12.124 ;
; SW3        ; HEX5[3]     ; 12.158 ; 12.060 ; 12.620 ; 12.518 ;
; SW3        ; HEX5[4]     ; 15.074 ; 16.185 ; 15.536 ; 16.647 ;
; SW3        ; HEX5[5]     ; 13.810 ; 14.847 ; 14.241 ; 15.309 ;
; SW3        ; HEX5[6]     ; 12.042 ; 11.596 ; 12.501 ; 12.058 ;
; SW3        ; LED0        ;        ; 11.880 ; 11.548 ;        ;
; SW3        ; LED3        ; 13.777 ; 15.343 ; 14.239 ; 15.805 ;
; SW3        ; LED4        ; 11.152 ; 11.425 ; 11.524 ; 11.802 ;
; SW3        ; LED5        ; 11.095 ; 11.251 ; 11.445 ; 11.601 ;
; SW4        ; HEX4[0]     ; 12.770 ; 13.073 ; 13.164 ; 13.487 ;
; SW4        ; HEX4[1]     ; 12.425 ; 12.626 ; 12.831 ; 13.040 ;
; SW4        ; HEX4[2]     ; 12.273 ; 12.278 ; 12.664 ; 12.660 ;
; SW4        ; HEX4[3]     ; 12.603 ; 12.880 ; 13.017 ; 13.294 ;
; SW4        ; HEX4[4]     ; 12.102 ; 12.159 ; 12.510 ; 12.573 ;
; SW4        ; HEX4[5]     ; 12.254 ; 12.228 ; 12.668 ; 12.610 ;
; SW4        ; HEX4[6]     ; 12.487 ; 12.624 ; 12.889 ; 13.030 ;
; SW4        ; HEX5[0]     ; 11.665 ; 11.555 ; 12.047 ; 11.937 ;
; SW4        ; HEX5[2]     ; 11.036 ; 11.286 ; 11.408 ; 11.700 ;
; SW4        ; HEX5[3]     ; 11.605 ; 11.563 ; 11.987 ; 11.945 ;
; SW4        ; HEX5[4]     ; 14.563 ; 15.611 ; 14.945 ; 16.025 ;
; SW4        ; HEX5[5]     ; 13.502 ; 14.270 ; 13.874 ; 14.669 ;
; SW4        ; HEX5[6]     ; 11.515 ; 11.096 ; 11.897 ; 11.468 ;
; SW4        ; LED0        ;        ; 12.056 ; 11.708 ;        ;
; SW4        ; LED4        ; 11.025 ; 11.235 ; 11.397 ; 11.617 ;
; SW4        ; LED5        ; 11.130 ; 11.286 ; 11.425 ; 11.581 ;
; SW5        ; HEX4[0]     ; 14.071 ; 14.382 ; 14.437 ; 14.748 ;
; SW5        ; HEX4[1]     ; 13.738 ; 13.880 ; 14.104 ; 14.246 ;
; SW5        ; HEX4[2]     ; 13.472 ; 13.618 ; 13.838 ; 13.984 ;
; SW5        ; HEX4[3]     ; 13.901 ; 14.166 ; 14.267 ; 14.532 ;
; SW5        ; HEX4[4]     ; 13.371 ; 13.420 ; 13.737 ; 13.786 ;
; SW5        ; HEX4[5]     ; 13.551 ; 13.588 ; 13.917 ; 13.954 ;
; SW5        ; HEX4[6]     ; 13.768 ; 13.898 ; 14.134 ; 14.264 ;
; SW5        ; HEX5[0]     ; 12.561 ; 12.870 ; 12.927 ; 13.236 ;
; SW5        ; HEX5[2]     ; 12.468 ; 12.034 ; 12.834 ; 12.400 ;
; SW5        ; HEX5[3]     ; 12.496 ; 12.858 ; 12.862 ; 13.224 ;
; SW5        ; HEX5[4]     ; 15.443 ; 17.010 ; 15.809 ; 17.376 ;
; SW5        ; HEX5[5]     ; 14.598 ; 15.671 ; 14.934 ; 16.037 ;
; SW5        ; HEX5[6]     ; 12.230 ; 11.609 ; 12.621 ; 11.986 ;
; SW5        ; LED0        ; 11.752 ; 12.462 ; 12.165 ; 12.898 ;
; SW5        ; LED1        ; 12.273 ; 13.227 ; 12.611 ; 13.593 ;
; SW5        ; LED2        ; 13.961 ; 15.538 ; 14.340 ; 15.929 ;
; SW5        ; LED3        ; 13.718 ; 15.296 ; 14.058 ; 15.661 ;
; SW5        ; LED4        ; 11.234 ; 11.507 ; 11.584 ; 11.854 ;
; SW5        ; LED5        ; 11.177 ; 11.333 ; 11.505 ; 11.661 ;
; SW6        ; HEX4[0]     ; 14.061 ; 14.372 ; 14.414 ; 14.725 ;
; SW6        ; HEX4[1]     ; 13.728 ; 13.870 ; 14.081 ; 14.223 ;
; SW6        ; HEX4[2]     ; 13.462 ; 13.608 ; 13.815 ; 13.961 ;
; SW6        ; HEX4[3]     ; 13.891 ; 14.156 ; 14.244 ; 14.509 ;
; SW6        ; HEX4[4]     ; 13.361 ; 13.410 ; 13.714 ; 13.763 ;
; SW6        ; HEX4[5]     ; 13.541 ; 13.578 ; 13.894 ; 13.931 ;
; SW6        ; HEX4[6]     ; 13.758 ; 13.888 ; 14.111 ; 14.241 ;
; SW6        ; HEX5[0]     ; 12.588 ; 12.860 ; 12.941 ; 13.213 ;
; SW6        ; HEX5[2]     ; 12.458 ; 12.061 ; 12.811 ; 12.414 ;
; SW6        ; HEX5[3]     ; 12.523 ; 12.848 ; 12.876 ; 13.201 ;
; SW6        ; HEX5[4]     ; 15.470 ; 17.000 ; 15.823 ; 17.353 ;
; SW6        ; HEX5[5]     ; 14.595 ; 15.661 ; 14.936 ; 16.014 ;
; SW6        ; HEX5[6]     ; 12.106 ; 11.492 ; 12.402 ; 11.767 ;
; SW6        ; LED0        ; 10.865 ;        ;        ; 11.957 ;
; SW6        ; LED1        ; 12.272 ; 13.217 ; 12.625 ; 13.570 ;
; SW6        ; LED2        ; 13.837 ; 15.414 ; 14.121 ; 15.710 ;
; SW6        ; LED3        ; 13.601 ; 15.172 ; 13.839 ; 15.442 ;
; SW6        ; LED4        ; 11.117 ; 11.390 ; 11.373 ; 11.636 ;
; SW6        ; LED5        ; 11.060 ; 11.216 ; 11.294 ; 11.450 ;
; SW7        ; HEX4[0]     ; 12.916 ; 13.233 ; 13.298 ; 13.621 ;
; SW7        ; HEX4[1]     ; 12.577 ; 12.786 ; 12.965 ; 13.174 ;
; SW7        ; HEX4[2]     ; 12.419 ; 12.463 ; 12.798 ; 12.804 ;
; SW7        ; HEX4[3]     ; 12.763 ; 13.040 ; 13.151 ; 13.428 ;
; SW7        ; HEX4[4]     ; 12.256 ; 12.319 ; 12.644 ; 12.707 ;
; SW7        ; HEX4[5]     ; 12.414 ; 12.413 ; 12.802 ; 12.753 ;
; SW7        ; HEX4[6]     ; 12.635 ; 12.776 ; 13.023 ; 13.164 ;
; SW7        ; HEX5[0]     ; 11.902 ; 11.753 ; 12.235 ; 12.086 ;
; SW7        ; HEX5[2]     ; 11.328 ; 11.343 ; 11.661 ; 11.676 ;
; SW7        ; HEX5[3]     ; 11.842 ; 11.761 ; 12.175 ; 12.094 ;
; SW7        ; HEX5[4]     ; 14.722 ; 15.801 ; 15.078 ; 16.189 ;
; SW7        ; HEX5[5]     ; 13.484 ; 14.501 ; 13.817 ; 14.851 ;
; SW7        ; HEX5[6]     ; 11.743 ; 11.233 ; 12.076 ; 11.566 ;
; SW7        ; LED0        ; 11.411 ;        ;        ; 12.501 ;
; SW7        ; LED2        ; 13.241 ; 14.894 ; 13.579 ; 15.322 ;
; SW7        ; LED3        ; 13.424 ; 14.959 ; 13.757 ; 15.347 ;
; SW7        ; LED4        ; 10.940 ; 11.213 ; 11.291 ; 11.554 ;
; SW7        ; LED5        ; 10.883 ; 11.039 ; 11.212 ; 11.368 ;
; SW8        ; HEX4[0]     ; 12.567 ; 12.890 ; 13.235 ; 13.558 ;
; SW8        ; HEX4[1]     ; 12.234 ; 12.443 ; 12.902 ; 13.111 ;
; SW8        ; HEX4[2]     ; 12.067 ; 12.093 ; 12.735 ; 12.750 ;
; SW8        ; HEX4[3]     ; 12.420 ; 12.697 ; 13.088 ; 13.365 ;
; SW8        ; HEX4[4]     ; 11.913 ; 11.976 ; 12.581 ; 12.644 ;
; SW8        ; HEX4[5]     ; 12.071 ; 12.043 ; 12.739 ; 12.700 ;
; SW8        ; HEX4[6]     ; 12.292 ; 12.433 ; 12.960 ; 13.101 ;
; SW8        ; HEX5[0]     ; 11.532 ; 11.383 ; 12.189 ; 12.040 ;
; SW8        ; HEX5[2]     ; 10.958 ; 10.992 ; 11.615 ; 11.630 ;
; SW8        ; HEX5[3]     ; 11.472 ; 11.391 ; 12.129 ; 12.048 ;
; SW8        ; HEX5[4]     ; 14.352 ; 15.458 ; 15.015 ; 16.126 ;
; SW8        ; HEX5[5]     ; 13.377 ; 14.131 ; 13.429 ; 14.788 ;
; SW8        ; HEX5[6]     ; 11.373 ; 11.126 ; 12.030 ; 11.039 ;
; SW8        ; LED0        ; 10.525 ;        ;        ; 11.702 ;
; SW8        ; LED3        ; 13.317 ; 14.616 ; 13.230 ; 15.284 ;
; SW8        ; LED4        ; 10.679 ; 10.952 ; 10.952 ; 11.215 ;
; SW8        ; LED5        ; 10.622 ; 10.778 ; 10.873 ; 11.029 ;
; SW9        ; HEX4[0]     ; 12.194 ; 12.492 ; 12.509 ; 12.807 ;
; SW9        ; HEX4[1]     ; 11.849 ; 12.043 ; 12.164 ; 12.359 ;
; SW9        ; HEX4[2]     ; 11.697 ; 11.702 ; 12.012 ; 12.017 ;
; SW9        ; HEX4[3]     ; 12.010 ; 12.303 ; 12.336 ; 12.618 ;
; SW9        ; HEX4[4]     ; 11.526 ; 11.582 ; 11.841 ; 11.897 ;
; SW9        ; HEX4[5]     ; 11.669 ; 11.652 ; 11.987 ; 11.967 ;
; SW9        ; HEX4[6]     ; 11.911 ; 12.048 ; 12.226 ; 12.363 ;
; SW9        ; HEX5[0]     ; 11.089 ; 10.979 ; 11.404 ; 11.294 ;
; SW9        ; HEX5[2]     ; 10.282 ; 10.687 ; 10.558 ; 11.019 ;
; SW9        ; HEX5[3]     ; 11.029 ; 10.987 ; 11.344 ; 11.302 ;
; SW9        ; HEX5[4]     ; 13.987 ; 14.990 ; 14.302 ; 15.344 ;
; SW9        ; HEX5[5]     ; 12.748 ; 13.694 ; 13.024 ; 14.009 ;
; SW9        ; HEX5[6]     ; 10.939 ; 10.342 ; 11.254 ; 10.618 ;
; SW9        ; LED0        ; 10.705 ;        ;        ; 11.867 ;
; SW9        ; LED4        ; 10.271 ; 10.659 ; 10.547 ; 10.974 ;
; SW9        ; LED5        ; 10.631 ; 10.787 ; 10.902 ; 11.058 ;
+------------+-------------+--------+--------+--------+--------+


+----------------------------------------------------------+
; Minimum Propagation Delay                                ;
+------------+-------------+-------+-------+-------+-------+
; Input Port ; Output Port ; RR    ; RF    ; FR    ; FF    ;
+------------+-------------+-------+-------+-------+-------+
; KEY0       ; HEX4[0]     ; 4.926 ; 5.113 ; 5.446 ; 5.631 ;
; KEY0       ; HEX4[1]     ; 4.767 ; 4.955 ; 5.285 ; 5.473 ;
; KEY0       ; HEX4[2]     ; 4.686 ; 4.833 ; 5.204 ; 5.351 ;
; KEY0       ; HEX4[3]     ; 4.861 ; 5.042 ; 5.379 ; 5.560 ;
; KEY0       ; HEX4[4]     ; 4.574 ; 4.734 ; 5.103 ; 5.252 ;
; KEY0       ; HEX4[5]     ; 4.661 ; 4.774 ; 5.179 ; 5.292 ;
; KEY0       ; HEX4[6]     ; 4.754 ; 4.898 ; 5.272 ; 5.416 ;
; KEY0       ; HEX5[0]     ; 4.798 ; 4.567 ; 5.316 ; 5.085 ;
; KEY0       ; HEX5[2]     ; 4.455 ; 4.591 ; 4.973 ; 5.297 ;
; KEY0       ; HEX5[3]     ; 4.734 ; 4.560 ; 5.252 ; 5.078 ;
; KEY0       ; HEX5[4]     ; 6.292 ; 6.996 ; 6.810 ; 7.514 ;
; KEY0       ; HEX5[5]     ; 5.724 ; 6.258 ; 6.242 ; 6.964 ;
; KEY0       ; HEX5[6]     ; 4.752 ; 4.503 ; 5.458 ; 5.021 ;
; KEY0       ; LED0        ; 4.923 ; 5.356 ; 5.499 ; 5.929 ;
; KEY0       ; LED1        ; 5.248 ; 5.772 ; 5.822 ; 6.366 ;
; KEY0       ; LED2        ; 6.150 ; 7.107 ; 6.818 ; 7.597 ;
; KEY0       ; LED3        ; 6.356 ; 7.100 ; 6.976 ; 7.895 ;
; KEY0       ; LED4        ; 4.488 ; 4.654 ; 5.006 ; 5.360 ;
; KEY0       ; LED5        ; 4.295 ; 4.650 ; 5.004 ; 5.104 ;
; KEY1       ; HEX4[0]     ; 4.857 ; 5.092 ; 5.426 ; 5.661 ;
; KEY1       ; HEX4[1]     ; 4.753 ; 4.894 ; 5.322 ; 5.463 ;
; KEY1       ; HEX4[2]     ; 4.679 ; 4.770 ; 5.283 ; 5.339 ;
; KEY1       ; HEX4[3]     ; 4.838 ; 5.007 ; 5.407 ; 5.576 ;
; KEY1       ; HEX4[4]     ; 4.505 ; 4.727 ; 5.074 ; 5.331 ;
; KEY1       ; HEX4[5]     ; 4.638 ; 4.767 ; 5.207 ; 5.371 ;
; KEY1       ; HEX4[6]     ; 4.701 ; 4.891 ; 5.270 ; 5.495 ;
; KEY1       ; HEX5[0]     ; 4.791 ; 4.560 ; 5.395 ; 5.164 ;
; KEY1       ; HEX5[2]     ; 4.448 ; 4.753 ; 5.052 ; 5.228 ;
; KEY1       ; HEX5[3]     ; 4.727 ; 4.553 ; 5.331 ; 5.157 ;
; KEY1       ; HEX5[4]     ; 6.285 ; 6.989 ; 6.889 ; 7.593 ;
; KEY1       ; HEX5[5]     ; 5.717 ; 6.438 ; 6.321 ; 6.895 ;
; KEY1       ; HEX5[6]     ; 4.932 ; 4.496 ; 5.389 ; 5.100 ;
; KEY1       ; LED0        ; 4.854 ; 5.287 ; 5.423 ; 5.854 ;
; KEY1       ; LED1        ; 5.200 ; 5.750 ; 5.803 ; 6.310 ;
; KEY1       ; LED2        ; 6.159 ; 7.058 ; 6.747 ; 7.619 ;
; KEY1       ; LED3        ; 6.310 ; 7.280 ; 6.880 ; 7.697 ;
; KEY1       ; LED4        ; 4.481 ; 4.834 ; 5.085 ; 5.291 ;
; KEY1       ; LED5        ; 4.479 ; 4.578 ; 4.892 ; 5.287 ;
; KEY2       ; HEX4[0]     ; 4.741 ; 4.976 ; 5.288 ; 5.523 ;
; KEY2       ; HEX4[1]     ; 4.637 ; 4.778 ; 5.184 ; 5.325 ;
; KEY2       ; HEX4[2]     ; 4.597 ; 4.654 ; 5.239 ; 5.201 ;
; KEY2       ; HEX4[3]     ; 4.722 ; 4.891 ; 5.269 ; 5.438 ;
; KEY2       ; HEX4[4]     ; 4.389 ; 4.645 ; 4.936 ; 5.262 ;
; KEY2       ; HEX4[5]     ; 4.522 ; 4.685 ; 5.069 ; 5.334 ;
; KEY2       ; HEX4[6]     ; 4.585 ; 4.809 ; 5.132 ; 5.458 ;
; KEY2       ; HEX5[0]     ; 4.709 ; 4.478 ; 5.349 ; 5.139 ;
; KEY2       ; HEX5[2]     ; 4.366 ; 4.660 ; 5.027 ; 5.099 ;
; KEY2       ; HEX5[3]     ; 4.645 ; 4.471 ; 5.285 ; 5.132 ;
; KEY2       ; HEX5[4]     ; 6.203 ; 6.907 ; 6.864 ; 7.547 ;
; KEY2       ; HEX5[5]     ; 5.635 ; 6.327 ; 6.296 ; 6.766 ;
; KEY2       ; HEX5[6]     ; 4.821 ; 4.414 ; 5.260 ; 5.075 ;
; KEY2       ; LED0        ; 4.738 ; 5.197 ; 5.285 ; 5.693 ;
; KEY2       ; LED1        ; 5.146 ; 5.685 ; 5.667 ; 6.203 ;
; KEY2       ; LED2        ; 6.130 ; 6.956 ; 6.629 ; 7.554 ;
; KEY2       ; LED3        ; 6.291 ; 7.080 ; 6.813 ; 7.755 ;
; KEY2       ; LED4        ; 4.399 ; 4.723 ; 5.060 ; 5.162 ;
; KEY2       ; LED5        ; 4.397 ; 4.516 ; 4.801 ; 5.158 ;
; KEY3       ; HEX4[0]     ; 4.625 ; 4.860 ; 5.143 ; 5.378 ;
; KEY3       ; HEX4[1]     ; 4.521 ; 4.662 ; 5.039 ; 5.180 ;
; KEY3       ; HEX4[2]     ; 4.524 ; 4.538 ; 5.119 ; 5.056 ;
; KEY3       ; HEX4[3]     ; 4.606 ; 4.775 ; 5.124 ; 5.293 ;
; KEY3       ; HEX4[4]     ; 4.273 ; 4.572 ; 4.791 ; 5.142 ;
; KEY3       ; HEX4[5]     ; 4.406 ; 4.612 ; 4.924 ; 5.246 ;
; KEY3       ; HEX4[6]     ; 4.469 ; 4.736 ; 4.987 ; 5.338 ;
; KEY3       ; HEX5[0]     ; 4.636 ; 4.405 ; 5.268 ; 5.062 ;
; KEY3       ; HEX5[2]     ; 4.293 ; 4.590 ; 4.950 ; 5.018 ;
; KEY3       ; HEX5[3]     ; 4.572 ; 4.398 ; 5.204 ; 5.055 ;
; KEY3       ; HEX5[4]     ; 6.130 ; 6.834 ; 6.787 ; 7.466 ;
; KEY3       ; HEX5[5]     ; 5.562 ; 6.257 ; 6.219 ; 6.685 ;
; KEY3       ; HEX5[6]     ; 4.751 ; 4.341 ; 5.179 ; 4.998 ;
; KEY3       ; LED0        ; 4.622 ; 5.081 ; 5.140 ; 5.573 ;
; KEY3       ; LED1        ; 5.103 ; 5.547 ; 5.500 ; 6.163 ;
; KEY3       ; LED2        ; 6.060 ; 6.928 ; 6.584 ; 7.440 ;
; KEY3       ; LED3        ; 6.222 ; 7.010 ; 6.737 ; 7.678 ;
; KEY3       ; LED4        ; 4.326 ; 4.653 ; 4.983 ; 5.081 ;
; KEY3       ; LED5        ; 4.206 ; 4.682 ; 5.034 ; 4.955 ;
; SW0        ; HEX4[0]     ; 4.908 ; 5.093 ; 5.493 ; 5.678 ;
; SW0        ; HEX4[1]     ; 4.747 ; 4.935 ; 5.332 ; 5.520 ;
; SW0        ; HEX4[2]     ; 4.666 ; 4.813 ; 5.251 ; 5.398 ;
; SW0        ; HEX4[3]     ; 4.841 ; 5.022 ; 5.426 ; 5.607 ;
; SW0        ; HEX4[4]     ; 4.565 ; 4.714 ; 5.147 ; 5.299 ;
; SW0        ; HEX4[5]     ; 4.641 ; 4.754 ; 5.226 ; 5.339 ;
; SW0        ; HEX4[6]     ; 4.734 ; 4.878 ; 5.319 ; 5.463 ;
; SW0        ; HEX5[0]     ; 4.778 ; 4.547 ; 5.363 ; 5.132 ;
; SW0        ; HEX5[2]     ; 4.435 ; 4.635 ; 5.020 ; 5.217 ;
; SW0        ; HEX5[3]     ; 4.714 ; 4.540 ; 5.299 ; 5.125 ;
; SW0        ; HEX5[4]     ; 6.272 ; 6.976 ; 6.857 ; 7.561 ;
; SW0        ; HEX5[5]     ; 5.704 ; 6.302 ; 6.289 ; 6.884 ;
; SW0        ; HEX5[6]     ; 4.796 ; 4.483 ; 5.378 ; 5.068 ;
; SW0        ; LED0        ; 4.916 ; 5.338 ; 5.496 ; 5.916 ;
; SW0        ; LED1        ; 5.398 ; 5.940 ; 5.971 ; 6.509 ;
; SW0        ; LED2        ; 6.056 ; 6.896 ; 6.640 ; 7.478 ;
; SW0        ; LED3        ; 6.529 ; 7.480 ; 7.059 ; 8.019 ;
; SW0        ; LED4        ; 4.468 ; 4.698 ; 5.053 ; 5.280 ;
; SW0        ; LED5        ; 4.383 ; 5.012 ; 5.359 ; 5.191 ;
; SW1        ; HEX4[0]     ; 4.941 ; 5.126 ; 5.520 ; 5.705 ;
; SW1        ; HEX4[1]     ; 4.780 ; 4.968 ; 5.359 ; 5.547 ;
; SW1        ; HEX4[2]     ; 4.699 ; 4.846 ; 5.278 ; 5.425 ;
; SW1        ; HEX4[3]     ; 4.874 ; 5.055 ; 5.453 ; 5.634 ;
; SW1        ; HEX4[4]     ; 4.598 ; 4.747 ; 5.177 ; 5.326 ;
; SW1        ; HEX4[5]     ; 4.674 ; 4.787 ; 5.253 ; 5.366 ;
; SW1        ; HEX4[6]     ; 4.767 ; 4.911 ; 5.346 ; 5.490 ;
; SW1        ; HEX5[0]     ; 4.811 ; 4.580 ; 5.390 ; 5.159 ;
; SW1        ; HEX5[2]     ; 4.468 ; 4.668 ; 5.047 ; 5.244 ;
; SW1        ; HEX5[3]     ; 4.747 ; 4.573 ; 5.326 ; 5.152 ;
; SW1        ; HEX5[4]     ; 6.305 ; 7.009 ; 6.884 ; 7.588 ;
; SW1        ; HEX5[5]     ; 5.737 ; 6.335 ; 6.316 ; 6.911 ;
; SW1        ; HEX5[6]     ; 4.829 ; 4.516 ; 5.405 ; 5.095 ;
; SW1        ; LED0        ;       ; 5.756 ; 5.836 ;       ;
; SW1        ; LED1        ; 5.245 ; 5.814 ; 5.827 ; 6.356 ;
; SW1        ; LED2        ; 6.120 ; 6.969 ; 6.699 ; 7.546 ;
; SW1        ; LED3        ; 6.469 ; 7.420 ; 7.044 ; 7.995 ;
; SW1        ; LED4        ; 4.501 ; 4.731 ; 5.080 ; 5.307 ;
; SW1        ; LED5        ; 4.416 ; 4.952 ; 5.301 ; 5.218 ;
; SW2        ; HEX4[0]     ; 5.170 ; 5.355 ; 5.857 ; 6.042 ;
; SW2        ; HEX4[1]     ; 5.009 ; 5.197 ; 5.696 ; 5.884 ;
; SW2        ; HEX4[2]     ; 4.928 ; 5.075 ; 5.615 ; 5.762 ;
; SW2        ; HEX4[3]     ; 5.103 ; 5.284 ; 5.790 ; 5.971 ;
; SW2        ; HEX4[4]     ; 4.827 ; 4.976 ; 5.514 ; 5.663 ;
; SW2        ; HEX4[5]     ; 4.903 ; 5.016 ; 5.590 ; 5.703 ;
; SW2        ; HEX4[6]     ; 4.996 ; 5.140 ; 5.683 ; 5.827 ;
; SW2        ; HEX5[0]     ; 5.040 ; 4.809 ; 5.727 ; 5.496 ;
; SW2        ; HEX5[2]     ; 4.697 ; 4.897 ; 5.384 ; 5.581 ;
; SW2        ; HEX5[3]     ; 4.976 ; 4.802 ; 5.663 ; 5.489 ;
; SW2        ; HEX5[4]     ; 6.534 ; 7.238 ; 7.221 ; 7.925 ;
; SW2        ; HEX5[5]     ; 5.966 ; 6.564 ; 6.653 ; 7.248 ;
; SW2        ; HEX5[6]     ; 5.058 ; 4.745 ; 5.742 ; 5.432 ;
; SW2        ; LED0        ;       ; 5.986 ; 6.115 ;       ;
; SW2        ; LED2        ; 6.390 ; 7.261 ; 7.062 ; 7.908 ;
; SW2        ; LED3        ; 6.733 ; 7.684 ; 7.373 ; 8.324 ;
; SW2        ; LED4        ; 4.730 ; 4.960 ; 5.417 ; 5.644 ;
; SW2        ; LED5        ; 4.645 ; 5.216 ; 5.630 ; 5.555 ;
; SW3        ; HEX4[0]     ; 5.055 ; 5.240 ; 5.664 ; 5.849 ;
; SW3        ; HEX4[1]     ; 4.894 ; 5.082 ; 5.503 ; 5.691 ;
; SW3        ; HEX4[2]     ; 4.813 ; 4.960 ; 5.422 ; 5.569 ;
; SW3        ; HEX4[3]     ; 4.988 ; 5.169 ; 5.597 ; 5.778 ;
; SW3        ; HEX4[4]     ; 4.712 ; 4.861 ; 5.321 ; 5.470 ;
; SW3        ; HEX4[5]     ; 4.788 ; 4.901 ; 5.397 ; 5.510 ;
; SW3        ; HEX4[6]     ; 4.881 ; 5.025 ; 5.490 ; 5.634 ;
; SW3        ; HEX5[0]     ; 4.925 ; 4.694 ; 5.534 ; 5.303 ;
; SW3        ; HEX5[2]     ; 4.582 ; 4.782 ; 5.191 ; 5.388 ;
; SW3        ; HEX5[3]     ; 4.861 ; 4.687 ; 5.470 ; 5.296 ;
; SW3        ; HEX5[4]     ; 6.419 ; 7.123 ; 7.028 ; 7.732 ;
; SW3        ; HEX5[5]     ; 5.851 ; 6.449 ; 6.460 ; 7.055 ;
; SW3        ; HEX5[6]     ; 4.943 ; 4.630 ; 5.549 ; 5.239 ;
; SW3        ; LED0        ;       ; 5.736 ; 5.844 ;       ;
; SW3        ; LED3        ; 6.360 ; 7.299 ; 6.962 ; 7.899 ;
; SW3        ; LED4        ; 4.615 ; 4.845 ; 5.224 ; 5.451 ;
; SW3        ; LED5        ; 4.370 ; 5.018 ; 5.400 ; 5.237 ;
; SW4        ; HEX4[0]     ; 4.699 ; 4.884 ; 5.289 ; 5.474 ;
; SW4        ; HEX4[1]     ; 4.538 ; 4.726 ; 5.128 ; 5.316 ;
; SW4        ; HEX4[2]     ; 4.457 ; 4.604 ; 5.047 ; 5.194 ;
; SW4        ; HEX4[3]     ; 4.632 ; 4.813 ; 5.222 ; 5.403 ;
; SW4        ; HEX4[4]     ; 4.356 ; 4.505 ; 4.946 ; 5.095 ;
; SW4        ; HEX4[5]     ; 4.432 ; 4.545 ; 5.022 ; 5.135 ;
; SW4        ; HEX4[6]     ; 4.525 ; 4.669 ; 5.115 ; 5.259 ;
; SW4        ; HEX5[0]     ; 4.569 ; 4.338 ; 5.159 ; 4.928 ;
; SW4        ; HEX5[2]     ; 4.226 ; 4.416 ; 4.816 ; 5.004 ;
; SW4        ; HEX5[3]     ; 4.505 ; 4.331 ; 5.095 ; 4.921 ;
; SW4        ; HEX5[4]     ; 6.063 ; 6.767 ; 6.653 ; 7.357 ;
; SW4        ; HEX5[5]     ; 5.495 ; 6.083 ; 6.085 ; 6.671 ;
; SW4        ; HEX5[6]     ; 4.577 ; 4.274 ; 5.165 ; 4.864 ;
; SW4        ; LED0        ;       ; 5.819 ; 5.925 ;       ;
; SW4        ; LED4        ; 4.259 ; 4.479 ; 4.849 ; 5.067 ;
; SW4        ; LED5        ; 4.330 ; 5.048 ; 5.413 ; 5.159 ;
; SW5        ; HEX4[0]     ; 5.049 ; 5.284 ; 5.810 ; 5.995 ;
; SW5        ; HEX4[1]     ; 4.945 ; 5.086 ; 5.649 ; 5.837 ;
; SW5        ; HEX4[2]     ; 4.966 ; 4.962 ; 5.568 ; 5.715 ;
; SW5        ; HEX4[3]     ; 5.030 ; 5.199 ; 5.743 ; 5.924 ;
; SW5        ; HEX4[4]     ; 4.697 ; 5.014 ; 5.467 ; 5.616 ;
; SW5        ; HEX4[5]     ; 4.830 ; 5.054 ; 5.543 ; 5.656 ;
; SW5        ; HEX4[6]     ; 4.893 ; 5.178 ; 5.636 ; 5.780 ;
; SW5        ; HEX5[0]     ; 5.078 ; 4.847 ; 5.680 ; 5.449 ;
; SW5        ; HEX5[2]     ; 4.735 ; 4.930 ; 5.337 ; 5.533 ;
; SW5        ; HEX5[3]     ; 5.014 ; 4.840 ; 5.616 ; 5.442 ;
; SW5        ; HEX5[4]     ; 6.572 ; 7.276 ; 7.174 ; 7.878 ;
; SW5        ; HEX5[5]     ; 6.004 ; 6.597 ; 6.606 ; 7.200 ;
; SW5        ; HEX5[6]     ; 5.091 ; 4.783 ; 5.694 ; 5.385 ;
; SW5        ; LED0        ; 5.046 ; 5.690 ; 5.841 ; 6.063 ;
; SW5        ; LED1        ; 5.705 ; 6.246 ; 6.299 ; 6.840 ;
; SW5        ; LED2        ; 6.468 ; 7.324 ; 7.064 ; 7.918 ;
; SW5        ; LED3        ; 6.599 ; 7.550 ; 7.191 ; 8.142 ;
; SW5        ; LED4        ; 4.768 ; 4.993 ; 5.370 ; 5.596 ;
; SW5        ; LED5        ; 4.858 ; 5.082 ; 5.448 ; 5.672 ;
; SW6        ; HEX4[0]     ; 5.128 ; 5.313 ; 5.700 ; 5.885 ;
; SW6        ; HEX4[1]     ; 4.967 ; 5.155 ; 5.539 ; 5.727 ;
; SW6        ; HEX4[2]     ; 4.886 ; 5.033 ; 5.458 ; 5.605 ;
; SW6        ; HEX4[3]     ; 5.061 ; 5.242 ; 5.633 ; 5.814 ;
; SW6        ; HEX4[4]     ; 4.785 ; 4.934 ; 5.357 ; 5.506 ;
; SW6        ; HEX4[5]     ; 4.861 ; 4.974 ; 5.433 ; 5.546 ;
; SW6        ; HEX4[6]     ; 4.954 ; 5.098 ; 5.526 ; 5.670 ;
; SW6        ; HEX5[0]     ; 4.998 ; 4.767 ; 5.570 ; 5.339 ;
; SW6        ; HEX5[2]     ; 4.655 ; 4.823 ; 5.227 ; 5.423 ;
; SW6        ; HEX5[3]     ; 4.934 ; 4.760 ; 5.506 ; 5.332 ;
; SW6        ; HEX5[4]     ; 6.492 ; 7.196 ; 7.064 ; 7.768 ;
; SW6        ; HEX5[5]     ; 5.924 ; 6.517 ; 6.496 ; 7.090 ;
; SW6        ; HEX5[6]     ; 5.011 ; 4.703 ; 5.584 ; 5.275 ;
; SW6        ; LED0        ; 5.158 ;       ;       ; 6.211 ;
; SW6        ; LED1        ; 5.143 ; 5.980 ; 6.008 ; 6.237 ;
; SW6        ; LED2        ; 6.388 ; 7.244 ; 6.954 ; 7.808 ;
; SW6        ; LED3        ; 6.519 ; 7.470 ; 7.081 ; 8.032 ;
; SW6        ; LED4        ; 4.688 ; 4.913 ; 5.260 ; 5.486 ;
; SW6        ; LED5        ; 4.778 ; 5.002 ; 5.338 ; 5.562 ;
; SW7        ; HEX4[0]     ; 5.091 ; 5.276 ; 5.666 ; 5.851 ;
; SW7        ; HEX4[1]     ; 4.930 ; 5.118 ; 5.505 ; 5.693 ;
; SW7        ; HEX4[2]     ; 4.849 ; 4.996 ; 5.424 ; 5.571 ;
; SW7        ; HEX4[3]     ; 5.024 ; 5.205 ; 5.599 ; 5.780 ;
; SW7        ; HEX4[4]     ; 4.748 ; 4.897 ; 5.323 ; 5.472 ;
; SW7        ; HEX4[5]     ; 4.824 ; 4.937 ; 5.399 ; 5.512 ;
; SW7        ; HEX4[6]     ; 4.917 ; 5.061 ; 5.492 ; 5.636 ;
; SW7        ; HEX5[0]     ; 4.961 ; 4.730 ; 5.536 ; 5.305 ;
; SW7        ; HEX5[2]     ; 4.606 ; 4.681 ; 5.193 ; 5.341 ;
; SW7        ; HEX5[3]     ; 4.897 ; 4.723 ; 5.472 ; 5.298 ;
; SW7        ; HEX5[4]     ; 6.455 ; 7.159 ; 7.030 ; 7.734 ;
; SW7        ; HEX5[5]     ; 5.887 ; 6.480 ; 6.462 ; 7.056 ;
; SW7        ; HEX5[6]     ; 4.974 ; 4.666 ; 5.550 ; 5.241 ;
; SW7        ; LED0        ; 5.325 ;       ;       ; 6.388 ;
; SW7        ; LED2        ; 6.087 ; 7.047 ; 6.747 ; 7.513 ;
; SW7        ; LED3        ; 6.482 ; 7.433 ; 7.047 ; 7.998 ;
; SW7        ; LED4        ; 4.651 ; 4.876 ; 5.226 ; 5.452 ;
; SW7        ; LED5        ; 4.741 ; 4.965 ; 5.304 ; 5.528 ;
; SW8        ; HEX4[0]     ; 4.986 ; 5.171 ; 5.536 ; 5.721 ;
; SW8        ; HEX4[1]     ; 4.825 ; 5.013 ; 5.375 ; 5.563 ;
; SW8        ; HEX4[2]     ; 4.744 ; 4.891 ; 5.294 ; 5.441 ;
; SW8        ; HEX4[3]     ; 4.919 ; 5.100 ; 5.469 ; 5.650 ;
; SW8        ; HEX4[4]     ; 4.643 ; 4.792 ; 5.193 ; 5.342 ;
; SW8        ; HEX4[5]     ; 4.719 ; 4.832 ; 5.269 ; 5.382 ;
; SW8        ; HEX4[6]     ; 4.812 ; 4.956 ; 5.362 ; 5.506 ;
; SW8        ; HEX5[0]     ; 4.856 ; 4.625 ; 5.406 ; 5.175 ;
; SW8        ; HEX5[2]     ; 4.513 ; 4.707 ; 5.063 ; 5.245 ;
; SW8        ; HEX5[3]     ; 4.792 ; 4.618 ; 5.342 ; 5.168 ;
; SW8        ; HEX5[4]     ; 6.350 ; 7.054 ; 6.900 ; 7.604 ;
; SW8        ; HEX5[5]     ; 5.782 ; 6.375 ; 6.332 ; 6.926 ;
; SW8        ; HEX5[6]     ; 4.869 ; 4.561 ; 5.420 ; 5.111 ;
; SW8        ; LED0        ; 5.012 ;       ;       ; 6.073 ;
; SW8        ; LED3        ; 6.163 ; 7.122 ; 6.701 ; 7.679 ;
; SW8        ; LED4        ; 4.546 ; 4.771 ; 5.096 ; 5.322 ;
; SW8        ; LED5        ; 4.636 ; 4.860 ; 5.174 ; 5.398 ;
; SW9        ; HEX4[0]     ; 4.809 ; 4.994 ; 5.355 ; 5.540 ;
; SW9        ; HEX4[1]     ; 4.648 ; 4.836 ; 5.194 ; 5.382 ;
; SW9        ; HEX4[2]     ; 4.567 ; 4.714 ; 5.113 ; 5.260 ;
; SW9        ; HEX4[3]     ; 4.742 ; 4.923 ; 5.288 ; 5.469 ;
; SW9        ; HEX4[4]     ; 4.466 ; 4.615 ; 5.012 ; 5.161 ;
; SW9        ; HEX4[5]     ; 4.542 ; 4.655 ; 5.088 ; 5.201 ;
; SW9        ; HEX4[6]     ; 4.635 ; 4.779 ; 5.181 ; 5.325 ;
; SW9        ; HEX5[0]     ; 4.679 ; 4.448 ; 5.225 ; 4.994 ;
; SW9        ; HEX5[2]     ; 4.336 ; 4.547 ; 4.882 ; 5.102 ;
; SW9        ; HEX5[3]     ; 4.615 ; 4.441 ; 5.161 ; 4.987 ;
; SW9        ; HEX5[4]     ; 6.173 ; 6.877 ; 6.719 ; 7.423 ;
; SW9        ; HEX5[5]     ; 5.605 ; 6.214 ; 6.151 ; 6.769 ;
; SW9        ; HEX5[6]     ; 4.708 ; 4.384 ; 5.263 ; 4.930 ;
; SW9        ; LED0        ; 5.073 ;       ;       ; 6.115 ;
; SW9        ; LED4        ; 4.369 ; 4.610 ; 4.915 ; 5.165 ;
; SW9        ; LED5        ; 4.625 ; 4.849 ; 5.166 ; 5.390 ;
+------------+-------------+-------+-------+-------+-------+


+------------------------------------------------------------------------------------------------------------------------------------------------------------------------------------------------------------------------------------------------------------------------------------------------------------------------------------------------------------------------------------------------------------+
; Board Trace Model Assignments                                                                                                                                                                                                                                                                                                                                                                              ;
+---------+--------------+-------------------+-------------------------+-------------------------+---------------+---------------------+----------------+------------------+--------+------------------+------------------------+------------------------+--------------+---------------+-----------------+-------+---------------------+--------------------+---------------+-----------------+-------------+
; Pin     ; I/O Standard ; Near Tline Length ; Near Tline L per Length ; Near Tline C per Length ; Near Series R ; Near Differential R ; Near Pull-up R ; Near Pull-down R ; Near C ; Far Tline Length ; Far Tline L per Length ; Far Tline C per Length ; Far Series R ; Far Pull-up R ; Far Pull-down R ; Far C ; Termination Voltage ; Far Differential R ; EBD File Name ; EBD Signal Name ; EBD Far-end ;
+---------+--------------+-------------------+-------------------------+-------------------------+---------------+---------------------+----------------+------------------+--------+------------------+------------------------+------------------------+--------------+---------------+-----------------+-------+---------------------+--------------------+---------------+-----------------+-------------+
; LED0    ; 2.5 V        ; 0 in              ; 0 H/in                  ; 0 F/in                  ; short         ; -                   ; open           ; open             ; open   ; 0 in             ; 0 H/in                 ; 0 F/in                 ; short        ; open          ; open            ; open  ; 0 V                 ; -                  ; n/a           ; n/a             ; n/a         ;
; LED1    ; 2.5 V        ; 0 in              ; 0 H/in                  ; 0 F/in                  ; short         ; -                   ; open           ; open             ; open   ; 0 in             ; 0 H/in                 ; 0 F/in                 ; short        ; open          ; open            ; open  ; 0 V                 ; -                  ; n/a           ; n/a             ; n/a         ;
; LED2    ; 2.5 V        ; 0 in              ; 0 H/in                  ; 0 F/in                  ; short         ; -                   ; open           ; open             ; open   ; 0 in             ; 0 H/in                 ; 0 F/in                 ; short        ; open          ; open            ; open  ; 0 V                 ; -                  ; n/a           ; n/a             ; n/a         ;
; LED3    ; 2.5 V        ; 0 in              ; 0 H/in                  ; 0 F/in                  ; short         ; -                   ; open           ; open             ; open   ; 0 in             ; 0 H/in                 ; 0 F/in                 ; short        ; open          ; open            ; open  ; 0 V                 ; -                  ; n/a           ; n/a             ; n/a         ;
; LED4    ; 2.5 V        ; 0 in              ; 0 H/in                  ; 0 F/in                  ; short         ; -                   ; open           ; open             ; open   ; 0 in             ; 0 H/in                 ; 0 F/in                 ; short        ; open          ; open            ; open  ; 0 V                 ; -                  ; n/a           ; n/a             ; n/a         ;
; LED5    ; 2.5 V        ; 0 in              ; 0 H/in                  ; 0 F/in                  ; short         ; -                   ; open           ; open             ; open   ; 0 in             ; 0 H/in                 ; 0 F/in                 ; short        ; open          ; open            ; open  ; 0 V                 ; -                  ; n/a           ; n/a             ; n/a         ;
; LED6    ; 2.5 V        ; 0 in              ; 0 H/in                  ; 0 F/in                  ; short         ; -                   ; open           ; open             ; open   ; 0 in             ; 0 H/in                 ; 0 F/in                 ; short        ; open          ; open            ; open  ; 0 V                 ; -                  ; n/a           ; n/a             ; n/a         ;
; LED7    ; 2.5 V        ; 0 in              ; 0 H/in                  ; 0 F/in                  ; short         ; -                   ; open           ; open             ; open   ; 0 in             ; 0 H/in                 ; 0 F/in                 ; short        ; open          ; open            ; open  ; 0 V                 ; -                  ; n/a           ; n/a             ; n/a         ;
; LED8    ; 2.5 V        ; 0 in              ; 0 H/in                  ; 0 F/in                  ; short         ; -                   ; open           ; open             ; open   ; 0 in             ; 0 H/in                 ; 0 F/in                 ; short        ; open          ; open            ; open  ; 0 V                 ; -                  ; n/a           ; n/a             ; n/a         ;
; LED9    ; 2.5 V        ; 0 in              ; 0 H/in                  ; 0 F/in                  ; short         ; -                   ; open           ; open             ; open   ; 0 in             ; 0 H/in                 ; 0 F/in                 ; short        ; open          ; open            ; open  ; 0 V                 ; -                  ; n/a           ; n/a             ; n/a         ;
; HEX4[0] ; 2.5 V        ; 0 in              ; 0 H/in                  ; 0 F/in                  ; short         ; -                   ; open           ; open             ; open   ; 0 in             ; 0 H/in                 ; 0 F/in                 ; short        ; open          ; open            ; open  ; 0 V                 ; -                  ; n/a           ; n/a             ; n/a         ;
; HEX4[1] ; 2.5 V        ; 0 in              ; 0 H/in                  ; 0 F/in                  ; short         ; -                   ; open           ; open             ; open   ; 0 in             ; 0 H/in                 ; 0 F/in                 ; short        ; open          ; open            ; open  ; 0 V                 ; -                  ; n/a           ; n/a             ; n/a         ;
; HEX4[2] ; 2.5 V        ; 0 in              ; 0 H/in                  ; 0 F/in                  ; short         ; -                   ; open           ; open             ; open   ; 0 in             ; 0 H/in                 ; 0 F/in                 ; short        ; open          ; open            ; open  ; 0 V                 ; -                  ; n/a           ; n/a             ; n/a         ;
; HEX4[3] ; 2.5 V        ; 0 in              ; 0 H/in                  ; 0 F/in                  ; short         ; -                   ; open           ; open             ; open   ; 0 in             ; 0 H/in                 ; 0 F/in                 ; short        ; open          ; open            ; open  ; 0 V                 ; -                  ; n/a           ; n/a             ; n/a         ;
; HEX4[4] ; 2.5 V        ; 0 in              ; 0 H/in                  ; 0 F/in                  ; short         ; -                   ; open           ; open             ; open   ; 0 in             ; 0 H/in                 ; 0 F/in                 ; short        ; open          ; open            ; open  ; 0 V                 ; -                  ; n/a           ; n/a             ; n/a         ;
; HEX4[5] ; 2.5 V        ; 0 in              ; 0 H/in                  ; 0 F/in                  ; short         ; -                   ; open           ; open             ; open   ; 0 in             ; 0 H/in                 ; 0 F/in                 ; short        ; open          ; open            ; open  ; 0 V                 ; -                  ; n/a           ; n/a             ; n/a         ;
; HEX4[6] ; 2.5 V        ; 0 in              ; 0 H/in                  ; 0 F/in                  ; short         ; -                   ; open           ; open             ; open   ; 0 in             ; 0 H/in                 ; 0 F/in                 ; short        ; open          ; open            ; open  ; 0 V                 ; -                  ; n/a           ; n/a             ; n/a         ;
; HEX5[0] ; 2.5 V        ; 0 in              ; 0 H/in                  ; 0 F/in                  ; short         ; -                   ; open           ; open             ; open   ; 0 in             ; 0 H/in                 ; 0 F/in                 ; short        ; open          ; open            ; open  ; 0 V                 ; -                  ; n/a           ; n/a             ; n/a         ;
; HEX5[1] ; 2.5 V        ; 0 in              ; 0 H/in                  ; 0 F/in                  ; short         ; -                   ; open           ; open             ; open   ; 0 in             ; 0 H/in                 ; 0 F/in                 ; short        ; open          ; open            ; open  ; 0 V                 ; -                  ; n/a           ; n/a             ; n/a         ;
; HEX5[2] ; 2.5 V        ; 0 in              ; 0 H/in                  ; 0 F/in                  ; short         ; -                   ; open           ; open             ; open   ; 0 in             ; 0 H/in                 ; 0 F/in                 ; short        ; open          ; open            ; open  ; 0 V                 ; -                  ; n/a           ; n/a             ; n/a         ;
; HEX5[3] ; 2.5 V        ; 0 in              ; 0 H/in                  ; 0 F/in                  ; short         ; -                   ; open           ; open             ; open   ; 0 in             ; 0 H/in                 ; 0 F/in                 ; short        ; open          ; open            ; open  ; 0 V                 ; -                  ; n/a           ; n/a             ; n/a         ;
; HEX5[4] ; 2.5 V        ; 0 in              ; 0 H/in                  ; 0 F/in                  ; short         ; -                   ; open           ; open             ; open   ; 0 in             ; 0 H/in                 ; 0 F/in                 ; short        ; open          ; open            ; open  ; 0 V                 ; -                  ; n/a           ; n/a             ; n/a         ;
; HEX5[5] ; 2.5 V        ; 0 in              ; 0 H/in                  ; 0 F/in                  ; short         ; -                   ; open           ; open             ; open   ; 0 in             ; 0 H/in                 ; 0 F/in                 ; short        ; open          ; open            ; open  ; 0 V                 ; -                  ; n/a           ; n/a             ; n/a         ;
; HEX5[6] ; 2.5 V        ; 0 in              ; 0 H/in                  ; 0 F/in                  ; short         ; -                   ; open           ; open             ; open   ; 0 in             ; 0 H/in                 ; 0 F/in                 ; short        ; open          ; open            ; open  ; 0 V                 ; -                  ; n/a           ; n/a             ; n/a         ;
+---------+--------------+-------------------+-------------------------+-------------------------+---------------+---------------------+----------------+------------------+--------+------------------+------------------------+------------------------+--------------+---------------+-----------------+-------+---------------------+--------------------+---------------+-----------------+-------------+


+---------------------------------------------------------+
; Input Transition Times                                  ;
+------+--------------+-----------------+-----------------+
; Pin  ; I/O Standard ; 10-90 Rise Time ; 90-10 Fall Time ;
+------+--------------+-----------------+-----------------+
; KEY2 ; 2.5 V        ; 2000 ps         ; 2000 ps         ;
; KEY0 ; 2.5 V        ; 2000 ps         ; 2000 ps         ;
; KEY1 ; 2.5 V        ; 2000 ps         ; 2000 ps         ;
; KEY3 ; 2.5 V        ; 2000 ps         ; 2000 ps         ;
; SW4  ; 2.5 V        ; 2000 ps         ; 2000 ps         ;
; SW9  ; 2.5 V        ; 2000 ps         ; 2000 ps         ;
; SW3  ; 2.5 V        ; 2000 ps         ; 2000 ps         ;
; SW8  ; 2.5 V        ; 2000 ps         ; 2000 ps         ;
; SW5  ; 2.5 V        ; 2000 ps         ; 2000 ps         ;
; SW0  ; 2.5 V        ; 2000 ps         ; 2000 ps         ;
; SW2  ; 2.5 V        ; 2000 ps         ; 2000 ps         ;
; SW7  ; 2.5 V        ; 2000 ps         ; 2000 ps         ;
; SW1  ; 2.5 V        ; 2000 ps         ; 2000 ps         ;
; SW6  ; 2.5 V        ; 2000 ps         ; 2000 ps         ;
+------+--------------+-----------------+-----------------+


+--------------------------------------------------------------------------------------------------------------------------------------------------------------------------------------------------------------------------------------------------------------------------------------------------------------------------------------------------------------------------------------------------------------------------------------------------------------------------------------------------------------------------------------------------------------------------------------------------------------------------------------------------------------------------------------+
; Signal Integrity Metrics (Slow 1100mv 0c Model)                                                                                                                                                                                                                                                                                                                                                                                                                                                                                                                                                                                                                                      ;
+---------+--------------+---------------------+---------------------+------------------------------+------------------------------+---------------------+---------------------+--------------------------------------+--------------------------------------+-----------------------------+-----------------------------+----------------------------+----------------------------+-----------------------------+-----------------------------+--------------------+--------------------+-------------------------------------+-------------------------------------+----------------------------+----------------------------+---------------------------+---------------------------+
; Pin     ; I/O Standard ; Board Delay on Rise ; Board Delay on Fall ; Steady State Voh at FPGA Pin ; Steady State Vol at FPGA Pin ; Voh Max at FPGA Pin ; Vol Min at FPGA Pin ; Ringback Voltage on Rise at FPGA Pin ; Ringback Voltage on Fall at FPGA Pin ; 10-90 Rise Time at FPGA Pin ; 90-10 Fall Time at FPGA Pin ; Monotonic Rise at FPGA Pin ; Monotonic Fall at FPGA Pin ; Steady State Voh at Far-end ; Steady State Vol at Far-end ; Voh Max at Far-end ; Vol Min at Far-end ; Ringback Voltage on Rise at Far-end ; Ringback Voltage on Fall at Far-end ; 10-90 Rise Time at Far-end ; 90-10 Fall Time at Far-end ; Monotonic Rise at Far-end ; Monotonic Fall at Far-end ;
+---------+--------------+---------------------+---------------------+------------------------------+------------------------------+---------------------+---------------------+--------------------------------------+--------------------------------------+-----------------------------+-----------------------------+----------------------------+----------------------------+-----------------------------+-----------------------------+--------------------+--------------------+-------------------------------------+-------------------------------------+----------------------------+----------------------------+---------------------------+---------------------------+
; LED0    ; 2.5 V        ; 0 s                 ; 0 s                 ; 2.32 V                       ; 2.15e-07 V                   ; 2.41 V              ; -0.0492 V           ; 0.181 V                              ; 0.116 V                              ; 4.54e-10 s                  ; 4.44e-10 s                  ; No                         ; Yes                        ; 2.32 V                      ; 2.15e-07 V                  ; 2.41 V             ; -0.0492 V          ; 0.181 V                             ; 0.116 V                             ; 4.54e-10 s                 ; 4.44e-10 s                 ; No                        ; Yes                       ;
; LED1    ; 2.5 V        ; 0 s                 ; 0 s                 ; 2.32 V                       ; 2.15e-07 V                   ; 2.41 V              ; -0.0495 V           ; 0.18 V                               ; 0.115 V                              ; 4.54e-10 s                  ; 4.44e-10 s                  ; No                         ; Yes                        ; 2.32 V                      ; 2.15e-07 V                  ; 2.41 V             ; -0.0495 V          ; 0.18 V                              ; 0.115 V                             ; 4.54e-10 s                 ; 4.44e-10 s                 ; No                        ; Yes                       ;
; LED2    ; 2.5 V        ; 0 s                 ; 0 s                 ; 2.32 V                       ; 1.88e-07 V                   ; 2.35 V              ; -0.0185 V           ; 0.153 V                              ; 0.099 V                              ; 4.6e-10 s                   ; 4.48e-10 s                  ; No                         ; Yes                        ; 2.32 V                      ; 1.88e-07 V                  ; 2.35 V             ; -0.0185 V          ; 0.153 V                             ; 0.099 V                             ; 4.6e-10 s                  ; 4.48e-10 s                 ; No                        ; Yes                       ;
; LED3    ; 2.5 V        ; 0 s                 ; 0 s                 ; 2.32 V                       ; 2.19e-07 V                   ; 2.4 V               ; -0.039 V            ; 0.21 V                               ; 0.145 V                              ; 4.67e-10 s                  ; 4.63e-10 s                  ; No                         ; Yes                        ; 2.32 V                      ; 2.19e-07 V                  ; 2.4 V              ; -0.039 V           ; 0.21 V                              ; 0.145 V                             ; 4.67e-10 s                 ; 4.63e-10 s                 ; No                        ; Yes                       ;
; LED4    ; 2.5 V        ; 0 s                 ; 0 s                 ; 2.32 V                       ; 2.15e-07 V                   ; 2.41 V              ; -0.0492 V           ; 0.181 V                              ; 0.116 V                              ; 4.54e-10 s                  ; 4.44e-10 s                  ; No                         ; Yes                        ; 2.32 V                      ; 2.15e-07 V                  ; 2.41 V             ; -0.0492 V          ; 0.181 V                             ; 0.116 V                             ; 4.54e-10 s                 ; 4.44e-10 s                 ; No                        ; Yes                       ;
; LED5    ; 2.5 V        ; 0 s                 ; 0 s                 ; 2.32 V                       ; 2.15e-07 V                   ; 2.41 V              ; -0.0495 V           ; 0.18 V                               ; 0.115 V                              ; 4.54e-10 s                  ; 4.44e-10 s                  ; No                         ; Yes                        ; 2.32 V                      ; 2.15e-07 V                  ; 2.41 V             ; -0.0495 V          ; 0.18 V                              ; 0.115 V                             ; 4.54e-10 s                 ; 4.44e-10 s                 ; No                        ; Yes                       ;
; LED6    ; 2.5 V        ; 0 s                 ; 0 s                 ; 2.32 V                       ; 2.19e-07 V                   ; 2.4 V               ; -0.039 V            ; 0.21 V                               ; 0.145 V                              ; 4.67e-10 s                  ; 4.63e-10 s                  ; No                         ; Yes                        ; 2.32 V                      ; 2.19e-07 V                  ; 2.4 V              ; -0.039 V           ; 0.21 V                              ; 0.145 V                             ; 4.67e-10 s                 ; 4.63e-10 s                 ; No                        ; Yes                       ;
; LED7    ; 2.5 V        ; 0 s                 ; 0 s                 ; 2.32 V                       ; 1.88e-07 V                   ; 2.35 V              ; -0.0185 V           ; 0.153 V                              ; 0.099 V                              ; 4.6e-10 s                   ; 4.48e-10 s                  ; No                         ; Yes                        ; 2.32 V                      ; 1.88e-07 V                  ; 2.35 V             ; -0.0185 V          ; 0.153 V                             ; 0.099 V                             ; 4.6e-10 s                  ; 4.48e-10 s                 ; No                        ; Yes                       ;
; LED8    ; 2.5 V        ; 0 s                 ; 0 s                 ; 2.32 V                       ; 2.15e-07 V                   ; 2.41 V              ; -0.0492 V           ; 0.181 V                              ; 0.116 V                              ; 4.54e-10 s                  ; 4.44e-10 s                  ; No                         ; Yes                        ; 2.32 V                      ; 2.15e-07 V                  ; 2.41 V             ; -0.0492 V          ; 0.181 V                             ; 0.116 V                             ; 4.54e-10 s                 ; 4.44e-10 s                 ; No                        ; Yes                       ;
; LED9    ; 2.5 V        ; 0 s                 ; 0 s                 ; 2.32 V                       ; 2.15e-07 V                   ; 2.41 V              ; -0.0495 V           ; 0.18 V                               ; 0.115 V                              ; 4.54e-10 s                  ; 4.44e-10 s                  ; No                         ; Yes                        ; 2.32 V                      ; 2.15e-07 V                  ; 2.41 V             ; -0.0495 V          ; 0.18 V                              ; 0.115 V                             ; 4.54e-10 s                 ; 4.44e-10 s                 ; No                        ; Yes                       ;
; HEX4[0] ; 2.5 V        ; 0 s                 ; 0 s                 ; 2.32 V                       ; 2.15e-07 V                   ; 2.41 V              ; -0.0492 V           ; 0.181 V                              ; 0.116 V                              ; 4.54e-10 s                  ; 4.44e-10 s                  ; No                         ; Yes                        ; 2.32 V                      ; 2.15e-07 V                  ; 2.41 V             ; -0.0492 V          ; 0.181 V                             ; 0.116 V                             ; 4.54e-10 s                 ; 4.44e-10 s                 ; No                        ; Yes                       ;
; HEX4[1] ; 2.5 V        ; 0 s                 ; 0 s                 ; 2.32 V                       ; 1.88e-07 V                   ; 2.35 V              ; -0.0185 V           ; 0.153 V                              ; 0.099 V                              ; 4.6e-10 s                   ; 4.48e-10 s                  ; No                         ; Yes                        ; 2.32 V                      ; 1.88e-07 V                  ; 2.35 V             ; -0.0185 V          ; 0.153 V                             ; 0.099 V                             ; 4.6e-10 s                  ; 4.48e-10 s                 ; No                        ; Yes                       ;
; HEX4[2] ; 2.5 V        ; 0 s                 ; 0 s                 ; 2.32 V                       ; 1.88e-07 V                   ; 2.35 V              ; -0.0185 V           ; 0.153 V                              ; 0.099 V                              ; 4.6e-10 s                   ; 4.48e-10 s                  ; No                         ; Yes                        ; 2.32 V                      ; 1.88e-07 V                  ; 2.35 V             ; -0.0185 V          ; 0.153 V                             ; 0.099 V                             ; 4.6e-10 s                  ; 4.48e-10 s                 ; No                        ; Yes                       ;
; HEX4[3] ; 2.5 V        ; 0 s                 ; 0 s                 ; 2.32 V                       ; 1.88e-07 V                   ; 2.35 V              ; -0.0185 V           ; 0.153 V                              ; 0.099 V                              ; 4.6e-10 s                   ; 4.48e-10 s                  ; No                         ; Yes                        ; 2.32 V                      ; 1.88e-07 V                  ; 2.35 V             ; -0.0185 V          ; 0.153 V                             ; 0.099 V                             ; 4.6e-10 s                  ; 4.48e-10 s                 ; No                        ; Yes                       ;
; HEX4[4] ; 2.5 V        ; 0 s                 ; 0 s                 ; 2.32 V                       ; 2.19e-07 V                   ; 2.4 V               ; -0.039 V            ; 0.21 V                               ; 0.145 V                              ; 4.67e-10 s                  ; 4.63e-10 s                  ; No                         ; Yes                        ; 2.32 V                      ; 2.19e-07 V                  ; 2.4 V              ; -0.039 V           ; 0.21 V                              ; 0.145 V                             ; 4.67e-10 s                 ; 4.63e-10 s                 ; No                        ; Yes                       ;
; HEX4[5] ; 2.5 V        ; 0 s                 ; 0 s                 ; 2.32 V                       ; 2.19e-07 V                   ; 2.4 V               ; -0.039 V            ; 0.21 V                               ; 0.145 V                              ; 4.67e-10 s                  ; 4.63e-10 s                  ; No                         ; Yes                        ; 2.32 V                      ; 2.19e-07 V                  ; 2.4 V              ; -0.039 V           ; 0.21 V                              ; 0.145 V                             ; 4.67e-10 s                 ; 4.63e-10 s                 ; No                        ; Yes                       ;
; HEX4[6] ; 2.5 V        ; 0 s                 ; 0 s                 ; 2.32 V                       ; 1.88e-07 V                   ; 2.35 V              ; -0.0185 V           ; 0.153 V                              ; 0.099 V                              ; 4.6e-10 s                   ; 4.48e-10 s                  ; No                         ; Yes                        ; 2.32 V                      ; 1.88e-07 V                  ; 2.35 V             ; -0.0185 V          ; 0.153 V                             ; 0.099 V                             ; 4.6e-10 s                  ; 4.48e-10 s                 ; No                        ; Yes                       ;
; HEX5[0] ; 2.5 V        ; 0 s                 ; 0 s                 ; 2.32 V                       ; 2.19e-07 V                   ; 2.4 V               ; -0.039 V            ; 0.21 V                               ; 0.145 V                              ; 4.67e-10 s                  ; 4.63e-10 s                  ; No                         ; Yes                        ; 2.32 V                      ; 2.19e-07 V                  ; 2.4 V              ; -0.039 V           ; 0.21 V                              ; 0.145 V                             ; 4.67e-10 s                 ; 4.63e-10 s                 ; No                        ; Yes                       ;
; HEX5[1] ; 2.5 V        ; 0 s                 ; 0 s                 ; 2.32 V                       ; 1.88e-07 V                   ; 2.35 V              ; -0.0185 V           ; 0.153 V                              ; 0.099 V                              ; 4.6e-10 s                   ; 4.48e-10 s                  ; No                         ; Yes                        ; 2.32 V                      ; 1.88e-07 V                  ; 2.35 V             ; -0.0185 V          ; 0.153 V                             ; 0.099 V                             ; 4.6e-10 s                  ; 4.48e-10 s                 ; No                        ; Yes                       ;
; HEX5[2] ; 2.5 V        ; 0 s                 ; 0 s                 ; 2.32 V                       ; 1.88e-07 V                   ; 2.35 V              ; -0.0185 V           ; 0.153 V                              ; 0.099 V                              ; 4.6e-10 s                   ; 4.48e-10 s                  ; No                         ; Yes                        ; 2.32 V                      ; 1.88e-07 V                  ; 2.35 V             ; -0.0185 V          ; 0.153 V                             ; 0.099 V                             ; 4.6e-10 s                  ; 4.48e-10 s                 ; No                        ; Yes                       ;
; HEX5[3] ; 2.5 V        ; 0 s                 ; 0 s                 ; 2.32 V                       ; 1.88e-07 V                   ; 2.35 V              ; -0.0185 V           ; 0.153 V                              ; 0.099 V                              ; 4.6e-10 s                   ; 4.48e-10 s                  ; No                         ; Yes                        ; 2.32 V                      ; 1.88e-07 V                  ; 2.35 V             ; -0.0185 V          ; 0.153 V                             ; 0.099 V                             ; 4.6e-10 s                  ; 4.48e-10 s                 ; No                        ; Yes                       ;
; HEX5[4] ; 2.5 V        ; 0 s                 ; 0 s                 ; 2.32 V                       ; 2.15e-07 V                   ; 2.41 V              ; -0.0495 V           ; 0.18 V                               ; 0.115 V                              ; 4.54e-10 s                  ; 4.44e-10 s                  ; No                         ; Yes                        ; 2.32 V                      ; 2.15e-07 V                  ; 2.41 V             ; -0.0495 V          ; 0.18 V                              ; 0.115 V                             ; 4.54e-10 s                 ; 4.44e-10 s                 ; No                        ; Yes                       ;
; HEX5[5] ; 2.5 V        ; 0 s                 ; 0 s                 ; 2.32 V                       ; 2.15e-07 V                   ; 2.41 V              ; -0.0492 V           ; 0.181 V                              ; 0.116 V                              ; 4.54e-10 s                  ; 4.44e-10 s                  ; No                         ; Yes                        ; 2.32 V                      ; 2.15e-07 V                  ; 2.41 V             ; -0.0492 V          ; 0.181 V                             ; 0.116 V                             ; 4.54e-10 s                 ; 4.44e-10 s                 ; No                        ; Yes                       ;
; HEX5[6] ; 2.5 V        ; 0 s                 ; 0 s                 ; 2.32 V                       ; 2.19e-07 V                   ; 2.4 V               ; -0.039 V            ; 0.21 V                               ; 0.145 V                              ; 4.67e-10 s                  ; 4.63e-10 s                  ; No                         ; Yes                        ; 2.32 V                      ; 2.19e-07 V                  ; 2.4 V              ; -0.039 V           ; 0.21 V                              ; 0.145 V                             ; 4.67e-10 s                 ; 4.63e-10 s                 ; No                        ; Yes                       ;
+---------+--------------+---------------------+---------------------+------------------------------+------------------------------+---------------------+---------------------+--------------------------------------+--------------------------------------+-----------------------------+-----------------------------+----------------------------+----------------------------+-----------------------------+-----------------------------+--------------------+--------------------+-------------------------------------+-------------------------------------+----------------------------+----------------------------+---------------------------+---------------------------+


+--------------------------------------------------------------------------------------------------------------------------------------------------------------------------------------------------------------------------------------------------------------------------------------------------------------------------------------------------------------------------------------------------------------------------------------------------------------------------------------------------------------------------------------------------------------------------------------------------------------------------------------------------------------------------------------+
; Signal Integrity Metrics (Slow 1100mv 85c Model)                                                                                                                                                                                                                                                                                                                                                                                                                                                                                                                                                                                                                                     ;
+---------+--------------+---------------------+---------------------+------------------------------+------------------------------+---------------------+---------------------+--------------------------------------+--------------------------------------+-----------------------------+-----------------------------+----------------------------+----------------------------+-----------------------------+-----------------------------+--------------------+--------------------+-------------------------------------+-------------------------------------+----------------------------+----------------------------+---------------------------+---------------------------+
; Pin     ; I/O Standard ; Board Delay on Rise ; Board Delay on Fall ; Steady State Voh at FPGA Pin ; Steady State Vol at FPGA Pin ; Voh Max at FPGA Pin ; Vol Min at FPGA Pin ; Ringback Voltage on Rise at FPGA Pin ; Ringback Voltage on Fall at FPGA Pin ; 10-90 Rise Time at FPGA Pin ; 90-10 Fall Time at FPGA Pin ; Monotonic Rise at FPGA Pin ; Monotonic Fall at FPGA Pin ; Steady State Voh at Far-end ; Steady State Vol at Far-end ; Voh Max at Far-end ; Vol Min at Far-end ; Ringback Voltage on Rise at Far-end ; Ringback Voltage on Fall at Far-end ; 10-90 Rise Time at Far-end ; 90-10 Fall Time at Far-end ; Monotonic Rise at Far-end ; Monotonic Fall at Far-end ;
+---------+--------------+---------------------+---------------------+------------------------------+------------------------------+---------------------+---------------------+--------------------------------------+--------------------------------------+-----------------------------+-----------------------------+----------------------------+----------------------------+-----------------------------+-----------------------------+--------------------+--------------------+-------------------------------------+-------------------------------------+----------------------------+----------------------------+---------------------------+---------------------------+
; LED0    ; 2.5 V        ; 0 s                 ; 0 s                 ; 2.32 V                       ; 2.52e-05 V                   ; 2.38 V              ; -0.032 V            ; 0.204 V                              ; 0.181 V                              ; 4.74e-10 s                  ; 4.85e-10 s                  ; No                         ; Yes                        ; 2.32 V                      ; 2.52e-05 V                  ; 2.38 V             ; -0.032 V           ; 0.204 V                             ; 0.181 V                             ; 4.74e-10 s                 ; 4.85e-10 s                 ; No                        ; Yes                       ;
; LED1    ; 2.5 V        ; 0 s                 ; 0 s                 ; 2.32 V                       ; 2.52e-05 V                   ; 2.38 V              ; -0.0315 V           ; 0.205 V                              ; 0.182 V                              ; 4.74e-10 s                  ; 4.85e-10 s                  ; No                         ; Yes                        ; 2.32 V                      ; 2.52e-05 V                  ; 2.38 V             ; -0.0315 V          ; 0.205 V                             ; 0.182 V                             ; 4.74e-10 s                 ; 4.85e-10 s                 ; No                        ; Yes                       ;
; LED2    ; 2.5 V        ; 0 s                 ; 0 s                 ; 2.32 V                       ; 2.27e-05 V                   ; 2.34 V              ; -0.0089 V           ; 0.206 V                              ; 0.058 V                              ; 4.97e-10 s                  ; 5.13e-10 s                  ; Yes                        ; Yes                        ; 2.32 V                      ; 2.27e-05 V                  ; 2.34 V             ; -0.0089 V          ; 0.206 V                             ; 0.058 V                             ; 4.97e-10 s                 ; 5.13e-10 s                 ; Yes                       ; Yes                       ;
; LED3    ; 2.5 V        ; 0 s                 ; 0 s                 ; 2.32 V                       ; 2.56e-05 V                   ; 2.38 V              ; -0.026 V            ; 0.249 V                              ; 0.089 V                              ; 4.95e-10 s                  ; 6.01e-10 s                  ; No                         ; Yes                        ; 2.32 V                      ; 2.56e-05 V                  ; 2.38 V             ; -0.026 V           ; 0.249 V                             ; 0.089 V                             ; 4.95e-10 s                 ; 6.01e-10 s                 ; No                        ; Yes                       ;
; LED4    ; 2.5 V        ; 0 s                 ; 0 s                 ; 2.32 V                       ; 2.52e-05 V                   ; 2.38 V              ; -0.032 V            ; 0.204 V                              ; 0.181 V                              ; 4.74e-10 s                  ; 4.85e-10 s                  ; No                         ; Yes                        ; 2.32 V                      ; 2.52e-05 V                  ; 2.38 V             ; -0.032 V           ; 0.204 V                             ; 0.181 V                             ; 4.74e-10 s                 ; 4.85e-10 s                 ; No                        ; Yes                       ;
; LED5    ; 2.5 V        ; 0 s                 ; 0 s                 ; 2.32 V                       ; 2.52e-05 V                   ; 2.38 V              ; -0.0315 V           ; 0.205 V                              ; 0.182 V                              ; 4.74e-10 s                  ; 4.85e-10 s                  ; No                         ; Yes                        ; 2.32 V                      ; 2.52e-05 V                  ; 2.38 V             ; -0.0315 V          ; 0.205 V                             ; 0.182 V                             ; 4.74e-10 s                 ; 4.85e-10 s                 ; No                        ; Yes                       ;
; LED6    ; 2.5 V        ; 0 s                 ; 0 s                 ; 2.32 V                       ; 2.56e-05 V                   ; 2.38 V              ; -0.026 V            ; 0.249 V                              ; 0.089 V                              ; 4.95e-10 s                  ; 6.01e-10 s                  ; No                         ; Yes                        ; 2.32 V                      ; 2.56e-05 V                  ; 2.38 V             ; -0.026 V           ; 0.249 V                             ; 0.089 V                             ; 4.95e-10 s                 ; 6.01e-10 s                 ; No                        ; Yes                       ;
; LED7    ; 2.5 V        ; 0 s                 ; 0 s                 ; 2.32 V                       ; 2.27e-05 V                   ; 2.34 V              ; -0.0089 V           ; 0.206 V                              ; 0.058 V                              ; 4.97e-10 s                  ; 5.13e-10 s                  ; Yes                        ; Yes                        ; 2.32 V                      ; 2.27e-05 V                  ; 2.34 V             ; -0.0089 V          ; 0.206 V                             ; 0.058 V                             ; 4.97e-10 s                 ; 5.13e-10 s                 ; Yes                       ; Yes                       ;
; LED8    ; 2.5 V        ; 0 s                 ; 0 s                 ; 2.32 V                       ; 2.52e-05 V                   ; 2.38 V              ; -0.032 V            ; 0.204 V                              ; 0.181 V                              ; 4.74e-10 s                  ; 4.85e-10 s                  ; No                         ; Yes                        ; 2.32 V                      ; 2.52e-05 V                  ; 2.38 V             ; -0.032 V           ; 0.204 V                             ; 0.181 V                             ; 4.74e-10 s                 ; 4.85e-10 s                 ; No                        ; Yes                       ;
; LED9    ; 2.5 V        ; 0 s                 ; 0 s                 ; 2.32 V                       ; 2.52e-05 V                   ; 2.38 V              ; -0.0315 V           ; 0.205 V                              ; 0.182 V                              ; 4.74e-10 s                  ; 4.85e-10 s                  ; No                         ; Yes                        ; 2.32 V                      ; 2.52e-05 V                  ; 2.38 V             ; -0.0315 V          ; 0.205 V                             ; 0.182 V                             ; 4.74e-10 s                 ; 4.85e-10 s                 ; No                        ; Yes                       ;
; HEX4[0] ; 2.5 V        ; 0 s                 ; 0 s                 ; 2.32 V                       ; 2.52e-05 V                   ; 2.38 V              ; -0.032 V            ; 0.204 V                              ; 0.181 V                              ; 4.74e-10 s                  ; 4.85e-10 s                  ; No                         ; Yes                        ; 2.32 V                      ; 2.52e-05 V                  ; 2.38 V             ; -0.032 V           ; 0.204 V                             ; 0.181 V                             ; 4.74e-10 s                 ; 4.85e-10 s                 ; No                        ; Yes                       ;
; HEX4[1] ; 2.5 V        ; 0 s                 ; 0 s                 ; 2.32 V                       ; 2.27e-05 V                   ; 2.34 V              ; -0.0089 V           ; 0.206 V                              ; 0.058 V                              ; 4.97e-10 s                  ; 5.13e-10 s                  ; Yes                        ; Yes                        ; 2.32 V                      ; 2.27e-05 V                  ; 2.34 V             ; -0.0089 V          ; 0.206 V                             ; 0.058 V                             ; 4.97e-10 s                 ; 5.13e-10 s                 ; Yes                       ; Yes                       ;
; HEX4[2] ; 2.5 V        ; 0 s                 ; 0 s                 ; 2.32 V                       ; 2.27e-05 V                   ; 2.34 V              ; -0.0089 V           ; 0.206 V                              ; 0.058 V                              ; 4.97e-10 s                  ; 5.13e-10 s                  ; Yes                        ; Yes                        ; 2.32 V                      ; 2.27e-05 V                  ; 2.34 V             ; -0.0089 V          ; 0.206 V                             ; 0.058 V                             ; 4.97e-10 s                 ; 5.13e-10 s                 ; Yes                       ; Yes                       ;
; HEX4[3] ; 2.5 V        ; 0 s                 ; 0 s                 ; 2.32 V                       ; 2.27e-05 V                   ; 2.34 V              ; -0.0089 V           ; 0.206 V                              ; 0.058 V                              ; 4.97e-10 s                  ; 5.13e-10 s                  ; Yes                        ; Yes                        ; 2.32 V                      ; 2.27e-05 V                  ; 2.34 V             ; -0.0089 V          ; 0.206 V                             ; 0.058 V                             ; 4.97e-10 s                 ; 5.13e-10 s                 ; Yes                       ; Yes                       ;
; HEX4[4] ; 2.5 V        ; 0 s                 ; 0 s                 ; 2.32 V                       ; 2.56e-05 V                   ; 2.38 V              ; -0.026 V            ; 0.249 V                              ; 0.089 V                              ; 4.95e-10 s                  ; 6.01e-10 s                  ; No                         ; Yes                        ; 2.32 V                      ; 2.56e-05 V                  ; 2.38 V             ; -0.026 V           ; 0.249 V                             ; 0.089 V                             ; 4.95e-10 s                 ; 6.01e-10 s                 ; No                        ; Yes                       ;
; HEX4[5] ; 2.5 V        ; 0 s                 ; 0 s                 ; 2.32 V                       ; 2.56e-05 V                   ; 2.38 V              ; -0.026 V            ; 0.249 V                              ; 0.089 V                              ; 4.95e-10 s                  ; 6.01e-10 s                  ; No                         ; Yes                        ; 2.32 V                      ; 2.56e-05 V                  ; 2.38 V             ; -0.026 V           ; 0.249 V                             ; 0.089 V                             ; 4.95e-10 s                 ; 6.01e-10 s                 ; No                        ; Yes                       ;
; HEX4[6] ; 2.5 V        ; 0 s                 ; 0 s                 ; 2.32 V                       ; 2.27e-05 V                   ; 2.34 V              ; -0.0089 V           ; 0.206 V                              ; 0.058 V                              ; 4.97e-10 s                  ; 5.13e-10 s                  ; Yes                        ; Yes                        ; 2.32 V                      ; 2.27e-05 V                  ; 2.34 V             ; -0.0089 V          ; 0.206 V                             ; 0.058 V                             ; 4.97e-10 s                 ; 5.13e-10 s                 ; Yes                       ; Yes                       ;
; HEX5[0] ; 2.5 V        ; 0 s                 ; 0 s                 ; 2.32 V                       ; 2.56e-05 V                   ; 2.38 V              ; -0.026 V            ; 0.249 V                              ; 0.089 V                              ; 4.95e-10 s                  ; 6.01e-10 s                  ; No                         ; Yes                        ; 2.32 V                      ; 2.56e-05 V                  ; 2.38 V             ; -0.026 V           ; 0.249 V                             ; 0.089 V                             ; 4.95e-10 s                 ; 6.01e-10 s                 ; No                        ; Yes                       ;
; HEX5[1] ; 2.5 V        ; 0 s                 ; 0 s                 ; 2.32 V                       ; 2.27e-05 V                   ; 2.34 V              ; -0.0089 V           ; 0.206 V                              ; 0.058 V                              ; 4.97e-10 s                  ; 5.13e-10 s                  ; Yes                        ; Yes                        ; 2.32 V                      ; 2.27e-05 V                  ; 2.34 V             ; -0.0089 V          ; 0.206 V                             ; 0.058 V                             ; 4.97e-10 s                 ; 5.13e-10 s                 ; Yes                       ; Yes                       ;
; HEX5[2] ; 2.5 V        ; 0 s                 ; 0 s                 ; 2.32 V                       ; 2.27e-05 V                   ; 2.34 V              ; -0.0089 V           ; 0.206 V                              ; 0.058 V                              ; 4.97e-10 s                  ; 5.13e-10 s                  ; Yes                        ; Yes                        ; 2.32 V                      ; 2.27e-05 V                  ; 2.34 V             ; -0.0089 V          ; 0.206 V                             ; 0.058 V                             ; 4.97e-10 s                 ; 5.13e-10 s                 ; Yes                       ; Yes                       ;
; HEX5[3] ; 2.5 V        ; 0 s                 ; 0 s                 ; 2.32 V                       ; 2.27e-05 V                   ; 2.34 V              ; -0.0089 V           ; 0.206 V                              ; 0.058 V                              ; 4.97e-10 s                  ; 5.13e-10 s                  ; Yes                        ; Yes                        ; 2.32 V                      ; 2.27e-05 V                  ; 2.34 V             ; -0.0089 V          ; 0.206 V                             ; 0.058 V                             ; 4.97e-10 s                 ; 5.13e-10 s                 ; Yes                       ; Yes                       ;
; HEX5[4] ; 2.5 V        ; 0 s                 ; 0 s                 ; 2.32 V                       ; 2.52e-05 V                   ; 2.38 V              ; -0.0315 V           ; 0.205 V                              ; 0.182 V                              ; 4.74e-10 s                  ; 4.85e-10 s                  ; No                         ; Yes                        ; 2.32 V                      ; 2.52e-05 V                  ; 2.38 V             ; -0.0315 V          ; 0.205 V                             ; 0.182 V                             ; 4.74e-10 s                 ; 4.85e-10 s                 ; No                        ; Yes                       ;
; HEX5[5] ; 2.5 V        ; 0 s                 ; 0 s                 ; 2.32 V                       ; 2.52e-05 V                   ; 2.38 V              ; -0.032 V            ; 0.204 V                              ; 0.181 V                              ; 4.74e-10 s                  ; 4.85e-10 s                  ; No                         ; Yes                        ; 2.32 V                      ; 2.52e-05 V                  ; 2.38 V             ; -0.032 V           ; 0.204 V                             ; 0.181 V                             ; 4.74e-10 s                 ; 4.85e-10 s                 ; No                        ; Yes                       ;
; HEX5[6] ; 2.5 V        ; 0 s                 ; 0 s                 ; 2.32 V                       ; 2.56e-05 V                   ; 2.38 V              ; -0.026 V            ; 0.249 V                              ; 0.089 V                              ; 4.95e-10 s                  ; 6.01e-10 s                  ; No                         ; Yes                        ; 2.32 V                      ; 2.56e-05 V                  ; 2.38 V             ; -0.026 V           ; 0.249 V                             ; 0.089 V                             ; 4.95e-10 s                 ; 6.01e-10 s                 ; No                        ; Yes                       ;
+---------+--------------+---------------------+---------------------+------------------------------+------------------------------+---------------------+---------------------+--------------------------------------+--------------------------------------+-----------------------------+-----------------------------+----------------------------+----------------------------+-----------------------------+-----------------------------+--------------------+--------------------+-------------------------------------+-------------------------------------+----------------------------+----------------------------+---------------------------+---------------------------+


+--------------------------------------------------------------------------------------------------------------------------------------------------------------------------------------------------------------------------------------------------------------------------------------------------------------------------------------------------------------------------------------------------------------------------------------------------------------------------------------------------------------------------------------------------------------------------------------------------------------------------------------------------------------------------------------+
; Signal Integrity Metrics (Fast 1100mv 0c Model)                                                                                                                                                                                                                                                                                                                                                                                                                                                                                                                                                                                                                                      ;
+---------+--------------+---------------------+---------------------+------------------------------+------------------------------+---------------------+---------------------+--------------------------------------+--------------------------------------+-----------------------------+-----------------------------+----------------------------+----------------------------+-----------------------------+-----------------------------+--------------------+--------------------+-------------------------------------+-------------------------------------+----------------------------+----------------------------+---------------------------+---------------------------+
; Pin     ; I/O Standard ; Board Delay on Rise ; Board Delay on Fall ; Steady State Voh at FPGA Pin ; Steady State Vol at FPGA Pin ; Voh Max at FPGA Pin ; Vol Min at FPGA Pin ; Ringback Voltage on Rise at FPGA Pin ; Ringback Voltage on Fall at FPGA Pin ; 10-90 Rise Time at FPGA Pin ; 90-10 Fall Time at FPGA Pin ; Monotonic Rise at FPGA Pin ; Monotonic Fall at FPGA Pin ; Steady State Voh at Far-end ; Steady State Vol at Far-end ; Voh Max at Far-end ; Vol Min at Far-end ; Ringback Voltage on Rise at Far-end ; Ringback Voltage on Fall at Far-end ; 10-90 Rise Time at Far-end ; 90-10 Fall Time at Far-end ; Monotonic Rise at Far-end ; Monotonic Fall at Far-end ;
+---------+--------------+---------------------+---------------------+------------------------------+------------------------------+---------------------+---------------------+--------------------------------------+--------------------------------------+-----------------------------+-----------------------------+----------------------------+----------------------------+-----------------------------+-----------------------------+--------------------+--------------------+-------------------------------------+-------------------------------------+----------------------------+----------------------------+---------------------------+---------------------------+
; LED0    ; 2.5 V        ; 0 s                 ; 0 s                 ; 2.75 V                       ; 4.14e-06 V                   ; 2.91 V              ; -0.119 V            ; 0.326 V                              ; 0.298 V                              ; 2.74e-10 s                  ; 2.8e-10 s                   ; No                         ; No                         ; 2.75 V                      ; 4.14e-06 V                  ; 2.91 V             ; -0.119 V           ; 0.326 V                             ; 0.298 V                             ; 2.74e-10 s                 ; 2.8e-10 s                  ; No                        ; No                        ;
; LED1    ; 2.5 V        ; 0 s                 ; 0 s                 ; 2.75 V                       ; 4.14e-06 V                   ; 2.91 V              ; -0.121 V            ; 0.326 V                              ; 0.297 V                              ; 2.74e-10 s                  ; 2.8e-10 s                   ; No                         ; No                         ; 2.75 V                      ; 4.14e-06 V                  ; 2.91 V             ; -0.121 V           ; 0.326 V                             ; 0.297 V                             ; 2.74e-10 s                 ; 2.8e-10 s                  ; No                        ; No                        ;
; LED2    ; 2.5 V        ; 0 s                 ; 0 s                 ; 2.75 V                       ; 3.54e-06 V                   ; 2.81 V              ; -0.0578 V           ; 0.303 V                              ; 0.28 V                               ; 2.93e-10 s                  ; 3.01e-10 s                  ; No                         ; No                         ; 2.75 V                      ; 3.54e-06 V                  ; 2.81 V             ; -0.0578 V          ; 0.303 V                             ; 0.28 V                              ; 2.93e-10 s                 ; 3.01e-10 s                 ; No                        ; No                        ;
; LED3    ; 2.5 V        ; 0 s                 ; 0 s                 ; 2.75 V                       ; 4.25e-06 V                   ; 2.9 V               ; -0.107 V            ; 0.378 V                              ; 0.16 V                               ; 2.87e-10 s                  ; 4.28e-10 s                  ; No                         ; No                         ; 2.75 V                      ; 4.25e-06 V                  ; 2.9 V              ; -0.107 V           ; 0.378 V                             ; 0.16 V                              ; 2.87e-10 s                 ; 4.28e-10 s                 ; No                        ; No                        ;
; LED4    ; 2.5 V        ; 0 s                 ; 0 s                 ; 2.75 V                       ; 4.14e-06 V                   ; 2.91 V              ; -0.119 V            ; 0.326 V                              ; 0.298 V                              ; 2.74e-10 s                  ; 2.8e-10 s                   ; No                         ; No                         ; 2.75 V                      ; 4.14e-06 V                  ; 2.91 V             ; -0.119 V           ; 0.326 V                             ; 0.298 V                             ; 2.74e-10 s                 ; 2.8e-10 s                  ; No                        ; No                        ;
; LED5    ; 2.5 V        ; 0 s                 ; 0 s                 ; 2.75 V                       ; 4.14e-06 V                   ; 2.91 V              ; -0.121 V            ; 0.326 V                              ; 0.297 V                              ; 2.74e-10 s                  ; 2.8e-10 s                   ; No                         ; No                         ; 2.75 V                      ; 4.14e-06 V                  ; 2.91 V             ; -0.121 V           ; 0.326 V                             ; 0.297 V                             ; 2.74e-10 s                 ; 2.8e-10 s                  ; No                        ; No                        ;
; LED6    ; 2.5 V        ; 0 s                 ; 0 s                 ; 2.75 V                       ; 4.25e-06 V                   ; 2.9 V               ; -0.107 V            ; 0.378 V                              ; 0.16 V                               ; 2.87e-10 s                  ; 4.28e-10 s                  ; No                         ; No                         ; 2.75 V                      ; 4.25e-06 V                  ; 2.9 V              ; -0.107 V           ; 0.378 V                             ; 0.16 V                              ; 2.87e-10 s                 ; 4.28e-10 s                 ; No                        ; No                        ;
; LED7    ; 2.5 V        ; 0 s                 ; 0 s                 ; 2.75 V                       ; 3.54e-06 V                   ; 2.81 V              ; -0.0578 V           ; 0.303 V                              ; 0.28 V                               ; 2.93e-10 s                  ; 3.01e-10 s                  ; No                         ; No                         ; 2.75 V                      ; 3.54e-06 V                  ; 2.81 V             ; -0.0578 V          ; 0.303 V                             ; 0.28 V                              ; 2.93e-10 s                 ; 3.01e-10 s                 ; No                        ; No                        ;
; LED8    ; 2.5 V        ; 0 s                 ; 0 s                 ; 2.75 V                       ; 4.14e-06 V                   ; 2.91 V              ; -0.119 V            ; 0.326 V                              ; 0.298 V                              ; 2.74e-10 s                  ; 2.8e-10 s                   ; No                         ; No                         ; 2.75 V                      ; 4.14e-06 V                  ; 2.91 V             ; -0.119 V           ; 0.326 V                             ; 0.298 V                             ; 2.74e-10 s                 ; 2.8e-10 s                  ; No                        ; No                        ;
; LED9    ; 2.5 V        ; 0 s                 ; 0 s                 ; 2.75 V                       ; 4.14e-06 V                   ; 2.91 V              ; -0.121 V            ; 0.326 V                              ; 0.297 V                              ; 2.74e-10 s                  ; 2.8e-10 s                   ; No                         ; No                         ; 2.75 V                      ; 4.14e-06 V                  ; 2.91 V             ; -0.121 V           ; 0.326 V                             ; 0.297 V                             ; 2.74e-10 s                 ; 2.8e-10 s                  ; No                        ; No                        ;
; HEX4[0] ; 2.5 V        ; 0 s                 ; 0 s                 ; 2.75 V                       ; 4.14e-06 V                   ; 2.91 V              ; -0.119 V            ; 0.326 V                              ; 0.298 V                              ; 2.74e-10 s                  ; 2.8e-10 s                   ; No                         ; No                         ; 2.75 V                      ; 4.14e-06 V                  ; 2.91 V             ; -0.119 V           ; 0.326 V                             ; 0.298 V                             ; 2.74e-10 s                 ; 2.8e-10 s                  ; No                        ; No                        ;
; HEX4[1] ; 2.5 V        ; 0 s                 ; 0 s                 ; 2.75 V                       ; 3.54e-06 V                   ; 2.81 V              ; -0.0578 V           ; 0.303 V                              ; 0.28 V                               ; 2.93e-10 s                  ; 3.01e-10 s                  ; No                         ; No                         ; 2.75 V                      ; 3.54e-06 V                  ; 2.81 V             ; -0.0578 V          ; 0.303 V                             ; 0.28 V                              ; 2.93e-10 s                 ; 3.01e-10 s                 ; No                        ; No                        ;
; HEX4[2] ; 2.5 V        ; 0 s                 ; 0 s                 ; 2.75 V                       ; 3.54e-06 V                   ; 2.81 V              ; -0.0578 V           ; 0.303 V                              ; 0.28 V                               ; 2.93e-10 s                  ; 3.01e-10 s                  ; No                         ; No                         ; 2.75 V                      ; 3.54e-06 V                  ; 2.81 V             ; -0.0578 V          ; 0.303 V                             ; 0.28 V                              ; 2.93e-10 s                 ; 3.01e-10 s                 ; No                        ; No                        ;
; HEX4[3] ; 2.5 V        ; 0 s                 ; 0 s                 ; 2.75 V                       ; 3.54e-06 V                   ; 2.81 V              ; -0.0578 V           ; 0.303 V                              ; 0.28 V                               ; 2.93e-10 s                  ; 3.01e-10 s                  ; No                         ; No                         ; 2.75 V                      ; 3.54e-06 V                  ; 2.81 V             ; -0.0578 V          ; 0.303 V                             ; 0.28 V                              ; 2.93e-10 s                 ; 3.01e-10 s                 ; No                        ; No                        ;
; HEX4[4] ; 2.5 V        ; 0 s                 ; 0 s                 ; 2.75 V                       ; 4.25e-06 V                   ; 2.9 V               ; -0.107 V            ; 0.378 V                              ; 0.16 V                               ; 2.87e-10 s                  ; 4.28e-10 s                  ; No                         ; No                         ; 2.75 V                      ; 4.25e-06 V                  ; 2.9 V              ; -0.107 V           ; 0.378 V                             ; 0.16 V                              ; 2.87e-10 s                 ; 4.28e-10 s                 ; No                        ; No                        ;
; HEX4[5] ; 2.5 V        ; 0 s                 ; 0 s                 ; 2.75 V                       ; 4.25e-06 V                   ; 2.9 V               ; -0.107 V            ; 0.378 V                              ; 0.16 V                               ; 2.87e-10 s                  ; 4.28e-10 s                  ; No                         ; No                         ; 2.75 V                      ; 4.25e-06 V                  ; 2.9 V              ; -0.107 V           ; 0.378 V                             ; 0.16 V                              ; 2.87e-10 s                 ; 4.28e-10 s                 ; No                        ; No                        ;
; HEX4[6] ; 2.5 V        ; 0 s                 ; 0 s                 ; 2.75 V                       ; 3.54e-06 V                   ; 2.81 V              ; -0.0578 V           ; 0.303 V                              ; 0.28 V                               ; 2.93e-10 s                  ; 3.01e-10 s                  ; No                         ; No                         ; 2.75 V                      ; 3.54e-06 V                  ; 2.81 V             ; -0.0578 V          ; 0.303 V                             ; 0.28 V                              ; 2.93e-10 s                 ; 3.01e-10 s                 ; No                        ; No                        ;
; HEX5[0] ; 2.5 V        ; 0 s                 ; 0 s                 ; 2.75 V                       ; 4.25e-06 V                   ; 2.9 V               ; -0.107 V            ; 0.378 V                              ; 0.16 V                               ; 2.87e-10 s                  ; 4.28e-10 s                  ; No                         ; No                         ; 2.75 V                      ; 4.25e-06 V                  ; 2.9 V              ; -0.107 V           ; 0.378 V                             ; 0.16 V                              ; 2.87e-10 s                 ; 4.28e-10 s                 ; No                        ; No                        ;
; HEX5[1] ; 2.5 V        ; 0 s                 ; 0 s                 ; 2.75 V                       ; 3.54e-06 V                   ; 2.81 V              ; -0.0578 V           ; 0.303 V                              ; 0.28 V                               ; 2.93e-10 s                  ; 3.01e-10 s                  ; No                         ; No                         ; 2.75 V                      ; 3.54e-06 V                  ; 2.81 V             ; -0.0578 V          ; 0.303 V                             ; 0.28 V                              ; 2.93e-10 s                 ; 3.01e-10 s                 ; No                        ; No                        ;
; HEX5[2] ; 2.5 V        ; 0 s                 ; 0 s                 ; 2.75 V                       ; 3.54e-06 V                   ; 2.81 V              ; -0.0578 V           ; 0.303 V                              ; 0.28 V                               ; 2.93e-10 s                  ; 3.01e-10 s                  ; No                         ; No                         ; 2.75 V                      ; 3.54e-06 V                  ; 2.81 V             ; -0.0578 V          ; 0.303 V                             ; 0.28 V                              ; 2.93e-10 s                 ; 3.01e-10 s                 ; No                        ; No                        ;
; HEX5[3] ; 2.5 V        ; 0 s                 ; 0 s                 ; 2.75 V                       ; 3.54e-06 V                   ; 2.81 V              ; -0.0578 V           ; 0.303 V                              ; 0.28 V                               ; 2.93e-10 s                  ; 3.01e-10 s                  ; No                         ; No                         ; 2.75 V                      ; 3.54e-06 V                  ; 2.81 V             ; -0.0578 V          ; 0.303 V                             ; 0.28 V                              ; 2.93e-10 s                 ; 3.01e-10 s                 ; No                        ; No                        ;
; HEX5[4] ; 2.5 V        ; 0 s                 ; 0 s                 ; 2.75 V                       ; 4.14e-06 V                   ; 2.91 V              ; -0.121 V            ; 0.326 V                              ; 0.297 V                              ; 2.74e-10 s                  ; 2.8e-10 s                   ; No                         ; No                         ; 2.75 V                      ; 4.14e-06 V                  ; 2.91 V             ; -0.121 V           ; 0.326 V                             ; 0.297 V                             ; 2.74e-10 s                 ; 2.8e-10 s                  ; No                        ; No                        ;
; HEX5[5] ; 2.5 V        ; 0 s                 ; 0 s                 ; 2.75 V                       ; 4.14e-06 V                   ; 2.91 V              ; -0.119 V            ; 0.326 V                              ; 0.298 V                              ; 2.74e-10 s                  ; 2.8e-10 s                   ; No                         ; No                         ; 2.75 V                      ; 4.14e-06 V                  ; 2.91 V             ; -0.119 V           ; 0.326 V                             ; 0.298 V                             ; 2.74e-10 s                 ; 2.8e-10 s                  ; No                        ; No                        ;
; HEX5[6] ; 2.5 V        ; 0 s                 ; 0 s                 ; 2.75 V                       ; 4.25e-06 V                   ; 2.9 V               ; -0.107 V            ; 0.378 V                              ; 0.16 V                               ; 2.87e-10 s                  ; 4.28e-10 s                  ; No                         ; No                         ; 2.75 V                      ; 4.25e-06 V                  ; 2.9 V              ; -0.107 V           ; 0.378 V                             ; 0.16 V                              ; 2.87e-10 s                 ; 4.28e-10 s                 ; No                        ; No                        ;
+---------+--------------+---------------------+---------------------+------------------------------+------------------------------+---------------------+---------------------+--------------------------------------+--------------------------------------+-----------------------------+-----------------------------+----------------------------+----------------------------+-----------------------------+-----------------------------+--------------------+--------------------+-------------------------------------+-------------------------------------+----------------------------+----------------------------+---------------------------+---------------------------+


+--------------------------------------------------------------------------------------------------------------------------------------------------------------------------------------------------------------------------------------------------------------------------------------------------------------------------------------------------------------------------------------------------------------------------------------------------------------------------------------------------------------------------------------------------------------------------------------------------------------------------------------------------------------------------------------+
; Signal Integrity Metrics (Fast 1100mv 85c Model)                                                                                                                                                                                                                                                                                                                                                                                                                                                                                                                                                                                                                                     ;
+---------+--------------+---------------------+---------------------+------------------------------+------------------------------+---------------------+---------------------+--------------------------------------+--------------------------------------+-----------------------------+-----------------------------+----------------------------+----------------------------+-----------------------------+-----------------------------+--------------------+--------------------+-------------------------------------+-------------------------------------+----------------------------+----------------------------+---------------------------+---------------------------+
; Pin     ; I/O Standard ; Board Delay on Rise ; Board Delay on Fall ; Steady State Voh at FPGA Pin ; Steady State Vol at FPGA Pin ; Voh Max at FPGA Pin ; Vol Min at FPGA Pin ; Ringback Voltage on Rise at FPGA Pin ; Ringback Voltage on Fall at FPGA Pin ; 10-90 Rise Time at FPGA Pin ; 90-10 Fall Time at FPGA Pin ; Monotonic Rise at FPGA Pin ; Monotonic Fall at FPGA Pin ; Steady State Voh at Far-end ; Steady State Vol at Far-end ; Voh Max at Far-end ; Vol Min at Far-end ; Ringback Voltage on Rise at Far-end ; Ringback Voltage on Fall at Far-end ; 10-90 Rise Time at Far-end ; 90-10 Fall Time at Far-end ; Monotonic Rise at Far-end ; Monotonic Fall at Far-end ;
+---------+--------------+---------------------+---------------------+------------------------------+------------------------------+---------------------+---------------------+--------------------------------------+--------------------------------------+-----------------------------+-----------------------------+----------------------------+----------------------------+-----------------------------+-----------------------------+--------------------+--------------------+-------------------------------------+-------------------------------------+----------------------------+----------------------------+---------------------------+---------------------------+
; LED0    ; 2.5 V        ; 0 s                 ; 0 s                 ; 2.75 V                       ; 0.000242 V                   ; 2.86 V              ; -0.0805 V           ; 0.358 V                              ; 0.156 V                              ; 3.01e-10 s                  ; 4.34e-10 s                  ; No                         ; No                         ; 2.75 V                      ; 0.000242 V                  ; 2.86 V             ; -0.0805 V          ; 0.358 V                             ; 0.156 V                             ; 3.01e-10 s                 ; 4.34e-10 s                 ; No                        ; No                        ;
; LED1    ; 2.5 V        ; 0 s                 ; 0 s                 ; 2.75 V                       ; 0.000242 V                   ; 2.86 V              ; -0.0814 V           ; 0.36 V                               ; 0.156 V                              ; 3e-10 s                     ; 4.34e-10 s                  ; No                         ; No                         ; 2.75 V                      ; 0.000242 V                  ; 2.86 V             ; -0.0814 V          ; 0.36 V                              ; 0.156 V                             ; 3e-10 s                    ; 4.34e-10 s                 ; No                        ; No                        ;
; LED2    ; 2.5 V        ; 0 s                 ; 0 s                 ; 2.75 V                       ; 0.000213 V                   ; 2.79 V              ; -0.0324 V           ; 0.139 V                              ; 0.119 V                              ; 4.42e-10 s                  ; 4.33e-10 s                  ; No                         ; Yes                        ; 2.75 V                      ; 0.000213 V                  ; 2.79 V             ; -0.0324 V          ; 0.139 V                             ; 0.119 V                             ; 4.42e-10 s                 ; 4.33e-10 s                 ; No                        ; Yes                       ;
; LED3    ; 2.5 V        ; 0 s                 ; 0 s                 ; 2.75 V                       ; 0.000247 V                   ; 2.85 V              ; -0.0711 V           ; 0.204 V                              ; 0.181 V                              ; 4.55e-10 s                  ; 4.49e-10 s                  ; No                         ; No                         ; 2.75 V                      ; 0.000247 V                  ; 2.85 V             ; -0.0711 V          ; 0.204 V                             ; 0.181 V                             ; 4.55e-10 s                 ; 4.49e-10 s                 ; No                        ; No                        ;
; LED4    ; 2.5 V        ; 0 s                 ; 0 s                 ; 2.75 V                       ; 0.000242 V                   ; 2.86 V              ; -0.0805 V           ; 0.358 V                              ; 0.156 V                              ; 3.01e-10 s                  ; 4.34e-10 s                  ; No                         ; No                         ; 2.75 V                      ; 0.000242 V                  ; 2.86 V             ; -0.0805 V          ; 0.358 V                             ; 0.156 V                             ; 3.01e-10 s                 ; 4.34e-10 s                 ; No                        ; No                        ;
; LED5    ; 2.5 V        ; 0 s                 ; 0 s                 ; 2.75 V                       ; 0.000242 V                   ; 2.86 V              ; -0.0814 V           ; 0.36 V                               ; 0.156 V                              ; 3e-10 s                     ; 4.34e-10 s                  ; No                         ; No                         ; 2.75 V                      ; 0.000242 V                  ; 2.86 V             ; -0.0814 V          ; 0.36 V                              ; 0.156 V                             ; 3e-10 s                    ; 4.34e-10 s                 ; No                        ; No                        ;
; LED6    ; 2.5 V        ; 0 s                 ; 0 s                 ; 2.75 V                       ; 0.000247 V                   ; 2.85 V              ; -0.0711 V           ; 0.204 V                              ; 0.181 V                              ; 4.55e-10 s                  ; 4.49e-10 s                  ; No                         ; No                         ; 2.75 V                      ; 0.000247 V                  ; 2.85 V             ; -0.0711 V          ; 0.204 V                             ; 0.181 V                             ; 4.55e-10 s                 ; 4.49e-10 s                 ; No                        ; No                        ;
; LED7    ; 2.5 V        ; 0 s                 ; 0 s                 ; 2.75 V                       ; 0.000213 V                   ; 2.79 V              ; -0.0324 V           ; 0.139 V                              ; 0.119 V                              ; 4.42e-10 s                  ; 4.33e-10 s                  ; No                         ; Yes                        ; 2.75 V                      ; 0.000213 V                  ; 2.79 V             ; -0.0324 V          ; 0.139 V                             ; 0.119 V                             ; 4.42e-10 s                 ; 4.33e-10 s                 ; No                        ; Yes                       ;
; LED8    ; 2.5 V        ; 0 s                 ; 0 s                 ; 2.75 V                       ; 0.000242 V                   ; 2.86 V              ; -0.0805 V           ; 0.358 V                              ; 0.156 V                              ; 3.01e-10 s                  ; 4.34e-10 s                  ; No                         ; No                         ; 2.75 V                      ; 0.000242 V                  ; 2.86 V             ; -0.0805 V          ; 0.358 V                             ; 0.156 V                             ; 3.01e-10 s                 ; 4.34e-10 s                 ; No                        ; No                        ;
; LED9    ; 2.5 V        ; 0 s                 ; 0 s                 ; 2.75 V                       ; 0.000242 V                   ; 2.86 V              ; -0.0814 V           ; 0.36 V                               ; 0.156 V                              ; 3e-10 s                     ; 4.34e-10 s                  ; No                         ; No                         ; 2.75 V                      ; 0.000242 V                  ; 2.86 V             ; -0.0814 V          ; 0.36 V                              ; 0.156 V                             ; 3e-10 s                    ; 4.34e-10 s                 ; No                        ; No                        ;
; HEX4[0] ; 2.5 V        ; 0 s                 ; 0 s                 ; 2.75 V                       ; 0.000242 V                   ; 2.86 V              ; -0.0805 V           ; 0.358 V                              ; 0.156 V                              ; 3.01e-10 s                  ; 4.34e-10 s                  ; No                         ; No                         ; 2.75 V                      ; 0.000242 V                  ; 2.86 V             ; -0.0805 V          ; 0.358 V                             ; 0.156 V                             ; 3.01e-10 s                 ; 4.34e-10 s                 ; No                        ; No                        ;
; HEX4[1] ; 2.5 V        ; 0 s                 ; 0 s                 ; 2.75 V                       ; 0.000213 V                   ; 2.79 V              ; -0.0324 V           ; 0.139 V                              ; 0.119 V                              ; 4.42e-10 s                  ; 4.33e-10 s                  ; No                         ; Yes                        ; 2.75 V                      ; 0.000213 V                  ; 2.79 V             ; -0.0324 V          ; 0.139 V                             ; 0.119 V                             ; 4.42e-10 s                 ; 4.33e-10 s                 ; No                        ; Yes                       ;
; HEX4[2] ; 2.5 V        ; 0 s                 ; 0 s                 ; 2.75 V                       ; 0.000213 V                   ; 2.79 V              ; -0.0324 V           ; 0.139 V                              ; 0.119 V                              ; 4.42e-10 s                  ; 4.33e-10 s                  ; No                         ; Yes                        ; 2.75 V                      ; 0.000213 V                  ; 2.79 V             ; -0.0324 V          ; 0.139 V                             ; 0.119 V                             ; 4.42e-10 s                 ; 4.33e-10 s                 ; No                        ; Yes                       ;
; HEX4[3] ; 2.5 V        ; 0 s                 ; 0 s                 ; 2.75 V                       ; 0.000213 V                   ; 2.79 V              ; -0.0324 V           ; 0.139 V                              ; 0.119 V                              ; 4.42e-10 s                  ; 4.33e-10 s                  ; No                         ; Yes                        ; 2.75 V                      ; 0.000213 V                  ; 2.79 V             ; -0.0324 V          ; 0.139 V                             ; 0.119 V                             ; 4.42e-10 s                 ; 4.33e-10 s                 ; No                        ; Yes                       ;
; HEX4[4] ; 2.5 V        ; 0 s                 ; 0 s                 ; 2.75 V                       ; 0.000247 V                   ; 2.85 V              ; -0.0711 V           ; 0.204 V                              ; 0.181 V                              ; 4.55e-10 s                  ; 4.49e-10 s                  ; No                         ; No                         ; 2.75 V                      ; 0.000247 V                  ; 2.85 V             ; -0.0711 V          ; 0.204 V                             ; 0.181 V                             ; 4.55e-10 s                 ; 4.49e-10 s                 ; No                        ; No                        ;
; HEX4[5] ; 2.5 V        ; 0 s                 ; 0 s                 ; 2.75 V                       ; 0.000247 V                   ; 2.85 V              ; -0.0711 V           ; 0.204 V                              ; 0.181 V                              ; 4.55e-10 s                  ; 4.49e-10 s                  ; No                         ; No                         ; 2.75 V                      ; 0.000247 V                  ; 2.85 V             ; -0.0711 V          ; 0.204 V                             ; 0.181 V                             ; 4.55e-10 s                 ; 4.49e-10 s                 ; No                        ; No                        ;
; HEX4[6] ; 2.5 V        ; 0 s                 ; 0 s                 ; 2.75 V                       ; 0.000213 V                   ; 2.79 V              ; -0.0324 V           ; 0.139 V                              ; 0.119 V                              ; 4.42e-10 s                  ; 4.33e-10 s                  ; No                         ; Yes                        ; 2.75 V                      ; 0.000213 V                  ; 2.79 V             ; -0.0324 V          ; 0.139 V                             ; 0.119 V                             ; 4.42e-10 s                 ; 4.33e-10 s                 ; No                        ; Yes                       ;
; HEX5[0] ; 2.5 V        ; 0 s                 ; 0 s                 ; 2.75 V                       ; 0.000247 V                   ; 2.85 V              ; -0.0711 V           ; 0.204 V                              ; 0.181 V                              ; 4.55e-10 s                  ; 4.49e-10 s                  ; No                         ; No                         ; 2.75 V                      ; 0.000247 V                  ; 2.85 V             ; -0.0711 V          ; 0.204 V                             ; 0.181 V                             ; 4.55e-10 s                 ; 4.49e-10 s                 ; No                        ; No                        ;
; HEX5[1] ; 2.5 V        ; 0 s                 ; 0 s                 ; 2.75 V                       ; 0.000213 V                   ; 2.79 V              ; -0.0324 V           ; 0.139 V                              ; 0.119 V                              ; 4.42e-10 s                  ; 4.33e-10 s                  ; No                         ; Yes                        ; 2.75 V                      ; 0.000213 V                  ; 2.79 V             ; -0.0324 V          ; 0.139 V                             ; 0.119 V                             ; 4.42e-10 s                 ; 4.33e-10 s                 ; No                        ; Yes                       ;
; HEX5[2] ; 2.5 V        ; 0 s                 ; 0 s                 ; 2.75 V                       ; 0.000213 V                   ; 2.79 V              ; -0.0324 V           ; 0.139 V                              ; 0.119 V                              ; 4.42e-10 s                  ; 4.33e-10 s                  ; No                         ; Yes                        ; 2.75 V                      ; 0.000213 V                  ; 2.79 V             ; -0.0324 V          ; 0.139 V                             ; 0.119 V                             ; 4.42e-10 s                 ; 4.33e-10 s                 ; No                        ; Yes                       ;
; HEX5[3] ; 2.5 V        ; 0 s                 ; 0 s                 ; 2.75 V                       ; 0.000213 V                   ; 2.79 V              ; -0.0324 V           ; 0.139 V                              ; 0.119 V                              ; 4.42e-10 s                  ; 4.33e-10 s                  ; No                         ; Yes                        ; 2.75 V                      ; 0.000213 V                  ; 2.79 V             ; -0.0324 V          ; 0.139 V                             ; 0.119 V                             ; 4.42e-10 s                 ; 4.33e-10 s                 ; No                        ; Yes                       ;
; HEX5[4] ; 2.5 V        ; 0 s                 ; 0 s                 ; 2.75 V                       ; 0.000242 V                   ; 2.86 V              ; -0.0814 V           ; 0.36 V                               ; 0.156 V                              ; 3e-10 s                     ; 4.34e-10 s                  ; No                         ; No                         ; 2.75 V                      ; 0.000242 V                  ; 2.86 V             ; -0.0814 V          ; 0.36 V                              ; 0.156 V                             ; 3e-10 s                    ; 4.34e-10 s                 ; No                        ; No                        ;
; HEX5[5] ; 2.5 V        ; 0 s                 ; 0 s                 ; 2.75 V                       ; 0.000242 V                   ; 2.86 V              ; -0.0805 V           ; 0.358 V                              ; 0.156 V                              ; 3.01e-10 s                  ; 4.34e-10 s                  ; No                         ; No                         ; 2.75 V                      ; 0.000242 V                  ; 2.86 V             ; -0.0805 V          ; 0.358 V                             ; 0.156 V                             ; 3.01e-10 s                 ; 4.34e-10 s                 ; No                        ; No                        ;
; HEX5[6] ; 2.5 V        ; 0 s                 ; 0 s                 ; 2.75 V                       ; 0.000247 V                   ; 2.85 V              ; -0.0711 V           ; 0.204 V                              ; 0.181 V                              ; 4.55e-10 s                  ; 4.49e-10 s                  ; No                         ; No                         ; 2.75 V                      ; 0.000247 V                  ; 2.85 V             ; -0.0711 V          ; 0.204 V                             ; 0.181 V                             ; 4.55e-10 s                 ; 4.49e-10 s                 ; No                        ; No                        ;
+---------+--------------+---------------------+---------------------+------------------------------+------------------------------+---------------------+---------------------+--------------------------------------+--------------------------------------+-----------------------------+-----------------------------+----------------------------+----------------------------+-----------------------------+-----------------------------+--------------------+--------------------+-------------------------------------+-------------------------------------+----------------------------+----------------------------+---------------------------+---------------------------+


-------------------
; Clock Transfers ;
-------------------
Nothing to report.


---------------
; Report TCCS ;
---------------
No dedicated SERDES Transmitter circuitry present in device or used in design


---------------
; Report RSKM ;
---------------
No non-DPA dedicated SERDES Receiver circuitry present in device or used in design


+------------------------------------------------+
; Unconstrained Paths                            ;
+---------------------------------+-------+------+
; Property                        ; Setup ; Hold ;
+---------------------------------+-------+------+
; Illegal Clocks                  ; 0     ; 0    ;
; Unconstrained Clocks            ; 0     ; 0    ;
; Unconstrained Input Ports       ; 14    ; 14   ;
; Unconstrained Input Port Paths  ; 254   ; 254  ;
; Unconstrained Output Ports      ; 19    ; 19   ;
; Unconstrained Output Port Paths ; 254   ; 254  ;
+---------------------------------+-------+------+


+------------------------------------+
; TimeQuest Timing Analyzer Messages ;
+------------------------------------+
Info: *******************************************************************
Info: Running Quartus II 64-Bit TimeQuest Timing Analyzer
    Info: Version 13.1.0 Build 162 10/23/2013 SJ Web Edition
    Info: Processing started: Wed Sep 23 17:09:15 2026
Info: Command: quartus_sta Ejercicio_13 -c Ejercicio_13
Info: qsta_default_script.tcl version: #1
Warning (20028): Parallel compilation is not licensed and has been disabled
Info (21077): Low junction temperature is 0 degrees C
Info (21077): High junction temperature is 85 degrees C
Critical Warning (332012): Synopsys Design Constraints File file not found: 'Ejercicio_13.sdc'. A Synopsys Design Constraints File is required by the TimeQuest Timing Analyzer to get proper timing constraints. Without it, the Compiler will not properly optimize the design.
Info (332142): No user constrained base clocks found in the design. Calling "derive_clocks -period 1.0"
Info (332096): The command derive_clocks did not find any clocks to derive.  No clocks were created or changed.
Warning (332068): No clocks defined in design.
Info (332143): No user constrained clock uncertainty found in the design. Calling "derive_clock_uncertainty"
Info (332154): The derive_clock_uncertainty command did not apply clock uncertainty to any clock-to-clock transfers.
Info: Found TIMEQUEST_REPORT_SCRIPT_INCLUDE_DEFAULT_ANALYSIS = ON
Info (332159): No clocks to report
Info: Analyzing Slow 1100mV 85C Model
Info (332140): No fmax paths to report
Info (332140): No Setup paths to report
Info (332140): No Hold paths to report
Info (332140): No Recovery paths to report
Info (332140): No Removal paths to report
Info (332140): No Minimum Pulse Width paths to report
Info: Analyzing Slow 1100mV 0C Model
Info (334003): Started post-fitting delay annotation
Info (334004): Delay annotation completed successfully
Info (332142): No user constrained base clocks found in the design. Calling "derive_clocks -period 1.0"
Info (332096): The command derive_clocks did not find any clocks to derive.  No clocks were created or changed.
Warning (332068): No clocks defined in design.
Info (332154): The derive_clock_uncertainty command did not apply clock uncertainty to any clock-to-clock transfers.
Info (332140): No fmax paths to report
Info (332140): No Setup paths to report
Info (332140): No Hold paths to report
Info (332140): No Recovery paths to report
Info (332140): No Removal paths to report
Info (332140): No Minimum Pulse Width paths to report
Info: Analyzing Fast 1100mV 85C Model
Info (334003): Started post-fitting delay annotation
Info (334004): Delay annotation completed successfully
Info (332142): No user constrained base clocks found in the design. Calling "derive_clocks -period 1.0"
Info (332096): The command derive_clocks did not find any clocks to derive.  No clocks were created or changed.
Warning (332068): No clocks defined in design.
Info (332154): The derive_clock_uncertainty command did not apply clock uncertainty to any clock-to-clock transfers.
Info (332140): No Setup paths to report
Info (332140): No Hold paths to report
Info (332140): No Recovery paths to report
Info (332140): No Removal paths to report
Info (332140): No Minimum Pulse Width paths to report
Info: Analyzing Fast 1100mV 0C Model
Info (332142): No user constrained base clocks found in the design. Calling "derive_clocks -period 1.0"
Info (332096): The command derive_clocks did not find any clocks to derive.  No clocks were created or changed.
Warning (332068): No clocks defined in design.
Info (332154): The derive_clock_uncertainty command did not apply clock uncertainty to any clock-to-clock transfers.
Info (332140): No Setup paths to report
Info (332140): No Hold paths to report
Info (332140): No Recovery paths to report
Info (332140): No Removal paths to report
Info (332140): No Minimum Pulse Width paths to report
Info (332102): Design is not fully constrained for setup requirements
Info (332102): Design is not fully constrained for hold requirements
Info: Quartus II 64-Bit TimeQuest Timing Analyzer was successful. 0 errors, 6 warnings
    Info: Peak virtual memory: 4836 megabytes
    Info: Processing ended: Wed Sep 23 17:09:21 2026
    Info: Elapsed time: 00:00:06
    Info: Total CPU time (on all processors): 00:00:06


