TimeQuest Timing Analyzer report for Ejercicio_12
Sat Sep 19 20:04:52 2026
Quartus II 64-Bit Version 13.1.0 Build 162 10/23/2013 SJ Web Edition


---------------------
; Table of Contents ;
---------------------
  1. Legal Notice
  2. TimeQuest Timing Analyzer Summary
  3. Parallel Compilation
  4. Clocks
  5. Slow 1100mV 85C Model Fmax Summary
  6. Timing Closure Recommendations
  7. Slow 1100mV 85C Model Setup Summary
  8. Slow 1100mV 85C Model Hold Summary
  9. Slow 1100mV 85C Model Recovery Summary
 10. Slow 1100mV 85C Model Removal Summary
 11. Slow 1100mV 85C Model Minimum Pulse Width Summary
 12. Propagation Delay
 13. Minimum Propagation Delay
 14. Slow 1100mV 85C Model Metastability Report
 15. Slow 1100mV 0C Model Fmax Summary
 16. Slow 1100mV 0C Model Setup Summary
 17. Slow 1100mV 0C Model Hold Summary
 18. Slow 1100mV 0C Model Recovery Summary
 19. Slow 1100mV 0C Model Removal Summary
 20. Slow 1100mV 0C Model Minimum Pulse Width Summary
 21. Propagation Delay
 22. Minimum Propagation Delay
 23. Slow 1100mV 0C Model Metastability Report
 24. Fast 1100mV 85C Model Setup Summary
 25. Fast 1100mV 85C Model Hold Summary
 26. Fast 1100mV 85C Model Recovery Summary
 27. Fast 1100mV 85C Model Removal Summary
 28. Fast 1100mV 85C Model Minimum Pulse Width Summary
 29. Propagation Delay
 30. Minimum Propagation Delay
 31. Fast 1100mV 85C Model Metastability Report
 32. Fast 1100mV 0C Model Setup Summary
 33. Fast 1100mV 0C Model Hold Summary
 34. Fast 1100mV 0C Model Recovery Summary
 35. Fast 1100mV 0C Model Removal Summary
 36. Fast 1100mV 0C Model Minimum Pulse Width Summary
 37. Propagation Delay
 38. Minimum Propagation Delay
 39. Fast 1100mV 0C Model Metastability Report
 40. Multicorner Timing Analysis Summary
 41. Propagation Delay
 42. Minimum Propagation Delay
 43. Board Trace Model Assignments
 44. Input Transition Times
 45. Signal Integrity Metrics (Slow 1100mv 0c Model)
 46. Signal Integrity Metrics (Slow 1100mv 85c Model)
 47. Signal Integrity Metrics (Fast 1100mv 0c Model)
 48. Signal Integrity Metrics (Fast 1100mv 85c Model)
 49. Clock Transfers
 50. Report TCCS
 51. Report RSKM
 52. Unconstrained Paths
 53. TimeQuest Timing Analyzer Messages



----------------
; Legal Notice ;
----------------
Copyright (C) 1991-2013 Altera Corporation
Your use of Altera Corporation's design tools, logic functions 
and other software and tools, and its AMPP partner logic 
functions, and any output files from any of the foregoing 
(including device programming or simulation files), and any 
associated documentation or information are expressly subject 
to the terms and conditions of the Altera Program License 
Subscription Agreement, Altera MegaCore Function License 
Agreement, or other applicable license agreement, including, 
without limitation, that your use is for the sole purpose of 
programming logic devices manufactured by Altera and sold by 
Altera or its authorized distributors.  Please refer to the 
applicable agreement for further details.



+-------------------------------------------------------------------------+
; TimeQuest Timing Analyzer Summary                                       ;
+--------------------+----------------------------------------------------+
; Quartus II Version ; Version 13.1.0 Build 162 10/23/2013 SJ Web Edition ;
; Revision Name      ; Ejercicio_12                                       ;
; Device Family      ; Cyclone V                                          ;
; Device Name        ; 5CEBA4F23C7                                        ;
; Timing Models      ; Final                                              ;
; Delay Model        ; Combined                                           ;
; Rise/Fall Delays   ; Enabled                                            ;
+--------------------+----------------------------------------------------+


Parallel compilation was disabled, but you have multiple processors available. Enable parallel compilation to reduce compilation time.
+-------------------------------------+
; Parallel Compilation                ;
+----------------------------+--------+
; Processors                 ; Number ;
+----------------------------+--------+
; Number detected on machine ; 8      ;
; Maximum allowed            ; 1      ;
+----------------------------+--------+


----------
; Clocks ;
----------
No clocks to report.


--------------------------------------
; Slow 1100mV 85C Model Fmax Summary ;
--------------------------------------
No paths to report.


----------------------------------
; Timing Closure Recommendations ;
----------------------------------
HTML report is unavailable in plain text report export.


---------------------------------------
; Slow 1100mV 85C Model Setup Summary ;
---------------------------------------
No paths to report.


--------------------------------------
; Slow 1100mV 85C Model Hold Summary ;
--------------------------------------
No paths to report.


------------------------------------------
; Slow 1100mV 85C Model Recovery Summary ;
------------------------------------------
No paths to report.


-----------------------------------------
; Slow 1100mV 85C Model Removal Summary ;
-----------------------------------------
No paths to report.


-----------------------------------------------------
; Slow 1100mV 85C Model Minimum Pulse Width Summary ;
-----------------------------------------------------
No paths to report.


+--------------------------------------------------------------+
; Propagation Delay                                            ;
+------------+-------------+--------+--------+--------+--------+
; Input Port ; Output Port ; RR     ; RF     ; FR     ; FF     ;
+------------+-------------+--------+--------+--------+--------+
; SW0        ; HEX4[0]     ; 10.256 ; 11.111 ; 10.488 ; 11.353 ;
; SW0        ; HEX4[1]     ; 8.982  ; 8.832  ; 9.256  ; 9.050  ;
; SW0        ; HEX4[2]     ;        ; 9.152  ; 9.247  ;        ;
; SW0        ; HEX4[3]     ; 8.547  ; 8.712  ; 8.917  ; 8.957  ;
; SW0        ; HEX4[4]     ; 8.571  ;        ;        ; 9.208  ;
; SW0        ; HEX4[5]     ; 8.761  ;        ;        ; 8.907  ;
; SW0        ; HEX4[6]     ; 8.351  ;        ;        ; 9.017  ;
; SW0        ; LED0        ; 10.299 ; 11.136 ; 10.530 ; 11.379 ;
; SW1        ; HEX4[0]     ; 10.056 ; 10.924 ; 10.341 ; 11.196 ;
; SW1        ; HEX4[1]     ; 8.875  ; 8.769  ; 9.148  ; 9.054  ;
; SW1        ; HEX4[2]     ; 8.918  ;        ;        ; 9.444  ;
; SW1        ; HEX4[3]     ; 8.658  ; 8.735  ; 8.943  ; 9.008  ;
; SW1        ; HEX4[4]     ; 8.690  ; 8.940  ; 8.975  ; 9.213  ;
; SW1        ; HEX4[5]     ; 8.765  ;        ;        ; 8.849  ;
; SW1        ; HEX4[6]     ; 8.453  ; 8.786  ; 8.738  ; 9.060  ;
; SW1        ; HEX5[0]     ;        ; 9.084  ; 8.962  ;        ;
; SW1        ; HEX5[3]     ;        ; 9.719  ; 9.651  ;        ;
; SW1        ; HEX5[4]     ;        ; 11.288 ; 10.622 ;        ;
; SW1        ; HEX5[5]     ;        ; 11.304 ; 10.632 ;        ;
; SW1        ; HEX5[6]     ;        ; 9.582  ; 9.415  ;        ;
; SW1        ; LED0        ; 10.099 ; 10.949 ; 10.383 ; 11.221 ;
; SW1        ; LED1        ; 10.202 ; 11.097 ; 10.487 ; 11.369 ;
; SW2        ; HEX4[0]     ; 10.174 ; 11.149 ; 10.718 ; 11.516 ;
; SW2        ; HEX4[1]     ; 9.283  ;        ;        ; 9.502  ;
; SW2        ; HEX4[2]     ; 9.288  ; 9.528  ; 9.598  ; 9.848  ;
; SW2        ; HEX4[3]     ; 8.898  ; 9.019  ; 9.200  ; 9.377  ;
; SW2        ; HEX4[4]     ; 9.104  ;        ;        ; 9.665  ;
; SW2        ; HEX4[5]     ; 9.173  ; 8.984  ; 9.496  ; 9.297  ;
; SW2        ; HEX4[6]     ; 8.737  ; 9.113  ; 9.044  ; 9.476  ;
; SW2        ; HEX5[0]     ;        ; 9.497  ; 9.416  ;        ;
; SW2        ; HEX5[3]     ;        ; 10.132 ; 10.105 ;        ;
; SW2        ; HEX5[4]     ;        ; 11.701 ; 11.076 ;        ;
; SW2        ; HEX5[5]     ;        ; 11.717 ; 11.086 ;        ;
; SW2        ; HEX5[6]     ;        ; 9.995  ; 9.869  ;        ;
; SW2        ; LED1        ; 10.628 ; 11.510 ; 10.941 ; 11.833 ;
; SW2        ; LED2        ; 10.274 ; 11.219 ; 10.559 ; 11.459 ;
; SW3        ; HEX4[0]     ; 9.767  ; 10.632 ; 10.081 ; 10.924 ;
; SW3        ; HEX4[1]     ; 8.574  ;        ;        ; 8.782  ;
; SW3        ; HEX4[2]     ; 8.597  ;        ;        ; 9.133  ;
; SW3        ; HEX4[3]     ; 8.335  ;        ;        ; 8.687  ;
; SW3        ; HEX4[4]     ; 8.388  ;        ;        ; 8.927  ;
; SW3        ; HEX4[5]     ; 8.468  ; 8.269  ; 8.758  ; 8.580  ;
; SW3        ; HEX4[6]     ; 8.150  ; 8.479  ; 8.460  ; 8.763  ;
; SW3        ; HEX5[0]     ;        ; 8.789  ; 8.697  ;        ;
; SW3        ; HEX5[3]     ;        ; 9.424  ; 9.386  ;        ;
; SW3        ; HEX5[4]     ;        ; 10.993 ; 10.357 ;        ;
; SW3        ; HEX5[5]     ;        ; 11.009 ; 10.367 ;        ;
; SW3        ; HEX5[6]     ;        ; 9.287  ; 9.150  ;        ;
; SW3        ; LED2        ; 9.860  ; 10.764 ; 10.165 ; 11.043 ;
; SW3        ; LED3        ; 7.604  ;        ;        ; 7.945  ;
+------------+-------------+--------+--------+--------+--------+


+------------------------------------------------------------+
; Minimum Propagation Delay                                  ;
+------------+-------------+-------+--------+-------+--------+
; Input Port ; Output Port ; RR    ; RF     ; FR    ; FF     ;
+------------+-------------+-------+--------+-------+--------+
; SW0        ; HEX4[0]     ; 9.187 ; 9.725  ; 9.312 ; 9.843  ;
; SW0        ; HEX4[1]     ; 8.079 ; 8.024  ; 8.224 ; 8.137  ;
; SW0        ; HEX4[2]     ;       ; 8.286  ; 8.239 ;        ;
; SW0        ; HEX4[3]     ; 7.753 ; 7.917  ; 7.978 ; 8.040  ;
; SW0        ; HEX4[4]     ; 7.769 ;        ;       ; 8.231  ;
; SW0        ; HEX4[5]     ; 7.933 ;        ;       ; 7.927  ;
; SW0        ; HEX4[6]     ; 7.559 ;        ;       ; 8.059  ;
; SW0        ; LED0        ; 9.263 ; 9.865  ; 9.388 ; 9.983  ;
; SW1        ; HEX4[0]     ; 9.003 ; 9.542  ; 9.161 ; 9.695  ;
; SW1        ; HEX4[1]     ; 8.017 ; 7.930  ; 8.171 ; 8.088  ;
; SW1        ; HEX4[2]     ; 8.068 ;        ;       ; 8.424  ;
; SW1        ; HEX4[3]     ; 7.826 ; 7.888  ; 7.983 ; 8.041  ;
; SW1        ; HEX4[4]     ; 7.852 ; 8.036  ; 8.010 ; 8.191  ;
; SW1        ; HEX4[5]     ; 7.906 ;        ;       ; 7.902  ;
; SW1        ; HEX4[6]     ; 7.625 ; 7.899  ; 7.784 ; 8.054  ;
; SW1        ; HEX5[0]     ;       ; 8.131  ; 7.969 ;        ;
; SW1        ; HEX5[3]     ;       ; 8.683  ; 8.603 ;        ;
; SW1        ; HEX5[4]     ;       ; 9.985  ; 9.455 ;        ;
; SW1        ; HEX5[5]     ;       ; 9.992  ; 9.459 ;        ;
; SW1        ; HEX5[6]     ;       ; 8.552  ; 8.381 ;        ;
; SW1        ; LED0        ; 9.080 ; 9.681  ; 9.237 ; 9.834  ;
; SW1        ; LED1        ; 9.183 ; 9.817  ; 9.341 ; 9.970  ;
; SW2        ; HEX4[0]     ; 9.142 ; 9.783  ; 9.474 ; 10.029 ;
; SW2        ; HEX4[1]     ; 8.408 ;        ;       ; 8.510  ;
; SW2        ; HEX4[2]     ; 8.414 ; 8.617  ; 8.601 ; 8.797  ;
; SW2        ; HEX4[3]     ; 8.087 ; 8.117  ; 8.268 ; 8.330  ;
; SW2        ; HEX4[4]     ; 8.236 ;        ;       ; 8.604  ;
; SW2        ; HEX4[5]     ; 8.296 ; 8.134  ; 8.479 ; 8.324  ;
; SW2        ; HEX4[6]     ; 7.924 ; 8.166  ; 8.110 ; 8.385  ;
; SW2        ; HEX5[0]     ;       ; 8.526  ; 8.396 ;        ;
; SW2        ; HEX5[3]     ;       ; 9.078  ; 9.030 ;        ;
; SW2        ; HEX5[4]     ;       ; 10.380 ; 9.882 ;        ;
; SW2        ; HEX5[5]     ;       ; 10.387 ; 9.886 ;        ;
; SW2        ; HEX5[6]     ;       ; 8.947  ; 8.808 ;        ;
; SW2        ; LED1        ; 9.578 ; 10.211 ; 9.768 ; 10.394 ;
; SW2        ; LED2        ; 9.257 ; 9.967  ; 9.435 ; 10.090 ;
; SW3        ; HEX4[0]     ; 8.820 ; 9.338  ; 9.061 ; 9.564  ;
; SW3        ; HEX4[1]     ; 7.815 ;        ;       ; 7.987  ;
; SW3        ; HEX4[2]     ; 7.857 ;        ;       ; 8.260  ;
; SW3        ; HEX4[3]     ; 7.623 ;        ;       ; 7.878  ;
; SW3        ; HEX4[4]     ; 7.656 ;        ;       ; 8.046  ;
; SW3        ; HEX4[5]     ; 7.697 ; 7.555  ; 7.922 ; 7.795  ;
; SW3        ; HEX4[6]     ; 7.439 ; 7.691  ; 7.676 ; 7.911  ;
; SW3        ; HEX5[0]     ;       ; 7.935  ; 7.874 ;        ;
; SW3        ; HEX5[3]     ;       ; 8.487  ; 8.508 ;        ;
; SW3        ; HEX5[4]     ;       ; 9.789  ; 9.360 ;        ;
; SW3        ; HEX5[5]     ;       ; 9.796  ; 9.364 ;        ;
; SW3        ; HEX5[6]     ;       ; 8.356  ; 8.286 ;        ;
; SW3        ; LED2        ; 8.945 ; 9.571  ; 9.178 ; 9.787  ;
; SW3        ; LED3        ; 7.019 ;        ;       ; 7.255  ;
+------------+-------------+-------+--------+-------+--------+


----------------------------------------------
; Slow 1100mV 85C Model Metastability Report ;
----------------------------------------------
No synchronizer chains to report.


-------------------------------------
; Slow 1100mV 0C Model Fmax Summary ;
-------------------------------------
No paths to report.


--------------------------------------
; Slow 1100mV 0C Model Setup Summary ;
--------------------------------------
No paths to report.


-------------------------------------
; Slow 1100mV 0C Model Hold Summary ;
-------------------------------------
No paths to report.


-----------------------------------------
; Slow 1100mV 0C Model Recovery Summary ;
-----------------------------------------
No paths to report.


----------------------------------------
; Slow 1100mV 0C Model Removal Summary ;
----------------------------------------
No paths to report.


----------------------------------------------------
; Slow 1100mV 0C Model Minimum Pulse Width Summary ;
----------------------------------------------------
No paths to report.


+--------------------------------------------------------------+
; Propagation Delay                                            ;
+------------+-------------+--------+--------+--------+--------+
; Input Port ; Output Port ; RR     ; RF     ; FR     ; FF     ;
+------------+-------------+--------+--------+--------+--------+
; SW0        ; HEX4[0]     ; 10.185 ; 11.102 ; 10.426 ; 11.356 ;
; SW0        ; HEX4[1]     ; 8.875  ; 8.673  ; 9.177  ; 8.911  ;
; SW0        ; HEX4[2]     ;        ; 9.025  ; 9.021  ;        ;
; SW0        ; HEX4[3]     ; 8.351  ; 8.586  ; 8.711  ; 8.808  ;
; SW0        ; HEX4[4]     ; 8.379  ;        ;        ; 9.038  ;
; SW0        ; HEX4[5]     ; 8.630  ;        ;        ; 8.689  ;
; SW0        ; HEX4[6]     ; 8.206  ;        ;        ; 8.891  ;
; SW0        ; LED0        ; 10.219 ; 11.137 ; 10.459 ; 11.391 ;
; SW1        ; HEX4[0]     ; 9.953  ; 10.887 ; 10.261 ; 11.178 ;
; SW1        ; HEX4[1]     ; 8.760  ; 8.609  ; 9.054  ; 8.917  ;
; SW1        ; HEX4[2]     ; 8.757  ;        ;        ; 9.342  ;
; SW1        ; HEX4[3]     ; 8.495  ; 8.619  ; 8.800  ; 8.910  ;
; SW1        ; HEX4[4]     ; 8.529  ; 8.816  ; 8.836  ; 9.107  ;
; SW1        ; HEX4[5]     ; 8.641  ;        ;        ; 8.718  ;
; SW1        ; HEX4[6]     ; 8.341  ; 8.694  ; 8.648  ; 8.987  ;
; SW1        ; HEX5[0]     ;        ; 8.987  ; 8.873  ;        ;
; SW1        ; HEX5[3]     ;        ; 9.626  ; 9.514  ;        ;
; SW1        ; HEX5[4]     ;        ; 11.253 ; 10.529 ;        ;
; SW1        ; HEX5[5]     ;        ; 11.276 ; 10.549 ;        ;
; SW1        ; HEX5[6]     ;        ; 9.499  ; 9.328  ;        ;
; SW1        ; LED0        ; 9.987  ; 10.920 ; 10.294 ; 11.213 ;
; SW1        ; LED1        ; 10.095 ; 11.060 ; 10.403 ; 11.351 ;
; SW2        ; HEX4[0]     ; 10.060 ; 11.125 ; 10.567 ; 11.449 ;
; SW2        ; HEX4[1]     ; 9.215  ;        ;        ; 9.399  ;
; SW2        ; HEX4[2]     ; 9.173  ; 9.452  ; 9.492  ; 9.784  ;
; SW2        ; HEX4[3]     ; 8.751  ; 8.926  ; 9.070  ; 9.309  ;
; SW2        ; HEX4[4]     ; 8.992  ;        ;        ; 9.596  ;
; SW2        ; HEX4[5]     ; 9.094  ; 8.879  ; 9.428  ; 9.200  ;
; SW2        ; HEX4[6]     ; 8.643  ; 9.047  ; 8.964  ; 9.432  ;
; SW2        ; HEX5[0]     ;        ; 9.448  ; 9.361  ;        ;
; SW2        ; HEX5[3]     ;        ; 10.087 ; 10.002 ;        ;
; SW2        ; HEX5[4]     ;        ; 11.714 ; 11.017 ;        ;
; SW2        ; HEX5[5]     ;        ; 11.737 ; 11.037 ;        ;
; SW2        ; HEX5[6]     ;        ; 9.960  ; 9.816  ;        ;
; SW2        ; LED1        ; 10.571 ; 11.519 ; 10.891 ; 11.852 ;
; SW2        ; LED2        ; 10.182 ; 11.181 ; 10.474 ; 11.423 ;
; SW3        ; HEX4[0]     ; 9.559  ; 10.490 ; 9.912  ; 10.817 ;
; SW3        ; HEX4[1]     ; 8.360  ;        ;        ; 8.562  ;
; SW3        ; HEX4[2]     ; 8.325  ;        ;        ; 8.945  ;
; SW3        ; HEX4[3]     ; 8.068  ;        ;        ; 8.505  ;
; SW3        ; HEX4[4]     ; 8.120  ;        ;        ; 8.733  ;
; SW3        ; HEX4[5]     ; 8.237  ; 8.008  ; 8.566  ; 8.363  ;
; SW3        ; HEX4[6]     ; 7.936  ; 8.285  ; 8.285  ; 8.603  ;
; SW3        ; HEX5[0]     ;        ; 8.593  ; 8.524  ;        ;
; SW3        ; HEX5[3]     ;        ; 9.232  ; 9.165  ;        ;
; SW3        ; HEX5[4]     ;        ; 10.859 ; 10.180 ;        ;
; SW3        ; HEX5[5]     ;        ; 10.882 ; 10.200 ;        ;
; SW3        ; HEX5[6]     ;        ; 9.105  ; 8.979  ;        ;
; SW3        ; LED2        ; 9.672  ; 10.622 ; 10.019 ; 10.938 ;
; SW3        ; LED3        ; 7.351  ;        ;        ; 7.749  ;
+------------+-------------+--------+--------+--------+--------+


+------------------------------------------------------------+
; Minimum Propagation Delay                                  ;
+------------+-------------+-------+--------+-------+--------+
; Input Port ; Output Port ; RR    ; RF     ; FR    ; FF     ;
+------------+-------------+-------+--------+-------+--------+
; SW0        ; HEX4[0]     ; 9.103 ; 9.733  ; 9.234 ; 9.857  ;
; SW0        ; HEX4[1]     ; 7.976 ; 7.869  ; 8.144 ; 7.999  ;
; SW0        ; HEX4[2]     ;       ; 8.169  ; 8.033 ;        ;
; SW0        ; HEX4[3]     ; 7.567 ; 7.802  ; 7.788 ; 7.902  ;
; SW0        ; HEX4[4]     ; 7.585 ;        ;       ; 8.075  ;
; SW0        ; HEX4[5]     ; 7.808 ;        ;       ; 7.736  ;
; SW0        ; HEX4[6]     ; 7.418 ;        ;       ; 7.950  ;
; SW0        ; LED0        ; 9.179 ; 9.864  ; 9.310 ; 9.987  ;
; SW1        ; HEX4[0]     ; 8.889 ; 9.518  ; 9.062 ; 9.687  ;
; SW1        ; HEX4[1]     ; 7.911 ; 7.770  ; 8.081 ; 7.944  ;
; SW1        ; HEX4[2]     ; 7.900 ;        ;       ; 8.327  ;
; SW1        ; HEX4[3]     ; 7.662 ; 7.780  ; 7.833 ; 7.947  ;
; SW1        ; HEX4[4]     ; 7.688 ; 7.918  ; 7.862 ; 8.087  ;
; SW1        ; HEX4[5]     ; 7.785 ;        ;       ; 7.763  ;
; SW1        ; HEX4[6]     ; 7.504 ; 7.820  ; 7.678 ; 7.990  ;
; SW1        ; HEX5[0]     ;       ; 8.045  ; 7.859 ;        ;
; SW1        ; HEX5[3]     ;       ; 8.610  ; 8.447 ;        ;
; SW1        ; HEX5[4]     ;       ; 9.949  ; 9.352 ;        ;
; SW1        ; HEX5[5]     ;       ; 9.962  ; 9.365 ;        ;
; SW1        ; HEX5[6]     ;       ; 8.486  ; 8.270 ;        ;
; SW1        ; LED0        ; 8.965 ; 9.649  ; 9.138 ; 9.818  ;
; SW1        ; LED1        ; 9.073 ; 9.776  ; 9.246 ; 9.945  ;
; SW2        ; HEX4[0]     ; 9.024 ; 9.773  ; 9.334 ; 9.979  ;
; SW2        ; HEX4[1]     ; 8.346 ;        ;       ; 8.399  ;
; SW2        ; HEX4[2]     ; 8.288 ; 8.549  ; 8.480 ; 8.733  ;
; SW2        ; HEX4[3]     ; 7.943 ; 8.027  ; 8.137 ; 8.259  ;
; SW2        ; HEX4[4]     ; 8.118 ;        ;       ; 8.534  ;
; SW2        ; HEX4[5]     ; 8.220 ; 8.023  ; 8.407 ; 8.218  ;
; SW2        ; HEX4[6]     ; 7.827 ; 8.109  ; 8.023 ; 8.342  ;
; SW2        ; HEX5[0]     ;       ; 8.486  ; 8.320 ;        ;
; SW2        ; HEX5[3]     ;       ; 9.051  ; 8.908 ;        ;
; SW2        ; HEX5[4]     ;       ; 10.390 ; 9.813 ;        ;
; SW2        ; HEX5[5]     ;       ; 10.403 ; 9.826 ;        ;
; SW2        ; HEX5[6]     ;       ; 8.927  ; 8.731 ;        ;
; SW2        ; LED1        ; 9.513 ; 10.217 ; 9.707 ; 10.404 ;
; SW2        ; LED2        ; 9.165 ; 9.928  ; 9.347 ; 10.048 ;
; SW3        ; HEX4[0]     ; 8.607 ; 9.214  ; 8.880 ; 9.469  ;
; SW3        ; HEX4[1]     ; 7.610 ;        ;       ; 7.766  ;
; SW3        ; HEX4[2]     ; 7.585 ;        ;       ; 8.078  ;
; SW3        ; HEX4[3]     ; 7.362 ;        ;       ; 7.701  ;
; SW3        ; HEX4[4]     ; 7.393 ;        ;       ; 7.857  ;
; SW3        ; HEX4[5]     ; 7.474 ; 7.300  ; 7.731 ; 7.575  ;
; SW3        ; HEX4[6]     ; 7.226 ; 7.514  ; 7.493 ; 7.762  ;
; SW3        ; HEX5[0]     ;       ; 7.750  ; 7.686 ;        ;
; SW3        ; HEX5[3]     ;       ; 8.315  ; 8.274 ;        ;
; SW3        ; HEX5[4]     ;       ; 9.654  ; 9.179 ;        ;
; SW3        ; HEX5[5]     ;       ; 9.667  ; 9.192 ;        ;
; SW3        ; HEX5[6]     ;       ; 8.191  ; 8.097 ;        ;
; SW3        ; LED2        ; 8.759 ; 9.428  ; 9.025 ; 9.675  ;
; SW3        ; LED3        ; 6.767 ;        ;       ; 7.051  ;
+------------+-------------+-------+--------+-------+--------+


---------------------------------------------
; Slow 1100mV 0C Model Metastability Report ;
---------------------------------------------
No synchronizer chains to report.


---------------------------------------
; Fast 1100mV 85C Model Setup Summary ;
---------------------------------------
No paths to report.


--------------------------------------
; Fast 1100mV 85C Model Hold Summary ;
--------------------------------------
No paths to report.


------------------------------------------
; Fast 1100mV 85C Model Recovery Summary ;
------------------------------------------
No paths to report.


-----------------------------------------
; Fast 1100mV 85C Model Removal Summary ;
-----------------------------------------
No paths to report.


-----------------------------------------------------
; Fast 1100mV 85C Model Minimum Pulse Width Summary ;
-----------------------------------------------------
No paths to report.


+----------------------------------------------------------+
; Propagation Delay                                        ;
+------------+-------------+-------+-------+-------+-------+
; Input Port ; Output Port ; RR    ; RF    ; FR    ; FF    ;
+------------+-------------+-------+-------+-------+-------+
; SW0        ; HEX4[0]     ; 5.596 ; 6.374 ; 6.163 ; 6.944 ;
; SW0        ; HEX4[1]     ; 4.882 ; 4.671 ; 5.464 ; 5.232 ;
; SW0        ; HEX4[2]     ;       ; 5.036 ; 5.318 ;       ;
; SW0        ; HEX4[3]     ; 4.541 ; 4.743 ; 5.136 ; 5.299 ;
; SW0        ; HEX4[4]     ; 4.555 ;       ;       ; 5.460 ;
; SW0        ; HEX4[5]     ; 4.784 ;       ;       ; 5.099 ;
; SW0        ; HEX4[6]     ; 4.546 ;       ;       ; 5.461 ;
; SW0        ; LED0        ; 5.647 ; 6.408 ; 6.214 ; 6.978 ;
; SW1        ; HEX4[0]     ; 5.511 ; 6.292 ; 6.093 ; 6.872 ;
; SW1        ; HEX4[1]     ; 4.821 ; 4.624 ; 5.401 ; 5.206 ;
; SW1        ; HEX4[2]     ; 4.719 ;       ;       ; 5.604 ;
; SW1        ; HEX4[3]     ; 4.555 ; 4.735 ; 5.138 ; 5.316 ;
; SW1        ; HEX4[4]     ; 4.564 ; 4.876 ; 5.146 ; 5.456 ;
; SW1        ; HEX4[5]     ; 4.756 ;       ;       ; 5.068 ;
; SW1        ; HEX4[6]     ; 4.553 ; 4.889 ; 5.135 ; 5.469 ;
; SW1        ; HEX5[0]     ;       ; 5.092 ; 5.259 ;       ;
; SW1        ; HEX5[3]     ;       ; 5.427 ; 5.592 ;       ;
; SW1        ; HEX5[4]     ;       ; 6.579 ; 6.317 ;       ;
; SW1        ; HEX5[5]     ;       ; 6.577 ; 6.311 ;       ;
; SW1        ; HEX5[6]     ;       ; 5.404 ; 5.510 ;       ;
; SW1        ; LED0        ; 5.562 ; 6.326 ; 6.144 ; 6.906 ;
; SW1        ; LED1        ; 5.645 ; 6.440 ; 6.227 ; 7.020 ;
; SW2        ; HEX4[0]     ; 5.674 ; 6.484 ; 6.350 ; 7.108 ;
; SW2        ; HEX4[1]     ; 5.057 ;       ;       ; 5.489 ;
; SW2        ; HEX4[2]     ; 4.911 ; 5.212 ; 5.531 ; 5.835 ;
; SW2        ; HEX4[3]     ; 4.714 ; 4.908 ; 5.330 ; 5.545 ;
; SW2        ; HEX4[4]     ; 4.797 ;       ;       ; 5.734 ;
; SW2        ; HEX4[5]     ; 4.992 ; 4.725 ; 5.621 ; 5.351 ;
; SW2        ; HEX4[6]     ; 4.752 ; 5.102 ; 5.375 ; 5.746 ;
; SW2        ; HEX5[0]     ;       ; 5.334 ; 5.548 ;       ;
; SW2        ; HEX5[3]     ;       ; 5.669 ; 5.881 ;       ;
; SW2        ; HEX5[4]     ;       ; 6.821 ; 6.606 ;       ;
; SW2        ; HEX5[5]     ;       ; 6.819 ; 6.600 ;       ;
; SW2        ; HEX5[6]     ;       ; 5.646 ; 5.799 ;       ;
; SW2        ; LED1        ; 5.890 ; 6.682 ; 6.516 ; 7.311 ;
; SW2        ; LED2        ; 5.777 ; 6.587 ; 6.376 ; 7.173 ;
; SW3        ; HEX4[0]     ; 5.375 ; 6.148 ; 5.999 ; 6.769 ;
; SW3        ; HEX4[1]     ; 4.671 ;       ;       ; 5.102 ;
; SW3        ; HEX4[2]     ; 4.550 ;       ;       ; 5.465 ;
; SW3        ; HEX4[3]     ; 4.382 ;       ;       ; 5.169 ;
; SW3        ; HEX4[4]     ; 4.415 ;       ;       ; 5.340 ;
; SW3        ; HEX4[5]     ; 4.608 ; 4.346 ; 5.228 ; 4.969 ;
; SW3        ; HEX4[6]     ; 4.400 ; 4.730 ; 5.023 ; 5.346 ;
; SW3        ; HEX5[0]     ;       ; 4.947 ; 5.160 ;       ;
; SW3        ; HEX5[3]     ;       ; 5.282 ; 5.493 ;       ;
; SW3        ; HEX5[4]     ;       ; 6.434 ; 6.218 ;       ;
; SW3        ; HEX5[5]     ;       ; 6.432 ; 6.212 ;       ;
; SW3        ; HEX5[6]     ;       ; 5.259 ; 5.411 ;       ;
; SW3        ; LED2        ; 5.486 ; 6.283 ; 6.105 ; 6.895 ;
; SW3        ; LED3        ; 4.039 ;       ;       ; 4.755 ;
+------------+-------------+-------+-------+-------+-------+


+----------------------------------------------------------+
; Minimum Propagation Delay                                ;
+------------+-------------+-------+-------+-------+-------+
; Input Port ; Output Port ; RR    ; RF    ; FR    ; FF    ;
+------------+-------------+-------+-------+-------+-------+
; SW0        ; HEX4[0]     ; 5.074 ; 5.621 ; 5.563 ; 6.108 ;
; SW0        ; HEX4[1]     ; 4.481 ; 4.309 ; 4.978 ; 4.796 ;
; SW0        ; HEX4[2]     ;       ; 4.637 ; 4.845 ;       ;
; SW0        ; HEX4[3]     ; 4.181 ; 4.389 ; 4.693 ; 4.862 ;
; SW0        ; HEX4[4]     ; 4.187 ;       ;       ; 4.979 ;
; SW0        ; HEX4[5]     ; 4.410 ;       ;       ; 4.647 ;
; SW0        ; HEX4[6]     ; 4.172 ;       ;       ; 4.963 ;
; SW0        ; LED0        ; 5.150 ; 5.742 ; 5.640 ; 6.229 ;
; SW1        ; HEX4[0]     ; 4.993 ; 5.540 ; 5.493 ; 6.038 ;
; SW1        ; HEX4[1]     ; 4.442 ; 4.255 ; 4.941 ; 4.756 ;
; SW1        ; HEX4[2]     ; 4.338 ;       ;       ; 5.110 ;
; SW1        ; HEX4[3]     ; 4.189 ; 4.360 ; 4.690 ; 4.859 ;
; SW1        ; HEX4[4]     ; 4.192 ; 4.459 ; 4.693 ; 4.958 ;
; SW1        ; HEX4[5]     ; 4.370 ;       ;       ; 4.628 ;
; SW1        ; HEX4[6]     ; 4.173 ; 4.454 ; 4.675 ; 4.953 ;
; SW1        ; HEX5[0]     ;       ; 4.615 ; 4.772 ;       ;
; SW1        ; HEX5[3]     ;       ; 4.913 ; 5.084 ;       ;
; SW1        ; HEX5[4]     ;       ; 5.890 ; 5.727 ;       ;
; SW1        ; HEX5[5]     ;       ; 5.882 ; 5.718 ;       ;
; SW1        ; HEX5[6]     ;       ; 4.883 ; 5.002 ;       ;
; SW1        ; LED0        ; 5.069 ; 5.661 ; 5.569 ; 6.159 ;
; SW1        ; LED1        ; 5.149 ; 5.764 ; 5.649 ; 6.262 ;
; SW2        ; HEX4[0]     ; 5.150 ; 5.735 ; 5.720 ; 6.273 ;
; SW2        ; HEX4[1]     ; 4.669 ;       ;       ; 5.022 ;
; SW2        ; HEX4[2]     ; 4.524 ; 4.797 ; 5.056 ; 5.327 ;
; SW2        ; HEX4[3]     ; 4.351 ; 4.507 ; 4.885 ; 5.051 ;
; SW2        ; HEX4[4]     ; 4.415 ;       ;       ; 5.217 ;
; SW2        ; HEX4[5]     ; 4.597 ; 4.354 ; 5.134 ; 4.893 ;
; SW2        ; HEX4[6]     ; 4.372 ; 4.639 ; 4.911 ; 5.187 ;
; SW2        ; HEX5[0]     ;       ; 4.848 ; 5.044 ;       ;
; SW2        ; HEX5[3]     ;       ; 5.146 ; 5.356 ;       ;
; SW2        ; HEX5[4]     ;       ; 6.123 ; 5.999 ;       ;
; SW2        ; HEX5[5]     ;       ; 6.115 ; 5.990 ;       ;
; SW2        ; HEX5[6]     ;       ; 5.116 ; 5.274 ;       ;
; SW2        ; LED1        ; 5.382 ; 5.997 ; 5.920 ; 6.533 ;
; SW2        ; LED2        ; 5.272 ; 5.919 ; 5.795 ; 6.421 ;
; SW3        ; HEX4[0]     ; 4.904 ; 5.440 ; 5.482 ; 6.015 ;
; SW3        ; HEX4[1]     ; 4.340 ;       ;       ; 4.739 ;
; SW3        ; HEX4[2]     ; 4.219 ;       ;       ; 5.054 ;
; SW3        ; HEX4[3]     ; 4.072 ;       ;       ; 4.801 ;
; SW3        ; HEX4[4]     ; 4.091 ;       ;       ; 4.923 ;
; SW3        ; HEX4[5]     ; 4.266 ; 4.034 ; 4.840 ; 4.611 ;
; SW3        ; HEX4[6]     ; 4.075 ; 4.345 ; 4.651 ; 4.916 ;
; SW3        ; HEX5[0]     ;       ; 4.517 ; 4.761 ;       ;
; SW3        ; HEX5[3]     ;       ; 4.815 ; 5.073 ;       ;
; SW3        ; HEX5[4]     ;       ; 5.792 ; 5.716 ;       ;
; SW3        ; HEX5[5]     ;       ; 5.784 ; 5.707 ;       ;
; SW3        ; HEX5[6]     ;       ; 4.785 ; 4.991 ;       ;
; SW3        ; LED2        ; 5.038 ; 5.652 ; 5.611 ; 6.220 ;
; SW3        ; LED3        ; 3.780 ;       ;       ; 4.437 ;
+------------+-------------+-------+-------+-------+-------+


----------------------------------------------
; Fast 1100mV 85C Model Metastability Report ;
----------------------------------------------
No synchronizer chains to report.


--------------------------------------
; Fast 1100mV 0C Model Setup Summary ;
--------------------------------------
No paths to report.


-------------------------------------
; Fast 1100mV 0C Model Hold Summary ;
-------------------------------------
No paths to report.


-----------------------------------------
; Fast 1100mV 0C Model Recovery Summary ;
-----------------------------------------
No paths to report.


----------------------------------------
; Fast 1100mV 0C Model Removal Summary ;
----------------------------------------
No paths to report.


----------------------------------------------------
; Fast 1100mV 0C Model Minimum Pulse Width Summary ;
----------------------------------------------------
No paths to report.


+----------------------------------------------------------+
; Propagation Delay                                        ;
+------------+-------------+-------+-------+-------+-------+
; Input Port ; Output Port ; RR    ; RF    ; FR    ; FF    ;
+------------+-------------+-------+-------+-------+-------+
; SW0        ; HEX4[0]     ; 5.390 ; 6.023 ; 5.949 ; 6.585 ;
; SW0        ; HEX4[1]     ; 4.604 ; 4.413 ; 5.183 ; 4.969 ;
; SW0        ; HEX4[2]     ;       ; 4.736 ; 5.034 ;       ;
; SW0        ; HEX4[3]     ; 4.274 ; 4.464 ; 4.859 ; 5.010 ;
; SW0        ; HEX4[4]     ; 4.293 ;       ;       ; 5.154 ;
; SW0        ; HEX4[5]     ; 4.503 ;       ;       ; 4.831 ;
; SW0        ; HEX4[6]     ; 4.321 ;       ;       ; 5.172 ;
; SW0        ; LED0        ; 5.443 ; 6.063 ; 6.002 ; 6.625 ;
; SW1        ; HEX4[0]     ; 5.298 ; 5.934 ; 5.872 ; 6.506 ;
; SW1        ; HEX4[1]     ; 4.539 ; 4.362 ; 5.111 ; 4.936 ;
; SW1        ; HEX4[2]     ; 4.454 ;       ;       ; 5.298 ;
; SW1        ; HEX4[3]     ; 4.292 ; 4.456 ; 4.867 ; 5.029 ;
; SW1        ; HEX4[4]     ; 4.304 ; 4.585 ; 4.878 ; 5.157 ;
; SW1        ; HEX4[5]     ; 4.478 ;       ;       ; 4.810 ;
; SW1        ; HEX4[6]     ; 4.331 ; 4.610 ; 4.905 ; 5.181 ;
; SW1        ; HEX5[0]     ;       ; 4.806 ; 5.024 ;       ;
; SW1        ; HEX5[3]     ;       ; 5.104 ; 5.316 ;       ;
; SW1        ; HEX5[4]     ;       ; 6.197 ; 6.076 ;       ;
; SW1        ; HEX5[5]     ;       ; 6.207 ; 6.086 ;       ;
; SW1        ; HEX5[6]     ;       ; 5.096 ; 5.256 ;       ;
; SW1        ; LED0        ; 5.351 ; 5.974 ; 5.925 ; 6.546 ;
; SW1        ; LED1        ; 5.421 ; 6.070 ; 5.994 ; 6.641 ;
; SW2        ; HEX4[0]     ; 5.460 ; 6.127 ; 6.113 ; 6.729 ;
; SW2        ; HEX4[1]     ; 4.785 ;       ;       ; 5.218 ;
; SW2        ; HEX4[2]     ; 4.654 ; 4.922 ; 5.259 ; 5.530 ;
; SW2        ; HEX4[3]     ; 4.457 ; 4.635 ; 5.060 ; 5.261 ;
; SW2        ; HEX4[4]     ; 4.546 ;       ;       ; 5.436 ;
; SW2        ; HEX4[5]     ; 4.724 ; 4.485 ; 5.334 ; 5.092 ;
; SW2        ; HEX4[6]     ; 4.539 ; 4.832 ; 5.146 ; 5.461 ;
; SW2        ; HEX5[0]     ;       ; 5.057 ; 5.313 ;       ;
; SW2        ; HEX5[3]     ;       ; 5.355 ; 5.605 ;       ;
; SW2        ; HEX5[4]     ;       ; 6.448 ; 6.365 ;       ;
; SW2        ; HEX5[5]     ;       ; 6.458 ; 6.375 ;       ;
; SW2        ; HEX5[6]     ;       ; 5.347 ; 5.545 ;       ;
; SW2        ; LED1        ; 5.675 ; 6.321 ; 6.283 ; 6.932 ;
; SW2        ; LED2        ; 5.537 ; 6.218 ; 6.126 ; 6.792 ;
; SW3        ; HEX4[0]     ; 5.127 ; 5.758 ; 5.744 ; 6.369 ;
; SW3        ; HEX4[1]     ; 4.355 ;       ;       ; 4.796 ;
; SW3        ; HEX4[2]     ; 4.247 ;       ;       ; 5.124 ;
; SW3        ; HEX4[3]     ; 4.083 ;       ;       ; 4.848 ;
; SW3        ; HEX4[4]     ; 4.120 ;       ;       ; 5.007 ;
; SW3        ; HEX4[5]     ; 4.295 ; 4.058 ; 4.907 ; 4.676 ;
; SW3        ; HEX4[6]     ; 4.144 ; 4.419 ; 4.758 ; 5.024 ;
; SW3        ; HEX5[0]     ;       ; 4.628 ; 4.890 ;       ;
; SW3        ; HEX5[3]     ;       ; 4.926 ; 5.182 ;       ;
; SW3        ; HEX5[4]     ;       ; 6.019 ; 5.942 ;       ;
; SW3        ; HEX5[5]     ;       ; 6.029 ; 5.952 ;       ;
; SW3        ; HEX5[6]     ;       ; 4.918 ; 5.122 ;       ;
; SW3        ; LED2        ; 5.210 ; 5.878 ; 5.823 ; 6.482 ;
; SW3        ; LED3        ; 3.745 ;       ;       ; 4.457 ;
+------------+-------------+-------+-------+-------+-------+


+----------------------------------------------------------+
; Minimum Propagation Delay                                ;
+------------+-------------+-------+-------+-------+-------+
; Input Port ; Output Port ; RR    ; RF    ; FR    ; FF    ;
+------------+-------------+-------+-------+-------+-------+
; SW0        ; HEX4[0]     ; 4.879 ; 5.336 ; 5.370 ; 5.824 ;
; SW0        ; HEX4[1]     ; 4.214 ; 4.061 ; 4.717 ; 4.553 ;
; SW0        ; HEX4[2]     ;       ; 4.357 ; 4.589 ;       ;
; SW0        ; HEX4[3]     ; 3.926 ; 4.118 ; 4.438 ; 4.590 ;
; SW0        ; HEX4[4]     ; 3.937 ;       ;       ; 4.704 ;
; SW0        ; HEX4[5]     ; 4.141 ;       ;       ; 4.403 ;
; SW0        ; HEX4[6]     ; 3.956 ;       ;       ; 4.711 ;
; SW0        ; LED0        ; 4.955 ; 5.426 ; 5.446 ; 5.915 ;
; SW1        ; HEX4[0]     ; 4.791 ; 5.247 ; 5.293 ; 5.747 ;
; SW1        ; HEX4[1]     ; 4.170 ; 4.003 ; 4.670 ; 4.505 ;
; SW1        ; HEX4[2]     ; 4.085 ;       ;       ; 4.831 ;
; SW1        ; HEX4[3]     ; 3.936 ; 4.090 ; 4.438 ; 4.590 ;
; SW1        ; HEX4[4]     ; 3.943 ; 4.189 ; 4.445 ; 4.688 ;
; SW1        ; HEX4[5]     ; 4.102 ;       ;       ; 4.388 ;
; SW1        ; HEX4[6]     ; 3.958 ; 4.203 ; 4.460 ; 4.703 ;
; SW1        ; HEX5[0]     ;       ; 4.362 ; 4.557 ;       ;
; SW1        ; HEX5[3]     ;       ; 4.633 ; 4.829 ;       ;
; SW1        ; HEX5[4]     ;       ; 5.536 ; 5.506 ;       ;
; SW1        ; HEX5[5]     ;       ; 5.541 ; 5.512 ;       ;
; SW1        ; HEX5[6]     ;       ; 4.620 ; 4.769 ;       ;
; SW1        ; LED0        ; 4.867 ; 5.338 ; 5.369 ; 5.838 ;
; SW1        ; LED1        ; 4.932 ; 5.422 ; 5.434 ; 5.922 ;
; SW2        ; HEX4[0]     ; 4.948 ; 5.444 ; 5.508 ; 5.968 ;
; SW2        ; HEX4[1]     ; 4.408 ;       ;       ; 4.770 ;
; SW2        ; HEX4[2]     ; 4.278 ; 4.526 ; 4.806 ; 5.050 ;
; SW2        ; HEX4[3]     ; 4.105 ; 4.245 ; 4.635 ; 4.786 ;
; SW2        ; HEX4[4]     ; 4.175 ;       ;       ; 4.948 ;
; SW2        ; HEX4[5]     ; 4.341 ; 4.123 ; 4.867 ; 4.653 ;
; SW2        ; HEX4[6]     ; 4.165 ; 4.396 ; 4.698 ; 4.940 ;
; SW2        ; HEX5[0]     ;       ; 4.605 ; 4.828 ;       ;
; SW2        ; HEX5[3]     ;       ; 4.876 ; 5.100 ;       ;
; SW2        ; HEX5[4]     ;       ; 5.779 ; 5.777 ;       ;
; SW2        ; HEX5[5]     ;       ; 5.784 ; 5.783 ;       ;
; SW2        ; HEX5[6]     ;       ; 4.863 ; 5.040 ;       ;
; SW2        ; LED1        ; 5.175 ; 5.666 ; 5.705 ; 6.193 ;
; SW2        ; LED2        ; 5.043 ; 5.580 ; 5.563 ; 6.077 ;
; SW3        ; HEX4[0]     ; 4.668 ; 5.115 ; 5.239 ; 5.682 ;
; SW3        ; HEX4[1]     ; 4.035 ;       ;       ; 4.446 ;
; SW3        ; HEX4[2]     ; 3.930 ;       ;       ; 4.735 ;
; SW3        ; HEX4[3]     ; 3.785 ;       ;       ; 4.491 ;
; SW3        ; HEX4[4]     ; 3.808 ;       ;       ; 4.612 ;
; SW3        ; HEX4[5]     ; 3.964 ; 3.757 ; 4.532 ; 4.329 ;
; SW3        ; HEX4[6]     ; 3.826 ; 4.062 ; 4.395 ; 4.625 ;
; SW3        ; HEX5[0]     ;       ; 4.233 ; 4.503 ;       ;
; SW3        ; HEX5[3]     ;       ; 4.504 ; 4.775 ;       ;
; SW3        ; HEX5[4]     ;       ; 5.407 ; 5.452 ;       ;
; SW3        ; HEX5[5]     ;       ; 5.412 ; 5.458 ;       ;
; SW3        ; HEX5[6]     ;       ; 4.491 ; 4.715 ;       ;
; SW3        ; LED2        ; 4.772 ; 5.276 ; 5.340 ; 5.838 ;
; SW3        ; LED3        ; 3.498 ;       ;       ; 4.147 ;
+------------+-------------+-------+-------+-------+-------+


---------------------------------------------
; Fast 1100mV 0C Model Metastability Report ;
---------------------------------------------
No synchronizer chains to report.


+----------------------------------------------------------------------------+
; Multicorner Timing Analysis Summary                                        ;
+------------------+-------+------+----------+---------+---------------------+
; Clock            ; Setup ; Hold ; Recovery ; Removal ; Minimum Pulse Width ;
+------------------+-------+------+----------+---------+---------------------+
; Worst-case Slack ; N/A   ; N/A  ; N/A      ; N/A     ; N/A                 ;
; Design-wide TNS  ; 0.0   ; 0.0  ; 0.0      ; 0.0     ; 0.0                 ;
+------------------+-------+------+----------+---------+---------------------+


+--------------------------------------------------------------+
; Propagation Delay                                            ;
+------------+-------------+--------+--------+--------+--------+
; Input Port ; Output Port ; RR     ; RF     ; FR     ; FF     ;
+------------+-------------+--------+--------+--------+--------+
; SW0        ; HEX4[0]     ; 10.256 ; 11.111 ; 10.488 ; 11.356 ;
; SW0        ; HEX4[1]     ; 8.982  ; 8.832  ; 9.256  ; 9.050  ;
; SW0        ; HEX4[2]     ;        ; 9.152  ; 9.247  ;        ;
; SW0        ; HEX4[3]     ; 8.547  ; 8.712  ; 8.917  ; 8.957  ;
; SW0        ; HEX4[4]     ; 8.571  ;        ;        ; 9.208  ;
; SW0        ; HEX4[5]     ; 8.761  ;        ;        ; 8.907  ;
; SW0        ; HEX4[6]     ; 8.351  ;        ;        ; 9.017  ;
; SW0        ; LED0        ; 10.299 ; 11.137 ; 10.530 ; 11.391 ;
; SW1        ; HEX4[0]     ; 10.056 ; 10.924 ; 10.341 ; 11.196 ;
; SW1        ; HEX4[1]     ; 8.875  ; 8.769  ; 9.148  ; 9.054  ;
; SW1        ; HEX4[2]     ; 8.918  ;        ;        ; 9.444  ;
; SW1        ; HEX4[3]     ; 8.658  ; 8.735  ; 8.943  ; 9.008  ;
; SW1        ; HEX4[4]     ; 8.690  ; 8.940  ; 8.975  ; 9.213  ;
; SW1        ; HEX4[5]     ; 8.765  ;        ;        ; 8.849  ;
; SW1        ; HEX4[6]     ; 8.453  ; 8.786  ; 8.738  ; 9.060  ;
; SW1        ; HEX5[0]     ;        ; 9.084  ; 8.962  ;        ;
; SW1        ; HEX5[3]     ;        ; 9.719  ; 9.651  ;        ;
; SW1        ; HEX5[4]     ;        ; 11.288 ; 10.622 ;        ;
; SW1        ; HEX5[5]     ;        ; 11.304 ; 10.632 ;        ;
; SW1        ; HEX5[6]     ;        ; 9.582  ; 9.415  ;        ;
; SW1        ; LED0        ; 10.099 ; 10.949 ; 10.383 ; 11.221 ;
; SW1        ; LED1        ; 10.202 ; 11.097 ; 10.487 ; 11.369 ;
; SW2        ; HEX4[0]     ; 10.174 ; 11.149 ; 10.718 ; 11.516 ;
; SW2        ; HEX4[1]     ; 9.283  ;        ;        ; 9.502  ;
; SW2        ; HEX4[2]     ; 9.288  ; 9.528  ; 9.598  ; 9.848  ;
; SW2        ; HEX4[3]     ; 8.898  ; 9.019  ; 9.200  ; 9.377  ;
; SW2        ; HEX4[4]     ; 9.104  ;        ;        ; 9.665  ;
; SW2        ; HEX4[5]     ; 9.173  ; 8.984  ; 9.496  ; 9.297  ;
; SW2        ; HEX4[6]     ; 8.737  ; 9.113  ; 9.044  ; 9.476  ;
; SW2        ; HEX5[0]     ;        ; 9.497  ; 9.416  ;        ;
; SW2        ; HEX5[3]     ;        ; 10.132 ; 10.105 ;        ;
; SW2        ; HEX5[4]     ;        ; 11.714 ; 11.076 ;        ;
; SW2        ; HEX5[5]     ;        ; 11.737 ; 11.086 ;        ;
; SW2        ; HEX5[6]     ;        ; 9.995  ; 9.869  ;        ;
; SW2        ; LED1        ; 10.628 ; 11.519 ; 10.941 ; 11.852 ;
; SW2        ; LED2        ; 10.274 ; 11.219 ; 10.559 ; 11.459 ;
; SW3        ; HEX4[0]     ; 9.767  ; 10.632 ; 10.081 ; 10.924 ;
; SW3        ; HEX4[1]     ; 8.574  ;        ;        ; 8.782  ;
; SW3        ; HEX4[2]     ; 8.597  ;        ;        ; 9.133  ;
; SW3        ; HEX4[3]     ; 8.335  ;        ;        ; 8.687  ;
; SW3        ; HEX4[4]     ; 8.388  ;        ;        ; 8.927  ;
; SW3        ; HEX4[5]     ; 8.468  ; 8.269  ; 8.758  ; 8.580  ;
; SW3        ; HEX4[6]     ; 8.150  ; 8.479  ; 8.460  ; 8.763  ;
; SW3        ; HEX5[0]     ;        ; 8.789  ; 8.697  ;        ;
; SW3        ; HEX5[3]     ;        ; 9.424  ; 9.386  ;        ;
; SW3        ; HEX5[4]     ;        ; 10.993 ; 10.357 ;        ;
; SW3        ; HEX5[5]     ;        ; 11.009 ; 10.367 ;        ;
; SW3        ; HEX5[6]     ;        ; 9.287  ; 9.150  ;        ;
; SW3        ; LED2        ; 9.860  ; 10.764 ; 10.165 ; 11.043 ;
; SW3        ; LED3        ; 7.604  ;        ;        ; 7.945  ;
+------------+-------------+--------+--------+--------+--------+


+----------------------------------------------------------+
; Minimum Propagation Delay                                ;
+------------+-------------+-------+-------+-------+-------+
; Input Port ; Output Port ; RR    ; RF    ; FR    ; FF    ;
+------------+-------------+-------+-------+-------+-------+
; SW0        ; HEX4[0]     ; 4.879 ; 5.336 ; 5.370 ; 5.824 ;
; SW0        ; HEX4[1]     ; 4.214 ; 4.061 ; 4.717 ; 4.553 ;
; SW0        ; HEX4[2]     ;       ; 4.357 ; 4.589 ;       ;
; SW0        ; HEX4[3]     ; 3.926 ; 4.118 ; 4.438 ; 4.590 ;
; SW0        ; HEX4[4]     ; 3.937 ;       ;       ; 4.704 ;
; SW0        ; HEX4[5]     ; 4.141 ;       ;       ; 4.403 ;
; SW0        ; HEX4[6]     ; 3.956 ;       ;       ; 4.711 ;
; SW0        ; LED0        ; 4.955 ; 5.426 ; 5.446 ; 5.915 ;
; SW1        ; HEX4[0]     ; 4.791 ; 5.247 ; 5.293 ; 5.747 ;
; SW1        ; HEX4[1]     ; 4.170 ; 4.003 ; 4.670 ; 4.505 ;
; SW1        ; HEX4[2]     ; 4.085 ;       ;       ; 4.831 ;
; SW1        ; HEX4[3]     ; 3.936 ; 4.090 ; 4.438 ; 4.590 ;
; SW1        ; HEX4[4]     ; 3.943 ; 4.189 ; 4.445 ; 4.688 ;
; SW1        ; HEX4[5]     ; 4.102 ;       ;       ; 4.388 ;
; SW1        ; HEX4[6]     ; 3.958 ; 4.203 ; 4.460 ; 4.703 ;
; SW1        ; HEX5[0]     ;       ; 4.362 ; 4.557 ;       ;
; SW1        ; HEX5[3]     ;       ; 4.633 ; 4.829 ;       ;
; SW1        ; HEX5[4]     ;       ; 5.536 ; 5.506 ;       ;
; SW1        ; HEX5[5]     ;       ; 5.541 ; 5.512 ;       ;
; SW1        ; HEX5[6]     ;       ; 4.620 ; 4.769 ;       ;
; SW1        ; LED0        ; 4.867 ; 5.338 ; 5.369 ; 5.838 ;
; SW1        ; LED1        ; 4.932 ; 5.422 ; 5.434 ; 5.922 ;
; SW2        ; HEX4[0]     ; 4.948 ; 5.444 ; 5.508 ; 5.968 ;
; SW2        ; HEX4[1]     ; 4.408 ;       ;       ; 4.770 ;
; SW2        ; HEX4[2]     ; 4.278 ; 4.526 ; 4.806 ; 5.050 ;
; SW2        ; HEX4[3]     ; 4.105 ; 4.245 ; 4.635 ; 4.786 ;
; SW2        ; HEX4[4]     ; 4.175 ;       ;       ; 4.948 ;
; SW2        ; HEX4[5]     ; 4.341 ; 4.123 ; 4.867 ; 4.653 ;
; SW2        ; HEX4[6]     ; 4.165 ; 4.396 ; 4.698 ; 4.940 ;
; SW2        ; HEX5[0]     ;       ; 4.605 ; 4.828 ;       ;
; SW2        ; HEX5[3]     ;       ; 4.876 ; 5.100 ;       ;
; SW2        ; HEX5[4]     ;       ; 5.779 ; 5.777 ;       ;
; SW2        ; HEX5[5]     ;       ; 5.784 ; 5.783 ;       ;
; SW2        ; HEX5[6]     ;       ; 4.863 ; 5.040 ;       ;
; SW2        ; LED1        ; 5.175 ; 5.666 ; 5.705 ; 6.193 ;
; SW2        ; LED2        ; 5.043 ; 5.580 ; 5.563 ; 6.077 ;
; SW3        ; HEX4[0]     ; 4.668 ; 5.115 ; 5.239 ; 5.682 ;
; SW3        ; HEX4[1]     ; 4.035 ;       ;       ; 4.446 ;
; SW3        ; HEX4[2]     ; 3.930 ;       ;       ; 4.735 ;
; SW3        ; HEX4[3]     ; 3.785 ;       ;       ; 4.491 ;
; SW3        ; HEX4[4]     ; 3.808 ;       ;       ; 4.612 ;
; SW3        ; HEX4[5]     ; 3.964 ; 3.757 ; 4.532 ; 4.329 ;
; SW3        ; HEX4[6]     ; 3.826 ; 4.062 ; 4.395 ; 4.625 ;
; SW3        ; HEX5[0]     ;       ; 4.233 ; 4.503 ;       ;
; SW3        ; HEX5[3]     ;       ; 4.504 ; 4.775 ;       ;
; SW3        ; HEX5[4]     ;       ; 5.407 ; 5.452 ;       ;
; SW3        ; HEX5[5]     ;       ; 5.412 ; 5.458 ;       ;
; SW3        ; HEX5[6]     ;       ; 4.491 ; 4.715 ;       ;
; SW3        ; LED2        ; 4.772 ; 5.276 ; 5.340 ; 5.838 ;
; SW3        ; LED3        ; 3.498 ;       ;       ; 4.147 ;
+------------+-------------+-------+-------+-------+-------+


+------------------------------------------------------------------------------------------------------------------------------------------------------------------------------------------------------------------------------------------------------------------------------------------------------------------------------------------------------------------------------------------------------------+
; Board Trace Model Assignments                                                                                                                                                                                                                                                                                                                                                                              ;
+---------+--------------+-------------------+-------------------------+-------------------------+---------------+---------------------+----------------+------------------+--------+------------------+------------------------+------------------------+--------------+---------------+-----------------+-------+---------------------+--------------------+---------------+-----------------+-------------+
; Pin     ; I/O Standard ; Near Tline Length ; Near Tline L per Length ; Near Tline C per Length ; Near Series R ; Near Differential R ; Near Pull-up R ; Near Pull-down R ; Near C ; Far Tline Length ; Far Tline L per Length ; Far Tline C per Length ; Far Series R ; Far Pull-up R ; Far Pull-down R ; Far C ; Termination Voltage ; Far Differential R ; EBD File Name ; EBD Signal Name ; EBD Far-end ;
+---------+--------------+-------------------+-------------------------+-------------------------+---------------+---------------------+----------------+------------------+--------+------------------+------------------------+------------------------+--------------+---------------+-----------------+-------+---------------------+--------------------+---------------+-----------------+-------------+
; LED0    ; 2.5 V        ; 0 in              ; 0 H/in                  ; 0 F/in                  ; short         ; -                   ; open           ; open             ; open   ; 0 in             ; 0 H/in                 ; 0 F/in                 ; short        ; open          ; open            ; open  ; 0 V                 ; -                  ; n/a           ; n/a             ; n/a         ;
; LED1    ; 2.5 V        ; 0 in              ; 0 H/in                  ; 0 F/in                  ; short         ; -                   ; open           ; open             ; open   ; 0 in             ; 0 H/in                 ; 0 F/in                 ; short        ; open          ; open            ; open  ; 0 V                 ; -                  ; n/a           ; n/a             ; n/a         ;
; LED2    ; 2.5 V        ; 0 in              ; 0 H/in                  ; 0 F/in                  ; short         ; -                   ; open           ; open             ; open   ; 0 in             ; 0 H/in                 ; 0 F/in                 ; short        ; open          ; open            ; open  ; 0 V                 ; -                  ; n/a           ; n/a             ; n/a         ;
; LED3    ; 2.5 V        ; 0 in              ; 0 H/in                  ; 0 F/in                  ; short         ; -                   ; open           ; open             ; open   ; 0 in             ; 0 H/in                 ; 0 F/in                 ; short        ; open          ; open            ; open  ; 0 V                 ; -                  ; n/a           ; n/a             ; n/a         ;
; HEX4[0] ; 2.5 V        ; 0 in              ; 0 H/in                  ; 0 F/in                  ; short         ; -                   ; open           ; open             ; open   ; 0 in             ; 0 H/in                 ; 0 F/in                 ; short        ; open          ; open            ; open  ; 0 V                 ; -                  ; n/a           ; n/a             ; n/a         ;
; HEX4[1] ; 2.5 V        ; 0 in              ; 0 H/in                  ; 0 F/in                  ; short         ; -                   ; open           ; open             ; open   ; 0 in             ; 0 H/in                 ; 0 F/in                 ; short        ; open          ; open            ; open  ; 0 V                 ; -                  ; n/a           ; n/a             ; n/a         ;
; HEX4[2] ; 2.5 V        ; 0 in              ; 0 H/in                  ; 0 F/in                  ; short         ; -                   ; open           ; open             ; open   ; 0 in             ; 0 H/in                 ; 0 F/in                 ; short        ; open          ; open            ; open  ; 0 V                 ; -                  ; n/a           ; n/a             ; n/a         ;
; HEX4[3] ; 2.5 V        ; 0 in              ; 0 H/in                  ; 0 F/in                  ; short         ; -                   ; open           ; open             ; open   ; 0 in             ; 0 H/in                 ; 0 F/in                 ; short        ; open          ; open            ; open  ; 0 V                 ; -                  ; n/a           ; n/a             ; n/a         ;
; HEX4[4] ; 2.5 V        ; 0 in              ; 0 H/in                  ; 0 F/in                  ; short         ; -                   ; open           ; open             ; open   ; 0 in             ; 0 H/in                 ; 0 F/in                 ; short        ; open          ; open            ; open  ; 0 V                 ; -                  ; n/a           ; n/a             ; n/a         ;
; HEX4[5] ; 2.5 V        ; 0 in              ; 0 H/in                  ; 0 F/in                  ; short         ; -                   ; open           ; open             ; open   ; 0 in             ; 0 H/in                 ; 0 F/in                 ; short        ; open          ; open            ; open  ; 0 V                 ; -                  ; n/a           ; n/a             ; n/a         ;
; HEX4[6] ; 2.5 V        ; 0 in              ; 0 H/in                  ; 0 F/in                  ; short         ; -                   ; open           ; open             ; open   ; 0 in             ; 0 H/in                 ; 0 F/in                 ; short        ; open          ; open            ; open  ; 0 V                 ; -                  ; n/a           ; n/a             ; n/a         ;
; HEX5[0] ; 2.5 V        ; 0 in              ; 0 H/in                  ; 0 F/in                  ; short         ; -                   ; open           ; open             ; open   ; 0 in             ; 0 H/in                 ; 0 F/in                 ; short        ; open          ; open            ; open  ; 0 V                 ; -                  ; n/a           ; n/a             ; n/a         ;
; HEX5[1] ; 2.5 V        ; 0 in              ; 0 H/in                  ; 0 F/in                  ; short         ; -                   ; open           ; open             ; open   ; 0 in             ; 0 H/in                 ; 0 F/in                 ; short        ; open          ; open            ; open  ; 0 V                 ; -                  ; n/a           ; n/a             ; n/a         ;
; HEX5[2] ; 2.5 V        ; 0 in              ; 0 H/in                  ; 0 F/in                  ; short         ; -                   ; open           ; open             ; open   ; 0 in             ; 0 H/in                 ; 0 F/in                 ; short        ; open          ; open            ; open  ; 0 V                 ; -                  ; n/a           ; n/a             ; n/a         ;
; HEX5[3] ; 2.5 V        ; 0 in              ; 0 H/in                  ; 0 F/in                  ; short         ; -                   ; open           ; open             ; open   ; 0 in             ; 0 H/in                 ; 0 F/in                 ; short        ; open          ; open            ; open  ; 0 V                 ; -                  ; n/a           ; n/a             ; n/a         ;
; HEX5[4] ; 2.5 V        ; 0 in              ; 0 H/in                  ; 0 F/in                  ; short         ; -                   ; open           ; open             ; open   ; 0 in             ; 0 H/in                 ; 0 F/in                 ; short        ; open          ; open            ; open  ; 0 V                 ; -                  ; n/a           ; n/a             ; n/a         ;
; HEX5[5] ; 2.5 V        ; 0 in              ; 0 H/in                  ; 0 F/in                  ; short         ; -                   ; open           ; open             ; open   ; 0 in             ; 0 H/in                 ; 0 F/in                 ; short        ; open          ; open            ; open  ; 0 V                 ; -                  ; n/a           ; n/a             ; n/a         ;
; HEX5[6] ; 2.5 V        ; 0 in              ; 0 H/in                  ; 0 F/in                  ; short         ; -                   ; open           ; open             ; open   ; 0 in             ; 0 H/in                 ; 0 F/in                 ; short        ; open          ; open            ; open  ; 0 V                 ; -                  ; n/a           ; n/a             ; n/a         ;
+---------+--------------+-------------------+-------------------------+-------------------------+---------------+---------------------+----------------+------------------+--------+------------------+------------------------+------------------------+--------------+---------------+-----------------+-------+---------------------+--------------------+---------------+-----------------+-------------+


+--------------------------------------------------------+
; Input Transition Times                                 ;
+-----+--------------+-----------------+-----------------+
; Pin ; I/O Standard ; 10-90 Rise Time ; 90-10 Fall Time ;
+-----+--------------+-----------------+-----------------+
; SW0 ; 2.5 V        ; 2000 ps         ; 2000 ps         ;
; SW1 ; 2.5 V        ; 2000 ps         ; 2000 ps         ;
; SW2 ; 2.5 V        ; 2000 ps         ; 2000 ps         ;
; SW3 ; 2.5 V        ; 2000 ps         ; 2000 ps         ;
+-----+--------------+-----------------+-----------------+


+--------------------------------------------------------------------------------------------------------------------------------------------------------------------------------------------------------------------------------------------------------------------------------------------------------------------------------------------------------------------------------------------------------------------------------------------------------------------------------------------------------------------------------------------------------------------------------------------------------------------------------------------------------------------------------------+
; Signal Integrity Metrics (Slow 1100mv 0c Model)                                                                                                                                                                                                                                                                                                                                                                                                                                                                                                                                                                                                                                      ;
+---------+--------------+---------------------+---------------------+------------------------------+------------------------------+---------------------+---------------------+--------------------------------------+--------------------------------------+-----------------------------+-----------------------------+----------------------------+----------------------------+-----------------------------+-----------------------------+--------------------+--------------------+-------------------------------------+-------------------------------------+----------------------------+----------------------------+---------------------------+---------------------------+
; Pin     ; I/O Standard ; Board Delay on Rise ; Board Delay on Fall ; Steady State Voh at FPGA Pin ; Steady State Vol at FPGA Pin ; Voh Max at FPGA Pin ; Vol Min at FPGA Pin ; Ringback Voltage on Rise at FPGA Pin ; Ringback Voltage on Fall at FPGA Pin ; 10-90 Rise Time at FPGA Pin ; 90-10 Fall Time at FPGA Pin ; Monotonic Rise at FPGA Pin ; Monotonic Fall at FPGA Pin ; Steady State Voh at Far-end ; Steady State Vol at Far-end ; Voh Max at Far-end ; Vol Min at Far-end ; Ringback Voltage on Rise at Far-end ; Ringback Voltage on Fall at Far-end ; 10-90 Rise Time at Far-end ; 90-10 Fall Time at Far-end ; Monotonic Rise at Far-end ; Monotonic Fall at Far-end ;
+---------+--------------+---------------------+---------------------+------------------------------+------------------------------+---------------------+---------------------+--------------------------------------+--------------------------------------+-----------------------------+-----------------------------+----------------------------+----------------------------+-----------------------------+-----------------------------+--------------------+--------------------+-------------------------------------+-------------------------------------+----------------------------+----------------------------+---------------------------+---------------------------+
; LED0    ; 2.5 V        ; 0 s                 ; 0 s                 ; 2.32 V                       ; 2.15e-07 V                   ; 2.41 V              ; -0.0492 V           ; 0.181 V                              ; 0.116 V                              ; 4.54e-10 s                  ; 4.44e-10 s                  ; No                         ; Yes                        ; 2.32 V                      ; 2.15e-07 V                  ; 2.41 V             ; -0.0492 V          ; 0.181 V                             ; 0.116 V                             ; 4.54e-10 s                 ; 4.44e-10 s                 ; No                        ; Yes                       ;
; LED1    ; 2.5 V        ; 0 s                 ; 0 s                 ; 2.32 V                       ; 2.15e-07 V                   ; 2.41 V              ; -0.0495 V           ; 0.18 V                               ; 0.115 V                              ; 4.54e-10 s                  ; 4.44e-10 s                  ; No                         ; Yes                        ; 2.32 V                      ; 2.15e-07 V                  ; 2.41 V             ; -0.0495 V          ; 0.18 V                              ; 0.115 V                             ; 4.54e-10 s                 ; 4.44e-10 s                 ; No                        ; Yes                       ;
; LED2    ; 2.5 V        ; 0 s                 ; 0 s                 ; 2.32 V                       ; 1.88e-07 V                   ; 2.35 V              ; -0.0185 V           ; 0.153 V                              ; 0.099 V                              ; 4.6e-10 s                   ; 4.48e-10 s                  ; No                         ; Yes                        ; 2.32 V                      ; 1.88e-07 V                  ; 2.35 V             ; -0.0185 V          ; 0.153 V                             ; 0.099 V                             ; 4.6e-10 s                  ; 4.48e-10 s                 ; No                        ; Yes                       ;
; LED3    ; 2.5 V        ; 0 s                 ; 0 s                 ; 2.32 V                       ; 2.19e-07 V                   ; 2.4 V               ; -0.039 V            ; 0.21 V                               ; 0.145 V                              ; 4.67e-10 s                  ; 4.63e-10 s                  ; No                         ; Yes                        ; 2.32 V                      ; 2.19e-07 V                  ; 2.4 V              ; -0.039 V           ; 0.21 V                              ; 0.145 V                             ; 4.67e-10 s                 ; 4.63e-10 s                 ; No                        ; Yes                       ;
; HEX4[0] ; 2.5 V        ; 0 s                 ; 0 s                 ; 2.32 V                       ; 2.15e-07 V                   ; 2.41 V              ; -0.0492 V           ; 0.181 V                              ; 0.116 V                              ; 4.54e-10 s                  ; 4.44e-10 s                  ; No                         ; Yes                        ; 2.32 V                      ; 2.15e-07 V                  ; 2.41 V             ; -0.0492 V          ; 0.181 V                             ; 0.116 V                             ; 4.54e-10 s                 ; 4.44e-10 s                 ; No                        ; Yes                       ;
; HEX4[1] ; 2.5 V        ; 0 s                 ; 0 s                 ; 2.32 V                       ; 1.88e-07 V                   ; 2.35 V              ; -0.0185 V           ; 0.153 V                              ; 0.099 V                              ; 4.6e-10 s                   ; 4.48e-10 s                  ; No                         ; Yes                        ; 2.32 V                      ; 1.88e-07 V                  ; 2.35 V             ; -0.0185 V          ; 0.153 V                             ; 0.099 V                             ; 4.6e-10 s                  ; 4.48e-10 s                 ; No                        ; Yes                       ;
; HEX4[2] ; 2.5 V        ; 0 s                 ; 0 s                 ; 2.32 V                       ; 1.88e-07 V                   ; 2.35 V              ; -0.0185 V           ; 0.153 V                              ; 0.099 V                              ; 4.6e-10 s                   ; 4.48e-10 s                  ; No                         ; Yes                        ; 2.32 V                      ; 1.88e-07 V                  ; 2.35 V             ; -0.0185 V          ; 0.153 V                             ; 0.099 V                             ; 4.6e-10 s                  ; 4.48e-10 s                 ; No                        ; Yes                       ;
; HEX4[3] ; 2.5 V        ; 0 s                 ; 0 s                 ; 2.32 V                       ; 1.88e-07 V                   ; 2.35 V              ; -0.0185 V           ; 0.153 V                              ; 0.099 V                              ; 4.6e-10 s                   ; 4.48e-10 s                  ; No                         ; Yes                        ; 2.32 V                      ; 1.88e-07 V                  ; 2.35 V             ; -0.0185 V          ; 0.153 V                             ; 0.099 V                             ; 4.6e-10 s                  ; 4.48e-10 s                 ; No                        ; Yes                       ;
; HEX4[4] ; 2.5 V        ; 0 s                 ; 0 s                 ; 2.32 V                       ; 2.19e-07 V                   ; 2.4 V               ; -0.039 V            ; 0.21 V                               ; 0.145 V                              ; 4.67e-10 s                  ; 4.63e-10 s                  ; No                         ; Yes                        ; 2.32 V                      ; 2.19e-07 V                  ; 2.4 V              ; -0.039 V           ; 0.21 V                              ; 0.145 V                             ; 4.67e-10 s                 ; 4.63e-10 s                 ; No                        ; Yes                       ;
; HEX4[5] ; 2.5 V        ; 0 s                 ; 0 s                 ; 2.32 V                       ; 2.19e-07 V                   ; 2.4 V               ; -0.039 V            ; 0.21 V                               ; 0.145 V                              ; 4.67e-10 s                  ; 4.63e-10 s                  ; No                         ; Yes                        ; 2.32 V                      ; 2.19e-07 V                  ; 2.4 V              ; -0.039 V           ; 0.21 V                              ; 0.145 V                             ; 4.67e-10 s                 ; 4.63e-10 s                 ; No                        ; Yes                       ;
; HEX4[6] ; 2.5 V        ; 0 s                 ; 0 s                 ; 2.32 V                       ; 1.88e-07 V                   ; 2.35 V              ; -0.0185 V           ; 0.153 V                              ; 0.099 V                              ; 4.6e-10 s                   ; 4.48e-10 s                  ; No                         ; Yes                        ; 2.32 V                      ; 1.88e-07 V                  ; 2.35 V             ; -0.0185 V          ; 0.153 V                             ; 0.099 V                             ; 4.6e-10 s                  ; 4.48e-10 s                 ; No                        ; Yes                       ;
; HEX5[0] ; 2.5 V        ; 0 s                 ; 0 s                 ; 2.32 V                       ; 2.19e-07 V                   ; 2.4 V               ; -0.039 V            ; 0.21 V                               ; 0.145 V                              ; 4.67e-10 s                  ; 4.63e-10 s                  ; No                         ; Yes                        ; 2.32 V                      ; 2.19e-07 V                  ; 2.4 V              ; -0.039 V           ; 0.21 V                              ; 0.145 V                             ; 4.67e-10 s                 ; 4.63e-10 s                 ; No                        ; Yes                       ;
; HEX5[1] ; 2.5 V        ; 0 s                 ; 0 s                 ; 2.32 V                       ; 1.88e-07 V                   ; 2.35 V              ; -0.0185 V           ; 0.153 V                              ; 0.099 V                              ; 4.6e-10 s                   ; 4.48e-10 s                  ; No                         ; Yes                        ; 2.32 V                      ; 1.88e-07 V                  ; 2.35 V             ; -0.0185 V          ; 0.153 V                             ; 0.099 V                             ; 4.6e-10 s                  ; 4.48e-10 s                 ; No                        ; Yes                       ;
; HEX5[2] ; 2.5 V        ; 0 s                 ; 0 s                 ; 2.32 V                       ; 1.88e-07 V                   ; 2.35 V              ; -0.0185 V           ; 0.153 V                              ; 0.099 V                              ; 4.6e-10 s                   ; 4.48e-10 s                  ; No                         ; Yes                        ; 2.32 V                      ; 1.88e-07 V                  ; 2.35 V             ; -0.0185 V          ; 0.153 V                             ; 0.099 V                             ; 4.6e-10 s                  ; 4.48e-10 s                 ; No                        ; Yes                       ;
; HEX5[3] ; 2.5 V        ; 0 s                 ; 0 s                 ; 2.32 V                       ; 1.88e-07 V                   ; 2.35 V              ; -0.0185 V           ; 0.153 V                              ; 0.099 V                              ; 4.6e-10 s                   ; 4.48e-10 s                  ; No                         ; Yes                        ; 2.32 V                      ; 1.88e-07 V                  ; 2.35 V             ; -0.0185 V          ; 0.153 V                             ; 0.099 V                             ; 4.6e-10 s                  ; 4.48e-10 s                 ; No                        ; Yes                       ;
; HEX5[4] ; 2.5 V        ; 0 s                 ; 0 s                 ; 2.32 V                       ; 2.15e-07 V                   ; 2.41 V              ; -0.0495 V           ; 0.18 V                               ; 0.115 V                              ; 4.54e-10 s                  ; 4.44e-10 s                  ; No                         ; Yes                        ; 2.32 V                      ; 2.15e-07 V                  ; 2.41 V             ; -0.0495 V          ; 0.18 V                              ; 0.115 V                             ; 4.54e-10 s                 ; 4.44e-10 s                 ; No                        ; Yes                       ;
; HEX5[5] ; 2.5 V        ; 0 s                 ; 0 s                 ; 2.32 V                       ; 2.15e-07 V                   ; 2.41 V              ; -0.0492 V           ; 0.181 V                              ; 0.116 V                              ; 4.54e-10 s                  ; 4.44e-10 s                  ; No                         ; Yes                        ; 2.32 V                      ; 2.15e-07 V                  ; 2.41 V             ; -0.0492 V          ; 0.181 V                             ; 0.116 V                             ; 4.54e-10 s                 ; 4.44e-10 s                 ; No                        ; Yes                       ;
; HEX5[6] ; 2.5 V        ; 0 s                 ; 0 s                 ; 2.32 V                       ; 2.19e-07 V                   ; 2.4 V               ; -0.039 V            ; 0.21 V                               ; 0.145 V                              ; 4.67e-10 s                  ; 4.63e-10 s                  ; No                         ; Yes                        ; 2.32 V                      ; 2.19e-07 V                  ; 2.4 V              ; -0.039 V           ; 0.21 V                              ; 0.145 V                             ; 4.67e-10 s                 ; 4.63e-10 s                 ; No                        ; Yes                       ;
+---------+--------------+---------------------+---------------------+------------------------------+------------------------------+---------------------+---------------------+--------------------------------------+--------------------------------------+-----------------------------+-----------------------------+----------------------------+----------------------------+-----------------------------+-----------------------------+--------------------+--------------------+-------------------------------------+-------------------------------------+----------------------------+----------------------------+---------------------------+---------------------------+


+--------------------------------------------------------------------------------------------------------------------------------------------------------------------------------------------------------------------------------------------------------------------------------------------------------------------------------------------------------------------------------------------------------------------------------------------------------------------------------------------------------------------------------------------------------------------------------------------------------------------------------------------------------------------------------------+
; Signal Integrity Metrics (Slow 1100mv 85c Model)                                                                                                                                                                                                                                                                                                                                                                                                                                                                                                                                                                                                                                     ;
+---------+--------------+---------------------+---------------------+------------------------------+------------------------------+---------------------+---------------------+--------------------------------------+--------------------------------------+-----------------------------+-----------------------------+----------------------------+----------------------------+-----------------------------+-----------------------------+--------------------+--------------------+-------------------------------------+-------------------------------------+----------------------------+----------------------------+---------------------------+---------------------------+
; Pin     ; I/O Standard ; Board Delay on Rise ; Board Delay on Fall ; Steady State Voh at FPGA Pin ; Steady State Vol at FPGA Pin ; Voh Max at FPGA Pin ; Vol Min at FPGA Pin ; Ringback Voltage on Rise at FPGA Pin ; Ringback Voltage on Fall at FPGA Pin ; 10-90 Rise Time at FPGA Pin ; 90-10 Fall Time at FPGA Pin ; Monotonic Rise at FPGA Pin ; Monotonic Fall at FPGA Pin ; Steady State Voh at Far-end ; Steady State Vol at Far-end ; Voh Max at Far-end ; Vol Min at Far-end ; Ringback Voltage on Rise at Far-end ; Ringback Voltage on Fall at Far-end ; 10-90 Rise Time at Far-end ; 90-10 Fall Time at Far-end ; Monotonic Rise at Far-end ; Monotonic Fall at Far-end ;
+---------+--------------+---------------------+---------------------+------------------------------+------------------------------+---------------------+---------------------+--------------------------------------+--------------------------------------+-----------------------------+-----------------------------+----------------------------+----------------------------+-----------------------------+-----------------------------+--------------------+--------------------+-------------------------------------+-------------------------------------+----------------------------+----------------------------+---------------------------+---------------------------+
; LED0    ; 2.5 V        ; 0 s                 ; 0 s                 ; 2.32 V                       ; 2.52e-05 V                   ; 2.38 V              ; -0.032 V            ; 0.204 V                              ; 0.181 V                              ; 4.74e-10 s                  ; 4.85e-10 s                  ; No                         ; Yes                        ; 2.32 V                      ; 2.52e-05 V                  ; 2.38 V             ; -0.032 V           ; 0.204 V                             ; 0.181 V                             ; 4.74e-10 s                 ; 4.85e-10 s                 ; No                        ; Yes                       ;
; LED1    ; 2.5 V        ; 0 s                 ; 0 s                 ; 2.32 V                       ; 2.52e-05 V                   ; 2.38 V              ; -0.0315 V           ; 0.205 V                              ; 0.182 V                              ; 4.74e-10 s                  ; 4.85e-10 s                  ; No                         ; Yes                        ; 2.32 V                      ; 2.52e-05 V                  ; 2.38 V             ; -0.0315 V          ; 0.205 V                             ; 0.182 V                             ; 4.74e-10 s                 ; 4.85e-10 s                 ; No                        ; Yes                       ;
; LED2    ; 2.5 V        ; 0 s                 ; 0 s                 ; 2.32 V                       ; 2.27e-05 V                   ; 2.34 V              ; -0.0089 V           ; 0.206 V                              ; 0.058 V                              ; 4.97e-10 s                  ; 5.13e-10 s                  ; Yes                        ; Yes                        ; 2.32 V                      ; 2.27e-05 V                  ; 2.34 V             ; -0.0089 V          ; 0.206 V                             ; 0.058 V                             ; 4.97e-10 s                 ; 5.13e-10 s                 ; Yes                       ; Yes                       ;
; LED3    ; 2.5 V        ; 0 s                 ; 0 s                 ; 2.32 V                       ; 2.56e-05 V                   ; 2.38 V              ; -0.026 V            ; 0.249 V                              ; 0.089 V                              ; 4.95e-10 s                  ; 6.01e-10 s                  ; No                         ; Yes                        ; 2.32 V                      ; 2.56e-05 V                  ; 2.38 V             ; -0.026 V           ; 0.249 V                             ; 0.089 V                             ; 4.95e-10 s                 ; 6.01e-10 s                 ; No                        ; Yes                       ;
; HEX4[0] ; 2.5 V        ; 0 s                 ; 0 s                 ; 2.32 V                       ; 2.52e-05 V                   ; 2.38 V              ; -0.032 V            ; 0.204 V                              ; 0.181 V                              ; 4.74e-10 s                  ; 4.85e-10 s                  ; No                         ; Yes                        ; 2.32 V                      ; 2.52e-05 V                  ; 2.38 V             ; -0.032 V           ; 0.204 V                             ; 0.181 V                             ; 4.74e-10 s                 ; 4.85e-10 s                 ; No                        ; Yes                       ;
; HEX4[1] ; 2.5 V        ; 0 s                 ; 0 s                 ; 2.32 V                       ; 2.27e-05 V                   ; 2.34 V              ; -0.0089 V           ; 0.206 V                              ; 0.058 V                              ; 4.97e-10 s                  ; 5.13e-10 s                  ; Yes                        ; Yes                        ; 2.32 V                      ; 2.27e-05 V                  ; 2.34 V             ; -0.0089 V          ; 0.206 V                             ; 0.058 V                             ; 4.97e-10 s                 ; 5.13e-10 s                 ; Yes                       ; Yes                       ;
; HEX4[2] ; 2.5 V        ; 0 s                 ; 0 s                 ; 2.32 V                       ; 2.27e-05 V                   ; 2.34 V              ; -0.0089 V           ; 0.206 V                              ; 0.058 V                              ; 4.97e-10 s                  ; 5.13e-10 s                  ; Yes                        ; Yes                        ; 2.32 V                      ; 2.27e-05 V                  ; 2.34 V             ; -0.0089 V          ; 0.206 V                             ; 0.058 V                             ; 4.97e-10 s                 ; 5.13e-10 s                 ; Yes                       ; Yes                       ;
; HEX4[3] ; 2.5 V        ; 0 s                 ; 0 s                 ; 2.32 V                       ; 2.27e-05 V                   ; 2.34 V              ; -0.0089 V           ; 0.206 V                              ; 0.058 V                              ; 4.97e-10 s                  ; 5.13e-10 s                  ; Yes                        ; Yes                        ; 2.32 V                      ; 2.27e-05 V                  ; 2.34 V             ; -0.0089 V          ; 0.206 V                             ; 0.058 V                             ; 4.97e-10 s                 ; 5.13e-10 s                 ; Yes                       ; Yes                       ;
; HEX4[4] ; 2.5 V        ; 0 s                 ; 0 s                 ; 2.32 V                       ; 2.56e-05 V                   ; 2.38 V              ; -0.026 V            ; 0.249 V                              ; 0.089 V                              ; 4.95e-10 s                  ; 6.01e-10 s                  ; No                         ; Yes                        ; 2.32 V                      ; 2.56e-05 V                  ; 2.38 V             ; -0.026 V           ; 0.249 V                             ; 0.089 V                             ; 4.95e-10 s                 ; 6.01e-10 s                 ; No                        ; Yes                       ;
; HEX4[5] ; 2.5 V        ; 0 s                 ; 0 s                 ; 2.32 V                       ; 2.56e-05 V                   ; 2.38 V              ; -0.026 V            ; 0.249 V                              ; 0.089 V                              ; 4.95e-10 s                  ; 6.01e-10 s                  ; No                         ; Yes                        ; 2.32 V                      ; 2.56e-05 V                  ; 2.38 V             ; -0.026 V           ; 0.249 V                             ; 0.089 V                             ; 4.95e-10 s                 ; 6.01e-10 s                 ; No                        ; Yes                       ;
; HEX4[6] ; 2.5 V        ; 0 s                 ; 0 s                 ; 2.32 V                       ; 2.27e-05 V                   ; 2.34 V              ; -0.0089 V           ; 0.206 V                              ; 0.058 V                              ; 4.97e-10 s                  ; 5.13e-10 s                  ; Yes                        ; Yes                        ; 2.32 V                      ; 2.27e-05 V                  ; 2.34 V             ; -0.0089 V          ; 0.206 V                             ; 0.058 V                             ; 4.97e-10 s                 ; 5.13e-10 s                 ; Yes                       ; Yes                       ;
; HEX5[0] ; 2.5 V        ; 0 s                 ; 0 s                 ; 2.32 V                       ; 2.56e-05 V                   ; 2.38 V              ; -0.026 V            ; 0.249 V                              ; 0.089 V                              ; 4.95e-10 s                  ; 6.01e-10 s                  ; No                         ; Yes                        ; 2.32 V                      ; 2.56e-05 V                  ; 2.38 V             ; -0.026 V           ; 0.249 V                             ; 0.089 V                             ; 4.95e-10 s                 ; 6.01e-10 s                 ; No                        ; Yes                       ;
; HEX5[1] ; 2.5 V        ; 0 s                 ; 0 s                 ; 2.32 V                       ; 2.27e-05 V                   ; 2.34 V              ; -0.0089 V           ; 0.206 V                              ; 0.058 V                              ; 4.97e-10 s                  ; 5.13e-10 s                  ; Yes                        ; Yes                        ; 2.32 V                      ; 2.27e-05 V                  ; 2.34 V             ; -0.0089 V          ; 0.206 V                             ; 0.058 V                             ; 4.97e-10 s                 ; 5.13e-10 s                 ; Yes                       ; Yes                       ;
; HEX5[2] ; 2.5 V        ; 0 s                 ; 0 s                 ; 2.32 V                       ; 2.27e-05 V                   ; 2.34 V              ; -0.0089 V           ; 0.206 V                              ; 0.058 V                              ; 4.97e-10 s                  ; 5.13e-10 s                  ; Yes                        ; Yes                        ; 2.32 V                      ; 2.27e-05 V                  ; 2.34 V             ; -0.0089 V          ; 0.206 V                             ; 0.058 V                             ; 4.97e-10 s                 ; 5.13e-10 s                 ; Yes                       ; Yes                       ;
; HEX5[3] ; 2.5 V        ; 0 s                 ; 0 s                 ; 2.32 V                       ; 2.27e-05 V                   ; 2.34 V              ; -0.0089 V           ; 0.206 V                              ; 0.058 V                              ; 4.97e-10 s                  ; 5.13e-10 s                  ; Yes                        ; Yes                        ; 2.32 V                      ; 2.27e-05 V                  ; 2.34 V             ; -0.0089 V          ; 0.206 V                             ; 0.058 V                             ; 4.97e-10 s                 ; 5.13e-10 s                 ; Yes                       ; Yes                       ;
; HEX5[4] ; 2.5 V        ; 0 s                 ; 0 s                 ; 2.32 V                       ; 2.52e-05 V                   ; 2.38 V              ; -0.0315 V           ; 0.205 V                              ; 0.182 V                              ; 4.74e-10 s                  ; 4.85e-10 s                  ; No                         ; Yes                        ; 2.32 V                      ; 2.52e-05 V                  ; 2.38 V             ; -0.0315 V          ; 0.205 V                             ; 0.182 V                             ; 4.74e-10 s                 ; 4.85e-10 s                 ; No                        ; Yes                       ;
; HEX5[5] ; 2.5 V        ; 0 s                 ; 0 s                 ; 2.32 V                       ; 2.52e-05 V                   ; 2.38 V              ; -0.032 V            ; 0.204 V                              ; 0.181 V                              ; 4.74e-10 s                  ; 4.85e-10 s                  ; No                         ; Yes                        ; 2.32 V                      ; 2.52e-05 V                  ; 2.38 V             ; -0.032 V           ; 0.204 V                             ; 0.181 V                             ; 4.74e-10 s                 ; 4.85e-10 s                 ; No                        ; Yes                       ;
; HEX5[6] ; 2.5 V        ; 0 s                 ; 0 s                 ; 2.32 V                       ; 2.56e-05 V                   ; 2.38 V              ; -0.026 V            ; 0.249 V                              ; 0.089 V                              ; 4.95e-10 s                  ; 6.01e-10 s                  ; No                         ; Yes                        ; 2.32 V                      ; 2.56e-05 V                  ; 2.38 V             ; -0.026 V           ; 0.249 V                             ; 0.089 V                             ; 4.95e-10 s                 ; 6.01e-10 s                 ; No                        ; Yes                       ;
+---------+--------------+---------------------+---------------------+------------------------------+------------------------------+---------------------+---------------------+--------------------------------------+--------------------------------------+-----------------------------+-----------------------------+----------------------------+----------------------------+-----------------------------+-----------------------------+--------------------+--------------------+-------------------------------------+-------------------------------------+----------------------------+----------------------------+---------------------------+---------------------------+


+--------------------------------------------------------------------------------------------------------------------------------------------------------------------------------------------------------------------------------------------------------------------------------------------------------------------------------------------------------------------------------------------------------------------------------------------------------------------------------------------------------------------------------------------------------------------------------------------------------------------------------------------------------------------------------------+
; Signal Integrity Metrics (Fast 1100mv 0c Model)                                                                                                                                                                                                                                                                                                                                                                                                                                                                                                                                                                                                                                      ;
+---------+--------------+---------------------+---------------------+------------------------------+------------------------------+---------------------+---------------------+--------------------------------------+--------------------------------------+-----------------------------+-----------------------------+----------------------------+----------------------------+-----------------------------+-----------------------------+--------------------+--------------------+-------------------------------------+-------------------------------------+----------------------------+----------------------------+---------------------------+---------------------------+
; Pin     ; I/O Standard ; Board Delay on Rise ; Board Delay on Fall ; Steady State Voh at FPGA Pin ; Steady State Vol at FPGA Pin ; Voh Max at FPGA Pin ; Vol Min at FPGA Pin ; Ringback Voltage on Rise at FPGA Pin ; Ringback Voltage on Fall at FPGA Pin ; 10-90 Rise Time at FPGA Pin ; 90-10 Fall Time at FPGA Pin ; Monotonic Rise at FPGA Pin ; Monotonic Fall at FPGA Pin ; Steady State Voh at Far-end ; Steady State Vol at Far-end ; Voh Max at Far-end ; Vol Min at Far-end ; Ringback Voltage on Rise at Far-end ; Ringback Voltage on Fall at Far-end ; 10-90 Rise Time at Far-end ; 90-10 Fall Time at Far-end ; Monotonic Rise at Far-end ; Monotonic Fall at Far-end ;
+---------+--------------+---------------------+---------------------+------------------------------+------------------------------+---------------------+---------------------+--------------------------------------+--------------------------------------+-----------------------------+-----------------------------+----------------------------+----------------------------+-----------------------------+-----------------------------+--------------------+--------------------+-------------------------------------+-------------------------------------+----------------------------+----------------------------+---------------------------+---------------------------+
; LED0    ; 2.5 V        ; 0 s                 ; 0 s                 ; 2.75 V                       ; 4.14e-06 V                   ; 2.91 V              ; -0.119 V            ; 0.326 V                              ; 0.298 V                              ; 2.74e-10 s                  ; 2.8e-10 s                   ; No                         ; No                         ; 2.75 V                      ; 4.14e-06 V                  ; 2.91 V             ; -0.119 V           ; 0.326 V                             ; 0.298 V                             ; 2.74e-10 s                 ; 2.8e-10 s                  ; No                        ; No                        ;
; LED1    ; 2.5 V        ; 0 s                 ; 0 s                 ; 2.75 V                       ; 4.14e-06 V                   ; 2.91 V              ; -0.121 V            ; 0.326 V                              ; 0.297 V                              ; 2.74e-10 s                  ; 2.8e-10 s                   ; No                         ; No                         ; 2.75 V                      ; 4.14e-06 V                  ; 2.91 V             ; -0.121 V           ; 0.326 V                             ; 0.297 V                             ; 2.74e-10 s                 ; 2.8e-10 s                  ; No                        ; No                        ;
; LED2    ; 2.5 V        ; 0 s                 ; 0 s                 ; 2.75 V                       ; 3.54e-06 V                   ; 2.81 V              ; -0.0578 V           ; 0.303 V                              ; 0.28 V                               ; 2.93e-10 s                  ; 3.01e-10 s                  ; No                         ; No                         ; 2.75 V                      ; 3.54e-06 V                  ; 2.81 V             ; -0.0578 V          ; 0.303 V                             ; 0.28 V                              ; 2.93e-10 s                 ; 3.01e-10 s                 ; No                        ; No                        ;
; LED3    ; 2.5 V        ; 0 s                 ; 0 s                 ; 2.75 V                       ; 4.25e-06 V                   ; 2.9 V               ; -0.107 V            ; 0.378 V                              ; 0.16 V                               ; 2.87e-10 s                  ; 4.28e-10 s                  ; No                         ; No                         ; 2.75 V                      ; 4.25e-06 V                  ; 2.9 V              ; -0.107 V           ; 0.378 V                             ; 0.16 V                              ; 2.87e-10 s                 ; 4.28e-10 s                 ; No                        ; No                        ;
; HEX4[0] ; 2.5 V        ; 0 s                 ; 0 s                 ; 2.75 V                       ; 4.14e-06 V                   ; 2.91 V              ; -0.119 V            ; 0.326 V                              ; 0.298 V                              ; 2.74e-10 s                  ; 2.8e-10 s                   ; No                         ; No                         ; 2.75 V                      ; 4.14e-06 V                  ; 2.91 V             ; -0.119 V           ; 0.326 V                             ; 0.298 V                             ; 2.74e-10 s                 ; 2.8e-10 s                  ; No                        ; No                        ;
; HEX4[1] ; 2.5 V        ; 0 s                 ; 0 s                 ; 2.75 V                       ; 3.54e-06 V                   ; 2.81 V              ; -0.0578 V           ; 0.303 V                              ; 0.28 V                               ; 2.93e-10 s                  ; 3.01e-10 s                  ; No                         ; No                         ; 2.75 V                      ; 3.54e-06 V                  ; 2.81 V             ; -0.0578 V          ; 0.303 V                             ; 0.28 V                              ; 2.93e-10 s                 ; 3.01e-10 s                 ; No                        ; No                        ;
; HEX4[2] ; 2.5 V        ; 0 s                 ; 0 s                 ; 2.75 V                       ; 3.54e-06 V                   ; 2.81 V              ; -0.0578 V           ; 0.303 V                              ; 0.28 V                               ; 2.93e-10 s                  ; 3.01e-10 s                  ; No                         ; No                         ; 2.75 V                      ; 3.54e-06 V                  ; 2.81 V             ; -0.0578 V          ; 0.303 V                             ; 0.28 V                              ; 2.93e-10 s                 ; 3.01e-10 s                 ; No                        ; No                        ;
; HEX4[3] ; 2.5 V        ; 0 s                 ; 0 s                 ; 2.75 V                       ; 3.54e-06 V                   ; 2.81 V              ; -0.0578 V           ; 0.303 V                              ; 0.28 V                               ; 2.93e-10 s                  ; 3.01e-10 s                  ; No                         ; No                         ; 2.75 V                      ; 3.54e-06 V                  ; 2.81 V             ; -0.0578 V          ; 0.303 V                             ; 0.28 V                              ; 2.93e-10 s                 ; 3.01e-10 s                 ; No                        ; No                        ;
; HEX4[4] ; 2.5 V        ; 0 s                 ; 0 s                 ; 2.75 V                       ; 4.25e-06 V                   ; 2.9 V               ; -0.107 V            ; 0.378 V                              ; 0.16 V                               ; 2.87e-10 s                  ; 4.28e-10 s                  ; No                         ; No                         ; 2.75 V                      ; 4.25e-06 V                  ; 2.9 V              ; -0.107 V           ; 0.378 V                             ; 0.16 V                              ; 2.87e-10 s                 ; 4.28e-10 s                 ; No                        ; No                        ;
; HEX4[5] ; 2.5 V        ; 0 s                 ; 0 s                 ; 2.75 V                       ; 4.25e-06 V                   ; 2.9 V               ; -0.107 V            ; 0.378 V                              ; 0.16 V                               ; 2.87e-10 s                  ; 4.28e-10 s                  ; No                         ; No                         ; 2.75 V                      ; 4.25e-06 V                  ; 2.9 V              ; -0.107 V           ; 0.378 V                             ; 0.16 V                              ; 2.87e-10 s                 ; 4.28e-10 s                 ; No                        ; No                        ;
; HEX4[6] ; 2.5 V        ; 0 s                 ; 0 s                 ; 2.75 V                       ; 3.54e-06 V                   ; 2.81 V              ; -0.0578 V           ; 0.303 V                              ; 0.28 V                               ; 2.93e-10 s                  ; 3.01e-10 s                  ; No                         ; No                         ; 2.75 V                      ; 3.54e-06 V                  ; 2.81 V             ; -0.0578 V          ; 0.303 V                             ; 0.28 V                              ; 2.93e-10 s                 ; 3.01e-10 s                 ; No                        ; No                        ;
; HEX5[0] ; 2.5 V        ; 0 s                 ; 0 s                 ; 2.75 V                       ; 4.25e-06 V                   ; 2.9 V               ; -0.107 V            ; 0.378 V                              ; 0.16 V                               ; 2.87e-10 s                  ; 4.28e-10 s                  ; No                         ; No                         ; 2.75 V                      ; 4.25e-06 V                  ; 2.9 V              ; -0.107 V           ; 0.378 V                             ; 0.16 V                              ; 2.87e-10 s                 ; 4.28e-10 s                 ; No                        ; No                        ;
; HEX5[1] ; 2.5 V        ; 0 s                 ; 0 s                 ; 2.75 V                       ; 3.54e-06 V                   ; 2.81 V              ; -0.0578 V           ; 0.303 V                              ; 0.28 V                               ; 2.93e-10 s                  ; 3.01e-10 s                  ; No                         ; No                         ; 2.75 V                      ; 3.54e-06 V                  ; 2.81 V             ; -0.0578 V          ; 0.303 V                             ; 0.28 V                              ; 2.93e-10 s                 ; 3.01e-10 s                 ; No                        ; No                        ;
; HEX5[2] ; 2.5 V        ; 0 s                 ; 0 s                 ; 2.75 V                       ; 3.54e-06 V                   ; 2.81 V              ; -0.0578 V           ; 0.303 V                              ; 0.28 V                               ; 2.93e-10 s                  ; 3.01e-10 s                  ; No                         ; No                         ; 2.75 V                      ; 3.54e-06 V                  ; 2.81 V             ; -0.0578 V          ; 0.303 V                             ; 0.28 V                              ; 2.93e-10 s                 ; 3.01e-10 s                 ; No                        ; No                        ;
; HEX5[3] ; 2.5 V        ; 0 s                 ; 0 s                 ; 2.75 V                       ; 3.54e-06 V                   ; 2.81 V              ; -0.0578 V           ; 0.303 V                              ; 0.28 V                               ; 2.93e-10 s                  ; 3.01e-10 s                  ; No                         ; No                         ; 2.75 V                      ; 3.54e-06 V                  ; 2.81 V             ; -0.0578 V          ; 0.303 V                             ; 0.28 V                              ; 2.93e-10 s                 ; 3.01e-10 s                 ; No                        ; No                        ;
; HEX5[4] ; 2.5 V        ; 0 s                 ; 0 s                 ; 2.75 V                       ; 4.14e-06 V                   ; 2.91 V              ; -0.121 V            ; 0.326 V                              ; 0.297 V                              ; 2.74e-10 s                  ; 2.8e-10 s                   ; No                         ; No                         ; 2.75 V                      ; 4.14e-06 V                  ; 2.91 V             ; -0.121 V           ; 0.326 V                             ; 0.297 V                             ; 2.74e-10 s                 ; 2.8e-10 s                  ; No                        ; No                        ;
; HEX5[5] ; 2.5 V        ; 0 s                 ; 0 s                 ; 2.75 V                       ; 4.14e-06 V                   ; 2.91 V              ; -0.119 V            ; 0.326 V                              ; 0.298 V                              ; 2.74e-10 s                  ; 2.8e-10 s                   ; No                         ; No                         ; 2.75 V                      ; 4.14e-06 V                  ; 2.91 V             ; -0.119 V           ; 0.326 V                             ; 0.298 V                             ; 2.74e-10 s                 ; 2.8e-10 s                  ; No                        ; No                        ;
; HEX5[6] ; 2.5 V        ; 0 s                 ; 0 s                 ; 2.75 V                       ; 4.25e-06 V                   ; 2.9 V               ; -0.107 V            ; 0.378 V                              ; 0.16 V                               ; 2.87e-10 s                  ; 4.28e-10 s                  ; No                         ; No                         ; 2.75 V                      ; 4.25e-06 V                  ; 2.9 V              ; -0.107 V           ; 0.378 V                             ; 0.16 V                              ; 2.87e-10 s                 ; 4.28e-10 s                 ; No                        ; No                        ;
+---------+--------------+---------------------+---------------------+------------------------------+------------------------------+---------------------+---------------------+--------------------------------------+--------------------------------------+-----------------------------+-----------------------------+----------------------------+----------------------------+-----------------------------+-----------------------------+--------------------+--------------------+-------------------------------------+-------------------------------------+----------------------------+----------------------------+---------------------------+---------------------------+


+--------------------------------------------------------------------------------------------------------------------------------------------------------------------------------------------------------------------------------------------------------------------------------------------------------------------------------------------------------------------------------------------------------------------------------------------------------------------------------------------------------------------------------------------------------------------------------------------------------------------------------------------------------------------------------------+
; Signal Integrity Metrics (Fast 1100mv 85c Model)                                                                                                                                                                                                                                                                                                                                                                                                                                                                                                                                                                                                                                     ;
+---------+--------------+---------------------+---------------------+------------------------------+------------------------------+---------------------+---------------------+--------------------------------------+--------------------------------------+-----------------------------+-----------------------------+----------------------------+----------------------------+-----------------------------+-----------------------------+--------------------+--------------------+-------------------------------------+-------------------------------------+----------------------------+----------------------------+---------------------------+---------------------------+
; Pin     ; I/O Standard ; Board Delay on Rise ; Board Delay on Fall ; Steady State Voh at FPGA Pin ; Steady State Vol at FPGA Pin ; Voh Max at FPGA Pin ; Vol Min at FPGA Pin ; Ringback Voltage on Rise at FPGA Pin ; Ringback Voltage on Fall at FPGA Pin ; 10-90 Rise Time at FPGA Pin ; 90-10 Fall Time at FPGA Pin ; Monotonic Rise at FPGA Pin ; Monotonic Fall at FPGA Pin ; Steady State Voh at Far-end ; Steady State Vol at Far-end ; Voh Max at Far-end ; Vol Min at Far-end ; Ringback Voltage on Rise at Far-end ; Ringback Voltage on Fall at Far-end ; 10-90 Rise Time at Far-end ; 90-10 Fall Time at Far-end ; Monotonic Rise at Far-end ; Monotonic Fall at Far-end ;
+---------+--------------+---------------------+---------------------+------------------------------+------------------------------+---------------------+---------------------+--------------------------------------+--------------------------------------+-----------------------------+-----------------------------+----------------------------+----------------------------+-----------------------------+-----------------------------+--------------------+--------------------+-------------------------------------+-------------------------------------+----------------------------+----------------------------+---------------------------+---------------------------+
; LED0    ; 2.5 V        ; 0 s                 ; 0 s                 ; 2.75 V                       ; 0.000242 V                   ; 2.86 V              ; -0.0805 V           ; 0.358 V                              ; 0.156 V                              ; 3.01e-10 s                  ; 4.34e-10 s                  ; No                         ; No                         ; 2.75 V                      ; 0.000242 V                  ; 2.86 V             ; -0.0805 V          ; 0.358 V                             ; 0.156 V                             ; 3.01e-10 s                 ; 4.34e-10 s                 ; No                        ; No                        ;
; LED1    ; 2.5 V        ; 0 s                 ; 0 s                 ; 2.75 V                       ; 0.000242 V                   ; 2.86 V              ; -0.0814 V           ; 0.36 V                               ; 0.156 V                              ; 3e-10 s                     ; 4.34e-10 s                  ; No                         ; No                         ; 2.75 V                      ; 0.000242 V                  ; 2.86 V             ; -0.0814 V          ; 0.36 V                              ; 0.156 V                             ; 3e-10 s                    ; 4.34e-10 s                 ; No                        ; No                        ;
; LED2    ; 2.5 V        ; 0 s                 ; 0 s                 ; 2.75 V                       ; 0.000213 V                   ; 2.79 V              ; -0.0324 V           ; 0.139 V                              ; 0.119 V                              ; 4.42e-10 s                  ; 4.33e-10 s                  ; No                         ; Yes                        ; 2.75 V                      ; 0.000213 V                  ; 2.79 V             ; -0.0324 V          ; 0.139 V                             ; 0.119 V                             ; 4.42e-10 s                 ; 4.33e-10 s                 ; No                        ; Yes                       ;
; LED3    ; 2.5 V        ; 0 s                 ; 0 s                 ; 2.75 V                       ; 0.000247 V                   ; 2.85 V              ; -0.0711 V           ; 0.204 V                              ; 0.181 V                              ; 4.55e-10 s                  ; 4.49e-10 s                  ; No                         ; No                         ; 2.75 V                      ; 0.000247 V                  ; 2.85 V             ; -0.0711 V          ; 0.204 V                             ; 0.181 V                             ; 4.55e-10 s                 ; 4.49e-10 s                 ; No                        ; No                        ;
; HEX4[0] ; 2.5 V        ; 0 s                 ; 0 s                 ; 2.75 V                       ; 0.000242 V                   ; 2.86 V              ; -0.0805 V           ; 0.358 V                              ; 0.156 V                              ; 3.01e-10 s                  ; 4.34e-10 s                  ; No                         ; No                         ; 2.75 V                      ; 0.000242 V                  ; 2.86 V             ; -0.0805 V          ; 0.358 V                             ; 0.156 V                             ; 3.01e-10 s                 ; 4.34e-10 s                 ; No                        ; No                        ;
; HEX4[1] ; 2.5 V        ; 0 s                 ; 0 s                 ; 2.75 V                       ; 0.000213 V                   ; 2.79 V              ; -0.0324 V           ; 0.139 V                              ; 0.119 V                              ; 4.42e-10 s                  ; 4.33e-10 s                  ; No                         ; Yes                        ; 2.75 V                      ; 0.000213 V                  ; 2.79 V             ; -0.0324 V          ; 0.139 V                             ; 0.119 V                             ; 4.42e-10 s                 ; 4.33e-10 s                 ; No                        ; Yes                       ;
; HEX4[2] ; 2.5 V        ; 0 s                 ; 0 s                 ; 2.75 V                       ; 0.000213 V                   ; 2.79 V              ; -0.0324 V           ; 0.139 V                              ; 0.119 V                              ; 4.42e-10 s                  ; 4.33e-10 s                  ; No                         ; Yes                        ; 2.75 V                      ; 0.000213 V                  ; 2.79 V             ; -0.0324 V          ; 0.139 V                             ; 0.119 V                             ; 4.42e-10 s                 ; 4.33e-10 s                 ; No                        ; Yes                       ;
; HEX4[3] ; 2.5 V        ; 0 s                 ; 0 s                 ; 2.75 V                       ; 0.000213 V                   ; 2.79 V              ; -0.0324 V           ; 0.139 V                              ; 0.119 V                              ; 4.42e-10 s                  ; 4.33e-10 s                  ; No                         ; Yes                        ; 2.75 V                      ; 0.000213 V                  ; 2.79 V             ; -0.0324 V          ; 0.139 V                             ; 0.119 V                             ; 4.42e-10 s                 ; 4.33e-10 s                 ; No                        ; Yes                       ;
; HEX4[4] ; 2.5 V        ; 0 s                 ; 0 s                 ; 2.75 V                       ; 0.000247 V                   ; 2.85 V              ; -0.0711 V           ; 0.204 V                              ; 0.181 V                              ; 4.55e-10 s                  ; 4.49e-10 s                  ; No                         ; No                         ; 2.75 V                      ; 0.000247 V                  ; 2.85 V             ; -0.0711 V          ; 0.204 V                             ; 0.181 V                             ; 4.55e-10 s                 ; 4.49e-10 s                 ; No                        ; No                        ;
; HEX4[5] ; 2.5 V        ; 0 s                 ; 0 s                 ; 2.75 V                       ; 0.000247 V                   ; 2.85 V              ; -0.0711 V           ; 0.204 V                              ; 0.181 V                              ; 4.55e-10 s                  ; 4.49e-10 s                  ; No                         ; No                         ; 2.75 V                      ; 0.000247 V                  ; 2.85 V             ; -0.0711 V          ; 0.204 V                             ; 0.181 V                             ; 4.55e-10 s                 ; 4.49e-10 s                 ; No                        ; No                        ;
; HEX4[6] ; 2.5 V        ; 0 s                 ; 0 s                 ; 2.75 V                       ; 0.000213 V                   ; 2.79 V              ; -0.0324 V           ; 0.139 V                              ; 0.119 V                              ; 4.42e-10 s                  ; 4.33e-10 s                  ; No                         ; Yes                        ; 2.75 V                      ; 0.000213 V                  ; 2.79 V             ; -0.0324 V          ; 0.139 V                             ; 0.119 V                             ; 4.42e-10 s                 ; 4.33e-10 s                 ; No                        ; Yes                       ;
; HEX5[0] ; 2.5 V        ; 0 s                 ; 0 s                 ; 2.75 V                       ; 0.000247 V                   ; 2.85 V              ; -0.0711 V           ; 0.204 V                              ; 0.181 V                              ; 4.55e-10 s                  ; 4.49e-10 s                  ; No                         ; No                         ; 2.75 V                      ; 0.000247 V                  ; 2.85 V             ; -0.0711 V          ; 0.204 V                             ; 0.181 V                             ; 4.55e-10 s                 ; 4.49e-10 s                 ; No                        ; No                        ;
; HEX5[1] ; 2.5 V        ; 0 s                 ; 0 s                 ; 2.75 V                       ; 0.000213 V                   ; 2.79 V              ; -0.0324 V           ; 0.139 V                              ; 0.119 V                              ; 4.42e-10 s                  ; 4.33e-10 s                  ; No                         ; Yes                        ; 2.75 V                      ; 0.000213 V                  ; 2.79 V             ; -0.0324 V          ; 0.139 V                             ; 0.119 V                             ; 4.42e-10 s                 ; 4.33e-10 s                 ; No                        ; Yes                       ;
; HEX5[2] ; 2.5 V        ; 0 s                 ; 0 s                 ; 2.75 V                       ; 0.000213 V                   ; 2.79 V              ; -0.0324 V           ; 0.139 V                              ; 0.119 V                              ; 4.42e-10 s                  ; 4.33e-10 s                  ; No                         ; Yes                        ; 2.75 V                      ; 0.000213 V                  ; 2.79 V             ; -0.0324 V          ; 0.139 V                             ; 0.119 V                             ; 4.42e-10 s                 ; 4.33e-10 s                 ; No                        ; Yes                       ;
; HEX5[3] ; 2.5 V        ; 0 s                 ; 0 s                 ; 2.75 V                       ; 0.000213 V                   ; 2.79 V              ; -0.0324 V           ; 0.139 V                              ; 0.119 V                              ; 4.42e-10 s                  ; 4.33e-10 s                  ; No                         ; Yes                        ; 2.75 V                      ; 0.000213 V                  ; 2.79 V             ; -0.0324 V          ; 0.139 V                             ; 0.119 V                             ; 4.42e-10 s                 ; 4.33e-10 s                 ; No                        ; Yes                       ;
; HEX5[4] ; 2.5 V        ; 0 s                 ; 0 s                 ; 2.75 V                       ; 0.000242 V                   ; 2.86 V              ; -0.0814 V           ; 0.36 V                               ; 0.156 V                              ; 3e-10 s                     ; 4.34e-10 s                  ; No                         ; No                         ; 2.75 V                      ; 0.000242 V                  ; 2.86 V             ; -0.0814 V          ; 0.36 V                              ; 0.156 V                             ; 3e-10 s                    ; 4.34e-10 s                 ; No                        ; No                        ;
; HEX5[5] ; 2.5 V        ; 0 s                 ; 0 s                 ; 2.75 V                       ; 0.000242 V                   ; 2.86 V              ; -0.0805 V           ; 0.358 V                              ; 0.156 V                              ; 3.01e-10 s                  ; 4.34e-10 s                  ; No                         ; No                         ; 2.75 V                      ; 0.000242 V                  ; 2.86 V             ; -0.0805 V          ; 0.358 V                             ; 0.156 V                             ; 3.01e-10 s                 ; 4.34e-10 s                 ; No                        ; No                        ;
; HEX5[6] ; 2.5 V        ; 0 s                 ; 0 s                 ; 2.75 V                       ; 0.000247 V                   ; 2.85 V              ; -0.0711 V           ; 0.204 V                              ; 0.181 V                              ; 4.55e-10 s                  ; 4.49e-10 s                  ; No                         ; No                         ; 2.75 V                      ; 0.000247 V                  ; 2.85 V             ; -0.0711 V          ; 0.204 V                             ; 0.181 V                             ; 4.55e-10 s                 ; 4.49e-10 s                 ; No                        ; No                        ;
+---------+--------------+---------------------+---------------------+------------------------------+------------------------------+---------------------+---------------------+--------------------------------------+--------------------------------------+-----------------------------+-----------------------------+----------------------------+----------------------------+-----------------------------+-----------------------------+--------------------+--------------------+-------------------------------------+-------------------------------------+----------------------------+----------------------------+---------------------------+---------------------------+


-------------------
; Clock Transfers ;
-------------------
Nothing to report.


---------------
; Report TCCS ;
---------------
No dedicated SERDES Transmitter circuitry present in device or used in design


---------------
; Report RSKM ;
---------------
No non-DPA dedicated SERDES Receiver circuitry present in device or used in design


+------------------------------------------------+
; Unconstrained Paths                            ;
+---------------------------------+-------+------+
; Property                        ; Setup ; Hold ;
+---------------------------------+-------+------+
; Illegal Clocks                  ; 0     ; 0    ;
; Unconstrained Clocks            ; 0     ; 0    ;
; Unconstrained Input Ports       ; 4     ; 4    ;
; Unconstrained Input Port Paths  ; 50    ; 50   ;
; Unconstrained Output Ports      ; 16    ; 16   ;
; Unconstrained Output Port Paths ; 50    ; 50   ;
+---------------------------------+-------+------+


+------------------------------------+
; TimeQuest Timing Analyzer Messages ;
+------------------------------------+
Info: *******************************************************************
Info: Running Quartus II 64-Bit TimeQuest Timing Analyzer
    Info: Version 13.1.0 Build 162 10/23/2013 SJ Web Edition
    Info: Processing started: Sat Sep 19 20:04:48 2026
Info: Command: quartus_sta Ejercicio_12 -c Ejercicio_12
Info: qsta_default_script.tcl version: #1
Warning (20028): Parallel compilation is not licensed and has been disabled
Info (21077): Low junction temperature is 0 degrees C
Info (21077): High junction temperature is 85 degrees C
Critical Warning (332012): Synopsys Design Constraints File file not found: 'Ejercicio_12.sdc'. A Synopsys Design Constraints File is required by the TimeQuest Timing Analyzer to get proper timing constraints. Without it, the Compiler will not properly optimize the design.
Info (332142): No user constrained base clocks found in the design. Calling "derive_clocks -period 1.0"
Info (332096): The command derive_clocks did not find any clocks to derive.  No clocks were created or changed.
Warning (332068): No clocks defined in design.
Info (332143): No user constrained clock uncertainty found in the design. Calling "derive_clock_uncertainty"
Info (332154): The derive_clock_uncertainty command did not apply clock uncertainty to any clock-to-clock transfers.
Info: Found TIMEQUEST_REPORT_SCRIPT_INCLUDE_DEFAULT_ANALYSIS = ON
Info (332159): No clocks to report
Info: Analyzing Slow 1100mV 85C Model
Info (332140): No fmax paths to report
Info (332140): No Setup paths to report
Info (332140): No Hold paths to report
Info (332140): No Recovery paths to report
Info (332140): No Removal paths to report
Info (332140): No Minimum Pulse Width paths to report
Info: Analyzing Slow 1100mV 0C Model
Info (334003): Started post-fitting delay annotation
Info (334004): Delay annotation completed successfully
Info (332142): No user constrained base clocks found in the design. Calling "derive_clocks -period 1.0"
Info (332096): The command derive_clocks did not find any clocks to derive.  No clocks were created or changed.
Warning (332068): No clocks defined in design.
Info (332154): The derive_clock_uncertainty command did not apply clock uncertainty to any clock-to-clock transfers.
Info (332140): No fmax paths to report
Info (332140): No Setup paths to report
Info (332140): No Hold paths to report
Info (332140): No Recovery paths to report
Info (332140): No Removal paths to report
Info (332140): No Minimum Pulse Width paths to report
Info: Analyzing Fast 1100mV 85C Model
Info (334003): Started post-fitting delay annotation
Info (334004): Delay annotation completed successfully
Info (332142): No user constrained base clocks found in the design. Calling "derive_clocks -period 1.0"
Info (332096): The command derive_clocks did not find any clocks to derive.  No clocks were created or changed.
Warning (332068): No clocks defined in design.
Info (332154): The derive_clock_uncertainty command did not apply clock uncertainty to any clock-to-clock transfers.
Info (332140): No Setup paths to report
Info (332140): No Hold paths to report
Info (332140): No Recovery paths to report
Info (332140): No Removal paths to report
Info (332140): No Minimum Pulse Width paths to report
Info: Analyzing Fast 1100mV 0C Model
Info (332142): No user constrained base clocks found in the design. Calling "derive_clocks -period 1.0"
Info (332096): The command derive_clocks did not find any clocks to derive.  No clocks were created or changed.
Warning (332068): No clocks defined in design.
Info (332154): The derive_clock_uncertainty command did not apply clock uncertainty to any clock-to-clock transfers.
Info (332140): No Setup paths to report
Info (332140): No Hold paths to report
Info (332140): No Recovery paths to report
Info (332140): No Removal paths to report
Info (332140): No Minimum Pulse Width paths to report
Info (332102): Design is not fully constrained for setup requirements
Info (332102): Design is not fully constrained for hold requirements
Info: Quartus II 64-Bit TimeQuest Timing Analyzer was successful. 0 errors, 6 warnings
    Info: Peak virtual memory: 4868 megabytes
    Info: Processing ended: Sat Sep 19 20:04:52 2026
    Info: Elapsed time: 00:00:04
    Info: Total CPU time (on all processors): 00:00:05


